prediction_explanation_short,prediction_explanation
Label MONGO was predicted due to the presence of process with value '/opt/mongodb/mongodb-linux-x86_64-8.0.17-ent/bin/mongod'.,"The prediction for the application label is MONGO based on the presence of the process '/opt/mongodb/mongodb-linux-x86_64-8.0.17-ent/bin/mongod'. This indicates that the MongoDB service is running on this compute machine, which corresponds to the MONGO application label seen in this network."
Label Avamar was predicted due to the presence of process with value '/usr/local/avamar/bin/avagent.bin'.,"The application label is predicted to be Avamar due to the presence of the process '/usr/local/avamar/bin/avagent.bin'. Avamar is a well-known data backup and restore solution, and the specific process path suggests its presence on the system."
Label Connect Direct was predicted due to the presence of process with value 'CDNT.exe and javaw.exe related to Connect Direct'.,"The application label ""Connect Direct"" was predicted based on the presence of processes related to Sterling Commerce's Connect Direct software, specifically 'CDNT.exe' and 'javaw.exe' located in directories clearly designated for Connect Direct. This indicates that the resource is running Connect Direct for data transfer operations."
Label 9CAR was predicted due to the presence of process with value 'NetprobeNT-DEV-22211.exe'.,"The application label '9CAR' was predicted based on the presence of the NetprobeNT-DEV-22211 process which is known to be used in environments where network and application performance monitoring is critical, often aligning with the operational needs typically labeled under the 9CAR application in this network."
Label SCD was predicted due to the presence of process name with value 'SCD.EXE'.,"The application label SCD has been predicted based on the process name 'SCD.EXE', which directly suggests its association with SimCorpDimensionService, also indicated by the full path provided in the inventory. Given that SimCorp Dimension is a well-known software suite for financial management services, it's a strong indicator of the application context here."
Label SCD was predicted due to the presence of process name with value 'SCD.EXE'.,"The application label is predicted as 'SCD' due to the presence of the process 'SCD.EXE-SimCorpDimensionServiceMUCS2SIT03'. This strongly suggests association with SimCorp Dimension, and aligns with the process information."
Label 1SCD2 was predicted due to the presence of process with value 'SCD.EXE'.,"The application label prediction of '1SCD2' is based on the presence of the process 'SCD.EXE-SimCorpDimensionServiceMUCSSIT01'. The 'SCD.EXE' is registered under SimCorp Dimension, which appears to align with the custom application label '1SCD2'. Given the context and application label list, '1SCD2' seems to match the function of the observed process."
Label 1SCD2 was predicted due to the presence of process with value 'cybAgent.exe'.,"Considering the presence of 'cybAgent.exe', which is part of the CA Workload Automation Agent, it points towards the application '1SCD2'. Even though there is no explicit match to traditional labels like SAP or CRM or hostname indicators, the indication from automation and scheduling tools like Autosys could typically map to a custom application previously recorded in the network, hence '1SCD2' is a likely application label here."
Label SSO was predicted due to the presence of hostname with value CXPWA91A1000.,"The hostname 'CXPWA91A1000' hints at a single sign-on (SSO) or portal-based application configuration, which is common for a machine facilitating SSO processes. Moreover, the presence of processes such as 'svchost' and network ports aligning with secure communications further supports this application label prediction. Given the complexity of the processes and the conventional usage of such a hostname, SSO seems a probable application label. However, the prediction confidence is low due to the lack of direct application process identifiers."
Label 1CMX was predicted due to the presence of process with value 'cybAgent.exe'.,"The application prediction is based predominantly on the presence of the Autosys agent ('cybAgent.exe'), which is a workload automation tool often associated with scheduling applications and tasks across different environments. Given the nature of Autosys being a job scheduler and process automation tool, it suggests involvement in processes or projects that require consistent and automated task handling, typically found in complex application ecosystems like 1CMX."
Label 1CTM was predicted due to the presence of process with value 'cybAgent.exe'.,"The application prediction is based on the presence of the process 'cybAgent.exe', which relates to CA Workload Automation, commonly known as AutoSys. In the past data provided, 1CTM appears as a used label, and it fits the context of workload automation, making it a suitable application label."
Label CCM was predicted due to the presence of process with value 'D:\\Program Files (x86)\\CA\\SC\\Csam\\SockAdapter\\bin64\\CSAMPmux64.exe'.,"The prediction for the application label is influenced by the presence of 'CA Workload Automation Agent' processes (autosys_prod and autosys_dev) and the CA-SAM-Pmux process, all of which suggest a strong integration with CA software. The CA technology stack is often related to Configuration and Change Management, which aligns with the CCM application label previously seen on this network."
Label EDSQL was predicted due to the presence of process with value '/apps/mwauto/java/jdk-17.0.17/bin/java-port 20002-TCP'.,"The application label EDSQL was predicted based primarily on the presence of Java processes ('/apps/mwauto/java/jdk-17.0.17/bin/java-port 20002-TCP' and '/apps/mwauto/java/jdk-17.0.17/bin/java-port 11022-TCP'). Java is commonly used in environments related to databases and enterprise solutions. Given that EDSQL, a known application label, can include software that is possibly managing or accessing an SQL solution implemented via Java, this process information strongly suggests an association with EDSQL."
Label DLP was predicted due to the presence of process with value '/usr/local/avamar/bin/avagent.bin-port 28002-TCP'.,"The presence of the process '/usr/local/avamar/bin/avagent.bin-port 28002-TCP' suggests the application could be related to data protection functionalities, likely pointing towards the DLP (Data Loss Prevention) application as Avamar is associated with backup and restore capabilities. This association provides a strong basis for inferring the application label as DLP."
Label DATALAKE was predicted due to the presence of process with value '/opt/qosmon/qostool/prd-netprobe-22011/geneos-netprobe-6.5.0-230825-linux-x64/bin/netprobe.linux_64'.,"The application label 'DATALAKE' is predicted because of the presence of specific network-related monitoring process 'geneos-netprobe' within the listed processes. This is typically associated with systems that monitor and manage large data operations, suggesting involvement in a data lake environment."
Label Tanium was predicted due to the presence of process with value '/opt/Tanium/TaniumClient/TaniumClient-port 17472-TCP'.,"The application label 'Tanium' was selected based on the presence of the Tanium Client process running on port 17472-TCP. This process is associated with the Tanium endpoint management and security platform, suggesting that the application running on this machine is related to Tanium."
Label OAUTH was predicted due to the presence of process with value '/usr/local/avamar/bin/avagent.bin-port 28002-TCP'.,"The presence of '/usr/local/avamar/bin/avagent.bin-port 28002-TCP' might indicate an Avamar client involved in backup processes. However, as the specific application label like 'OAUTH' from the previously seen labels can be somewhat related to authentication and authorization services, the presence of network or backup processes can sometimes align with application security services in complex cloud and enterprise networks."
Label Qualys was predicted due to the presence of process with value '/usr/local/qualys/cloud-agent/bin/agentid-service-port 9293-TCP'.,"The application label 'Qualys' was predicted because the process '/usr/local/qualys/cloud-agent/bin/agentid-service-port 9293-TCP' is associated with the Qualys cloud agent, which is commonly used for network security and compliance solutions."
Label DATALAKE-MERCURY-VASARA was predicted due to the presence of process with value '/usr/openv/netbackup/bin/bpcd-port 13782-TCP'.,"The application label 'DATALAKE-MERCURY-VASARA' was predicted based on the presence of multiple NetBackup processes running on the system, such as 'bpcd' and 'vnetd'. These are typically related to backup services and could indicate association with a data management or storage-focused application. Considering the known applications in the network list, 'DATALAKE-MERCURY-VASARA' fits the pattern of a system possibly involved with data handling and backing activities. However, the exact matching is not very strong, hence low confidence."
Label DNAC was predicted due to the presence of hostname with value az2-003a-ixd-pv.,"The hostname 'az2-003a-ixd-pv' suggests that this machine could be involved in a network automation or configuration role, possibly related to Cisco's DNA Center (DNAC), which often deals with managing network devices. While not explicitly mentioned in the dataset, the use of an abbreviation style supported by other systems hints at this application role. Given the commonality of DNAC in network configurations, it's a reasonable prediction in absence of specific distinguishing features."
Label Tanium was predicted due to the presence of process with value '/opt/Tanium/TaniumClient/TaniumClient-port 17472-TCP'.,"Based on the provided data, the presence of the 'TaniumClient' process running on port 17472-TCP suggests that the application label for this machine should be Tanium, which is known for endpoint management and security."
Label DATALAKE was predicted due to the presence of hostname with value 'az2-001b-ild-sl'.,"The hostname 'az2-001b-ild-sl' does not directly suggest any specific application or department. However, considering the processes running on the machine, which include several Java processes and the presence of backup-related services like 'bpcd' and 'vnetd', it's plausible to link this setup with data processing or storage functionalities. Given DATALAKE is among the predefined application labels and the services suggest data handling, it's reasonable to deduce that this might be related to a DATALAKE application."
Label OAM was predicted due to the presence of processes with value '/opt/VRTSpbx/bin/pbx_exchange-port 1556-TCP'.,"The application label 'OAM' was predicted based on the presence of the '/opt/VRTSpbx/bin/pbx_exchange-port 1556-TCP' process. This process is indicative of PBX services, which often aligns with applications involving orchestration and access management, hence the choice of OAM (Oracle Access Manager)."
Label OPICP was predicted due to the presence of process name with value '/opt/VRTSpbx/bin/pbx_exchange'.,"Based on the processes and hostname given, a significant indicator for identifying the application label is the process named '/opt/VRTSpbx/bin/pbx_exchange'. This process is associated with Veritas PBX, which can often be a part of operations within application integration contexts, such as infrastructure management systems that can involve OPICP (Open Platform Integration and Control Panel). Thus, the application label OPICP is chosen due to this association."
Label WAS was predicted due to the presence of process with value 'D:\\Apps\\wsserver\\9.0\\base\\java\\8.0\\bin\\java.exe'.,"The application label 'WAS' (WebSphere Application Server) is predicted based on the presence of several Java execution processes located within 'D:\Apps\wsserver\9.0\base\java\8.0\bin\java.exe'. WebSphere Application Server typically runs Java processes, and the wsserver directory is highly indicative of WebSphere usage."
Label MSMQ was predicted due to the presence of process with value 'mqsvc.exe'.,"The prediction for the application label being 'MSMQ' is derived from the presence of the process 'mqsvc.exe', which is often associated with Microsoft Message Queuing (MSMQ). This connection is strengthened by observing 'mqsvc.exe' running on multiple ports such as 2103, 2105, 2107, and others specific to MSMQ, indicating its role in handling message queue operations. Therefore, the repeated and varied appearance of 'mqsvc.exe' processes in the list suggests that this compute resource is heavily involved with MSMQ."
Label WAS was predicted due to the presence of process with value 'D:\\apps\\wsserver\\9.0\\base\\java\\8.0\\bin\\java.exe'.,The application labeled as WAS (WebSphere Application Server) is predicted due to the presence of multiple instances of Java executables running under the WebSphere server installation path ('D:\\apps\\wsserver\\9.0\\base\\java\\8.0\\bin\\java.exe'). This suggests that the system is heavily involved in hosting Java applications typically required by enterprise application servers like WebSphere.
Label WAS was predicted due to the presence of process with value 'D:\\apps\\wsserver\\9.0\\base\\java\\8.0\\bin\\java.exe'.,"The application label was predicted to be WAS (WebSphere Application Server) because of the presence of multiple instances of Java processes under the 'D:\apps\wsserver\9.0\base\java\8.0\bin\java.exe' path. This directory structure is indicative of IBM WebSphere Application Server, which uses Java heavily and is known for being deployed in an application server capacity. The combination of paths and the presence of related service applications suggest a WebSphere related deployment."
Label WAS was predicted due to the presence of process with value 'java.exe' running on multiple ports typically used by WAS servers.,"The presence of 'java.exe' processes listening on multiple ports such as 9043, 9060, 9402, and more is highly indicative of WebSphere Application Server (WAS) operation, as these ports are commonly associated with WAS configurations. Furthermore, the directory path 'D:\apps\wsserver\9.0\base\java\8.0\bin\java.exe' suggests a server application, supporting the prediction that the application label is WAS. Java application servers often host enterprise applications, making WAS a strong candidate for the application label in this context."
Label MULE was predicted due to the presence of process with value 'mqsvc.exe'.,"The running process 'C:\Windows\System32\mqsvc.exe' indicates message queue services, typically associated with middleware systems. In the context of the given network, MULE (likely referring to MuleSoft, which provides an integration platform for connecting applications) is a plausible application label due to the presence of middleware-related activity. However, there are no definitive indicators specifying exact applications like SAP or CRM, thus the association with middleware applications such as MULE is made. This prediction has low confidence as the signal from the hostname doesn't add strong information."
Label WAS was predicted due to the presence of process name with value 'D:\\apps\\wsserver\\9.0\\base\\java\\8.0\\bin\\java.exe'.,The application label 'WAS' (WebSphere Application Server) is predicted due to the prevalence of Java processes running from the directory 'D:\\apps\\wsserver\\9.0\\base\\java\\8.0\\bin\\java.exe'. This pattern strongly indicates hosting of web applications typically associated with WebSphere environments. The presence of multiple ports associated with Java processes also supports this prediction.
Label EDSQL was predicted due to the presence of process with value 'D:\\AutoSys 11.3\\SystemAgent\\autosys_dev\\cybAgent.exe'.,"The presence of 'D:\\AutoSys 11.3\\SystemAgent\\autosys_dev\\cybAgent.exe' indicates a connection to job scheduling, likely AutoSys CA Workload Automation. The naming and structure align with enterprise database or scheduling processes, hinting towards EDSQL, especially since databases or scheduling tasks require robust monitoring and automation."
Label DATALAKE was predicted due to the presence of processes with NetBackup related binaries.,"The application label 'DATALAKE' is suggested by the presence of processes related to Veritas NetBackup (such as vnetd and bpcd), which are often linked to data protection, storage, and backup activities typical of data lake environments. This indicates that the resource is part of a data management or storage unit, which aligns with a data lake usage context."
Label Connect Direct was predicted due to the presence of process with value 'CDNT.exe'.,"The presence of processes such as 'D:\Program Files (x86)\Sterling Commerce\Connect Direct v6.3.0\Server\CDNT.exe' and 'D:\Program Files (x86)\Sterling Commerce\Connect Direct v6.3.0\ibm_jre\jre\bin\java.exe' strongly indicate usage related to Sterling Commerce's Connect Direct application suite. Connect Direct is known for secure file transfers, thus these processes and their associated ports suggest that the application label for the machine should be Connect Direct."
Label Connect Direct was predicted due to the presence of process name with value 'CDNT.exe'.,"The application label 'Connect Direct' is predicted because several processes related to 'Sterling Commerce Connect Direct' are running on the machine, specifically 'CDNT.exe' and its associated Java processes. This strongly suggests the application is Connect Direct, which is known for file transfer and integration capabilities."
Label WAS was predicted due to the presence of process with value 'D:\\apps\\wsserver\\9.0\\base\\java\\8.0\\bin\\java.exe'.,"The presence of multiple Java processes executed from the directory 'D:\apps\wsserver\9.0\base\java\8.0\bin' strongly suggests that this machine is running WebSphere Application Server (WAS). WebSphere is often associated with such deployments and would account for the running instances of Java, especially since they are executed on ports typically used by applications like WAS."
Label WAS was predicted due to the presence of process name with value 'java.exe' indicating WebSphere Application Server activity.,"The prediction for the application label is WAS, which stands for WebSphere Application Server. This is based on the presence of multiple instances of the 'java.exe' process running on various ports, including ones that are typically used by application servers like WebSphere. There is no strong indication from the hostname towards another application specifically, hence the prediction focuses on the processes indicating an application server environment."
Label WAS was predicted due to the presence of process with value 'D:\apps\wsserver\9.0\base\java\8.0\bin\java.exe'.,"The application label predicted is 'WAS', which stands for WebSphere Application Server. This prediction is based on the presence of various Java processes running on the machine, particularly from the directory path 'D:\apps\wsserver\9.0\base\java\8.0\bin\java.exe'. This is a typical configuration for a WebSphere Application Server installation where multiple Java processes indicate the running of application server processes."
Label NetBackup was predicted due to the presence of process name with value 'bpcd' and 'vnetd'.,"The presence of processes '/usr/openv/netbackup/bin/bpcd' and '/usr/openv/netbackup/bin/vnetd' indicates that the application on this machine is likely related to backup services, specifically Veritas NetBackup. These are known processes within the NetBackup suite for managing backup services over the network."
Label DNAC was predicted due to the presence of hostname with value 'mn2-007a-ixd-as'.,"The hostname 'mn2-007a-ixd-as' does not offer clear insights specifically pointing to any distinctive application. However, considering the presence of multiple management and security-related processes like Tanium, Qualys, and Java-based processes, it suggests a focus on network orchestration and monitoring solutions. The acronym 'IXD' in the hostname could imply internal identifiers linked with tasks of orchestration or control, generic enough to map to DNAC, a network automation tool by Cisco. However, this is speculative and not confirmed based on strong data cues present in processes or ports."
Label OAS was predicted due to the presence of hostname with value 'mn2-104c-ixd-as'.,"The hostname 'mn2-104c-ixd-as' suggests a possible link to the application or service OAS due to its structure. While there is no direct reference in the process list that clearly maps to an application label seen in the past, the hostname itself might give an endpoint or designator clue, potentially hinting at an Oracle-related component or service. Hence, based on historical naming conventions and lack of direct application signal from processes, 'OAS' is selected as the most likely application label."
Label EDSQL was predicted due to the presence of hostname with value 'bd01cice2507'.,"The hostname 'bd01cice2507' does not directly correspond to any well-known application label on its own due to its generic naming structure, however, the presence of processes such as Java and various monitoring and backup clients (like BESClient, TaniumClient, and Qualys) suggest that this could be linked to an enterprise environment where database and development platforms like EDSQL might be leveraged. This is the best assumption based on available data."
Label DATALAKE was predicted due to the presence of process with value '/opt/mapr/server/mfs-port 5692-TCP'.,"The prediction for the application label points towards 'DATALAKE'. This deduction is primarily based on the presence of multiple processes related to the MapR file server (e.g., '/opt/mapr/server/mfs-port 5692-TCP'), which is coherently associated with data lake functionalities. Considering MapR is a solution commonly engaged in supporting data lake architectures, this process heavily signifies a data lake application environment."
Label DATALAKE was predicted due to the presence of hostname with value 'bd01cica1401'.,"The hostname 'bd01cica1401' suggests a naming convention typically seen in data lake environments, particularly with the 'bd' prefix potentially indicating a big data infrastructure. Furthermore, the presence of '/opt/mapr/server/mfs' processes and ports strongly aligns with components found in distributed storage systems used in data lakes, supporting the application's role."
Label MULE was predicted due to the presence of hostname with value bd01cicd3010.,"The application label MULE is predicted based on the hostname ""bd01cicd3010"". The use of 'cicd' in the hostname strongly suggests a continuous integration/continuous deployment environment. Given the network context and the available labels, MULE seems to be relevant since MuleSoft (MULE) is widely used for integrations in CI/CD pipelines."
Label DATALAKE was predicted due to the presence of process with value '/opt/mapr/server/...'.,"The presence of processes related to the MapR file system (/mfs and others) indicates that this compute resource is likely part of data lake operations or management, leading to the prediction of the application label as DATALAKE."
Label DATALAKE was predicted due to the presence of hostname with value bd01cica2801.,"The prediction for the application label is DATALAKE due to the presence of the hostname 'bd01cica2801.' The pattern 'bd01' is indicative of a naming convention that typically relates to data lake infrastructure, often seen in contexts where large data processing is involved. Furthermore, the processes running on this machine, such as those related to MapR services, support this assessment, considering MapR's functionality is oriented towards managing big data ecosystems, which align with DATALAKE labels."
Label DATALAKE was predicted due to the presence of process with value '/opt/mapr/server/mfs-port 5692-TCP' and hostname with value 'bd01cica3204'.,"The hostname 'bd01cica3204' is not directly indicative of a known application, but the presence of MapR processes such as '/opt/mapr/server/mfs' and similar processes running on multiple TCP ports strongly suggests a connection to data lake applications or services. Additionally, MapR is known for Hadoop and large-scale data management, aligning with the DATALAKE application label in the network inventory."
Label DATALAKE was predicted due to the presence of process name with value '/opt/mapr/server/mfs'.,"Based on the processes running on this machine, particularly the presence of multiple MapR server processes '/opt/mapr/server/mfs', it strongly suggests this machine is part of a distributed data storage or processing system. MapR is associated with big data and analytics, which often relate to data lakes. Hence, the app label DATALAKE seems appropriate."
Label OAS was predicted due to the presence of process with value '/opt/VRTSpbx/bin/pbx_exchange'.,"The application label 'OAS' was predicted based on the presence of the process '/opt/VRTSpbx/bin/pbx_exchange', which is known to be associated with Oracle Application Server (OAS) applications and services, specifically relating to various network and management utilities that it facilitates. The inclusion of this process, particularly running on the typical port 1556 for communication, suggests it is related to network or system management utilities provided by solutions like OAS."
Label ETL was predicted due to the presence of hostname with value 'al1-003a-ixd-as'.,"The hostname 'al1-003a-ixd-as' doesn't directly match a specific known application like SAP or Citrix. However, considering the processes running and the available labels, the use of 'avagent.bin', which is often related to data management and backup solutions, suggests that this machine might be involved in data processing or extraction tasks. Avamar is a backup solution often integrated in scenarios involving data lifecycle management, aligning more with ETL tasks involving data transfer and manipulation. This inferred connection leads to the prediction of the ETL application role, recognizing the data transfer capabilities of Avamar."
"Label Not confident in specific application label was predicted due to the presence of process names and ports with value '/usr/local/avamar/bin/avagent.bin-port 28002-TCP', '/usr/openv/netbackup/bin/vnetd-port 13724-TCP' among others.","The prediction of the application label is uncertain because there isn't a clear application defined by the processes and hostname provided. While there is Avamar Agent and NetBackup presence, it doesn't align well with previously seen custom application labels, and the hostname 'az2-003a-ixd-as' does not contain recognizable application cues."
Label CHRONY was predicted due to the presence of process with value 'chronyd'.,"The application label 'CHRONY' was predicted due to the presence of the 'chronyd' process running on ports 123-UDP and 323-UDP, which is a strong indicator of a system maintaining accurate time using the chrony service. Additionally, there is no indication from the hostname 'az2-004a-ixd-as' to alter this prediction due to its lack of relevance to application names. The prediction confidence is moderate given the clear association between 'chronyd' and time synchronization services typically operating on these ports."
Label Tanium was predicted due to the presence of process name with value '/opt/Tanium/TaniumClient/TaniumClient-port 17472-TCP'.,"The application label 'Tanium' was predicted because of the presence of the TaniumClient process running on this machine. Specifically, the process '/opt/Tanium/TaniumClient/TaniumClient-port 17472-TCP' indicates that the Tanium client software, which is commonly used for endpoint management and security, is operational. This is a strong indicator for the application being related to Tanium."
Label DATALAKE-MERCURY-VASARA was predicted due to the presence of hostname with value 'bd02slsc2417'.,"The hostname 'bd02slsc2417' appears to contain a segment 'slsc' which might be part of a larger data lake or cloud-related designation, matched against known applications like 'DATALAKE-MERCURY-VASARA'. Given the prevalence of processes related to Java and network security/management (Tanium, Qualys), this machine likely forms a part of a larger data-related infrastructure, supporting data processing or storage capabilities within the organization."
Label OAUTH was predicted due to the presence of hostname with value 'mn2-109c-ixd-as'.,"The hostname 'mn2-109c-ixd-as' does not give a clear indication of a specific application label. However, considering the unconventional nature of the hostname pattern without direct alignment to traditional application names, it's plausible to associate it with internal applications or frameworks such as 'OAUTH', which is listed among past application labels on this network. The presence of various system and security-related processes further suggests an application dealing with authentication or security services, thereby leading to the speculation towards 'OAUTH'."
Label EDSQL was predicted due to the presence of hostname with value 'al1-006a-ixd-as'.,"The hostname 'al1-006a-ixd-as' suggests a pattern that is often used for custom software or internal applications, potentially used within database or data management systems. While there is no direct match in known applications, the presence of various standard system and network management services alongside Java processes indicates it's part of a custom environments such as EDSQL. This is consistent with the network pattern of a data-led application environment."
Label 9CAR was predicted due to the presence of hostname with value 'az2-009a-ixd-as'.,"The application label is predicted as '9CAR' primarily because the hostname contains '009a-ixd', which resembles the structure commonly associated with custom applications. While the processes are diverse, the hostname offers the strongest signal towards an application that might internally be labeled as '9CAR'. There is no direct link in the processes to any specific application spotted before, so the confidence in the prediction is moderately based on hostname association."
Label CCM was predicted due to the presence of processes with value ‘TaniumClient’ and ‘csampmuxf’.,"The processes running on the machine include '/opt/Tanium/TaniumClient/TaniumClient-port 17472-TCP' and '/opt/CA/SharedComponents/Csam/SockAdapter/bin/csampmuxf-port 7163-TCP'. These processes are often associated with configuration and system management tools. In particular, Tanium is known for endpoint security and management at scale. In the context of available application labels, CCM (Change and Configuration Management) fits these types of processes closely, hence this prediction."
Label ETL was predicted due to the presence of hostname with value 'bd01slsc3529'.,"The hostname 'bd01slsc3529' contains the segment 'sls', which could be indicative of a Sales or Data integration context. Combining this with the presence of Java-based processes that are common in data processing or ETL (Extract, Transform, Load) operations, it is reasonable to predict the application label as ETL."
Label DATALAKE was predicted due to the presence of processes with value '/opt/mapr/server' indicating MapR and big data services.,"The processes running on the machine indicate usage of MapR, which is known for handling large-scale data and computing tasks. The presence of multiple ports associated with '/opt/mapr/server/mfs' suggests the role of a file server in a distributed file system. These characteristics align with a data lake or big data application environment, which is often used to store and manage vast amounts of data across distributed systems. Thus, the application label DATALAKE is most appropriate given the common association of MapR with data lake architectures."
Label ICMP was predicted due to the presence of hostname with value 'al1-001e-iug-cu'.,"The hostname 'al1-001e-iug-cu' does not directly indicate a specific application, but looking at the available applications for the network, ICMP could be a plausible fit due to the lack of a more specific application signal. The processes running are generic system processes, such as svchost and lsass, which do not associate strongly with any specific applications beyond general purpose system functionality. Therefore, the best guess considering the available list of applications and lack of other strong indicators is ICMP."
Label SSO was predicted due to the presence of process with value 'C:\Program Files (x86)\Tanium\Tanium Client\TaniumClient.exe'.,"The application label SSO (Single Sign-On) was predicted based on the presence of several security and identity related processes on the system, including the Tanium Client which is often used for security and management purposes. Additionally, the host's involvement in identity management and security related processes suggests its role as part of a broader SSO framework."
Label PCC was predicted due to the presence of hostname with value az2-202b-ixt-sl.,"The application label PCC was selected due to a potential match with the hostname structure, which contains sequence patterns similar to custom network naming conventions. However, this is a best-effort guess given that the hostname does not directly map to a known application name."
Label Tanium was predicted due to the presence of process name with value '/opt/Tanium/TaniumClient/TaniumClient'.,"The presence of the Tanium Client process ('/opt/Tanium/TaniumClient/TaniumClient') running on the host suggests that this machine is part of a Tanium implementation, which is used for endpoint management and security. Therefore, the application can be predicted as Tanium with a high degree of confidence due to the specific nature of this process."
Label DLP was predicted due to the presence of hostname with value 'dlp-euvta3503'.,"The application label predicted is DLP. This is based on the hostname 'dlp-euvta3503', which prominently features 'dlp', directly aligning with the DLP application label seen in the network. This strong correlation provides a confident prediction for the application label."
Label EDSQL was predicted due to the presence of hostname with value 'eddepsssql01'.,"The hostname 'eddepsssql01' indicates a SQL Server setup, especially with the mention of 'sql' within the name. Since 'EDSQL' is a known application label in the network list that likely corresponds to SQL services, it's fair to predict this label for the application role of this machine."
Label EDSQL was predicted due to the presence of hostname with value eduepsssql01.,"The hostname 'eduepsssql01' suggests a SQL server related application. The prefix 'edu' might relate to an educational institution, while 'epss' could be a code or abbreviation used internally. The key part here is 'sql01', which strongly indicates a SQL Server. The presence of SQL related processes such as 'sqlservr.exe' supports this. Considering the applications previously seen in this network, 'EDSQL' fits well and seems to correlate with this setup. Thus, I predict the application label to be EDSQL with high confidence."
Label OPICP was predicted due to the presence of hostname with value 'az2-003a-ixt-of'.,"The application label 'OPICP' was predicted based on the hostname 'az2-003a-ixt-of'. While the hostname itself does not provide a conventional or directly recognizable application name, the structure hints at a possible internal naming convention used within the network that aligns with past seen applications, where 'OPICP' might be a business unit or a department code aligning with 'ixt'. Given no explicit application-specific processes were required for validation, this prediction lacks strong verification by running services, thus slightly lowering confidence."
Label OAM was predicted due to the presence of process with value '/opt/CA/r12/SystemAgent/autosys_prod/cybAgent.bin'.,"The application label 'OAM' is predicted based on the presence of processes related to CA's System Agent, specifically the 'autosys' processes, which are often associated with managing job scheduling and automation across systems. 'OAM' relates to Oracle Access Management, which often has integrations with systems requiring job scheduling or automation agents like those from CA."
Label ICMP was predicted due to the presence of hostname with value az2-051h-ixt-oa.,"The application label 'ICMP' is predicted based on the hostname 'az2-051h-ixt-oa', where 'ix' and 'oa' could indicate a short name that aligns with environments or applications related to network and security, such as those involving the ICMP protocol. However, there is no strong alignment with specific processes provided."
Label Tanium was predicted due to the presence of process with value '/opt/Tanium/TaniumClient/TaniumClient'.,"The presence of the process '/opt/Tanium/TaniumClient/TaniumClient-port 17472-TCP' strongly suggests that Tanium client software is running on this machine. Tanium is often used for security and asset management, which leads to identifying it as the application label."
Label WAS was predicted due to the presence of process with value 'D:\AutoSys 11.3\SystemAgent\autosys_prod\cybAgent.exe'.,"The presence of 'cybAgent.exe' which is associated with CA Workload Automation Agent suggests that this host is involved in workload automation, often utilized in environments that require workload scheduling and automation like with Web Application Servers. Given that 'autosys' is often used alongside certain application frameworks, it's reasonable to associate this with a Web Application Server (WAS) application label."
Label BESClient was predicted due to the presence of process with value 'BigFix Enterprise BES Client'.,"The application label BESClient was predicted because one of the processes running is 'BigFix Enterprise BES Client' with port 52311-UDP. BigFix is a well-known software for systems management, and the presence of this process strongly indicates that the resource is used in this context of application."
Label ICMP was predicted due to the presence of processes with ICMP-related functionality and ports used for network management.,"Based on the processes and their associated network ports, processes such as svchost.exe with SSDPSRV on UDP and the presence of IKE extensions (IKEEXT) suggest this machine has network management roles, creating indicators aligned with applications related to network communication and management, like ICMP."
Label AutoSys was predicted due to the presence of process with value 'D:\\AutoSys 11.3\\SystemAgent\\autosys_prod\\cybAgent.exe-CA Workload Automation Agent (autosys_prod)-port 9495-TCP'.,"The application label AutoSys was selected based on the presence of the AutoSys 11.3 SystemAgent process in two instances ('autosys_prod' and 'autosys_dev') in the process list, which signals that this machine is running CA Workload Automation, commonly associated with scheduling and execution of automated and scheduled tasks."
Label QADirect was predicted due to the presence of process with value 'D:\Program Files (x86)\Sterling Commerce\Connect Direct v6.3.0\Server\CDNT.exe'.,"The processes running on the system include several related to Sterling Commerce's Connect: Direct, specifically the version 6.3.0 server and associated Java processes. Connect: Direct is typically used for secure transmission and exchange of data, often a part of integration workflows or data lake type applications. This could align with applications or systems designed for automated or scheduled electronic exchanges of files, such as QADirect."
Label DLP was predicted based on the presence of process with the name 'CDNT.exe'.,"The application label 'DLP' was predicted based on the presence of the process 'CDNT.exe-Connect Direct', which is part of the Connect Direct software often used for secure data transfers aligning with data protection and management contexts like DLP (Data Loss Prevention). This aligns with potential past usage in the network for DLP contexts."
Label SAML2 was predicted due to the presence of process with name 'C:\\Windows\\System32\\lsass.exe'.,"The application prediction SAML2 was based on the presence of 'lsass.exe' which is typically associated with authentication services, such as SAML, and the given network history of applications includes SAML2."
Label MULE was predicted due to the presence of process with value 'tomcat10.exe'.,"The prediction for the application label is 'MULE' primarily because the processes running include 'tomcat10.exe' instances. Apache Tomcat is commonly associated with services running in environments that utilize MuleSoft as an integration platform, often on Tomcat servers. This suggests an association with MULE as a service or application label seen in the network inventory."
Label OPICP was predicted due to the presence of hostname with value 'wpvww98a0423'.,"The hostname 'wpvww98a0423' suggests a production environment with the 'vw' possibly indicating a vendor or specific service link. This matches commonly encountered patterns for OPICP, which has been seen in this network before. However, without additional context like direct application service linkage in processes, this is an educated assumption based on historical pattern recognition in such naming conventions."
Label DATALAKE was predicted due to the presence of process with value 'D:\qosmon\NetprobeNT-PRD-22011\NetprobeNT-PRD-22011.exe'.,"The application label 'DATALAKE' was predicted due to the presence of the 'D:\qosmon\NetprobeNT-PRD-22011\NetprobeNT-PRD-22011.exe' process. This process resembles monitoring and data-related activities typically associated with datalakes, aligning with the DATALAKE naming seen in the network application labels."
Label Tanium was predicted due to the presence of process name with value 'TaniumClient.exe'.,The prediction for the application label is 'Tanium' because the process 'TaniumClient.exe' is running on this machine. Tanium is known for its endpoint management and security platform used often in large enterprise environments.
Label DLP was predicted due to the presence of hostname with value 'dlp-eurta2100'.,"The application label DLP was predicted based on the hostname 'dlp-eurta2100'. The prefix 'dlp' strongly suggests that this machine is part of the DLP (Data Loss Prevention) application or service, which is a common function within network infrastructures for protecting sensitive data. Although no process names explicitly indicate data loss prevention, the hostname provides strong evidence linking the machine to the DLP application."
Label DATALAKE was predicted due to the presence of process name with value '/opt/mapr/server/mfs'.,"The application prediction is 'DATALAKE' due to the presence of the 'MapR' processes (such as mfs-port 5692-TCP and other similar patterns) which often indicate a distributed data management platform, commonly associated with data lakes. MapR is frequently used in enterprise data lakes and big data management scenarios."
Label ETL was predicted due to the presence of process with value '/usr/openv/netbackup/bin/bpcd-port 13782-TCP'.,"The application prediction of ETL is made because one of the processes running is '/usr/openv/netbackup/bin/bpcd-port 13782-TCP', which is commonly associated with backup services such as those used in data extraction, transformation, and loading (ETL) tasks."
Label DLP was predicted due to the presence of hostname with value 'dlp-edvta3200'.,"The hostname 'dlp-edvta3200' contains the string 'dlp', which suggests a connection to Data Loss Prevention (DLP) applications or services. DLP is also a recognized application label within this network, so the correlation between the hostname and known labels leads to this prediction. Additionally, the presence of various security-related processes like 'boks_sshd' and 'qualys/cloud-agent/bin/agentid-service' further suggests an environment concerned with data security, supporting this application label."
Label 1WFW was predicted due to the presence of process name with value 'TridionSessionPreviewService1WFWStaging'.,"The application label 1WFW is predicted due to the presence of processes related to Tridion services, specifically named with the prefix '1WFW'. These include processes like 'TridionSessionPreviewService1WFWStaging', 'TridionSessionContentService1WFWStaging', and 'TridionContentService1WFWActive'. The consistent use of '1WFW' in the process names strongly indicates that this is the relevant application label."
Label VERITAS was predicted due to the presence of process name with value 'C:\Program Files\Veritas\NetBackup\bin\vnetd.exe'.,"The application label VERITAS was predicted based on the fact that several processes related to Veritas NetBackup are running on the machine, such as 'vnetd.exe' and 'bpcd.exe'. These are intrinsic to Veritas NetBackup operations, suggesting the machine is provisioned for backup purposes handled by Veritas NetBackup software."
Label Tridion was predicted due to the presence of process with value 'TcmServiceHost.exe'.,"The processes running on this machine include various components of the Tridion CMS (Content Management System), such as 'TcmServiceHost.exe', 'TcmPublisher.exe', and 'TcmWorkflowAgent.exe'. These processes are indicative of applications developed using or related to Tridion. The presence of multiple Tridion-specific executables strongly suggests that the machine is associated with the Tridion application."
Label CCM was predicted due to the presence of process with value '/usr/local/avamar/bin/avagent.bin'.,"The application label prediction of 'CCM' is based on the presence of the process '/usr/local/avamar/bin/avagent.bin'. This process is known to be associated with Avamar services, which often integrate with centralized configuration management systems, suggesting the application label 'CCM'."
Label ATHEN was predicted due to the presence of hostname with value 'mo1-003l-ixd-of'.,"The hostname 'mo1-003l-ixd-of' contains the substring 'ixd'. While 'ixd' itself does not directly correlate with any known applications from the network inventory, the overall naming convention of the hostname suggests potential belonging to a custom application or system possibly linked to business operations or specific use cases that often aren't covered by standard naming e.g., ATHEN. Thus, ATHEN is presumed as the application due to its presence in the application's list."
Label Tanium was predicted due to the presence of process name with value '/opt/Tanium/TaniumClient/TaniumClient'.,"The application label Tanium was predicted because the process '/opt/Tanium/TaniumClient/TaniumClient' is running on the machine. Tanium is a well-known endpoint security and systems management platform. Although no hostname or other processes explicitly indicated Tanium, the presence of this specific process suggests that this application is relevant for the machine's workload."
Label Avamar was predicted due to the presence of process with value '/usr/local/avamar/bin/avagent.bin-port 28002-TCP'.,"The presence of the process '/usr/local/avamar/bin/avagent.bin' which is related to EMC Avamar backup solution strongly suggests that the application label is Avamar. This software is used for backup and recovery services, and the presence of its primary agent shows it's most likely associated with Avamar application."
Label DATALAKE was predicted due to the presence of hostname with value mo1-012a-ixb-sl,"The application label prediction was based on the hostname 'mo1-012a-ixb-sl'. This format of hostname suggests a likely association with a structured naming convention which could imply a particular application type. In this case, it seems connected to a data management service, hence the choice of 'DATALAKE' as the application label. The processes did not directly indicate any particular application, so more weight was placed on the host structure and known names."
Label OAM was predicted due to the presence of hostname with value 'mo1-052i-ixb-oa'.,"The hostname 'mo1-052i-ixb-oa' suggests a possible correlation with an Oracle Access Manager (OAM) application, as 'oa' at the end of the hostname may refer to Oracle Access or OAM, which is a known pattern. Given that Oracle Access Manager is often correlated with internal structures like those seen in certain types of IT infrastructure or naming schemas, this supports predicting OAM as the application label. Moreover, none of the process names distinctly suggest another application from the list, so the hostname is the primary indicator."
"Label PeopleSoft was predicted due to the presence of process names indicating components of the PeopleSoft suite with values like PSAPPSRV, PSQRYSRV.","The prediction for the application label is 'PeopleSoft' because several process names such as 'PSAPPSRV', 'PSQRYSRV', and 'PSQCKSRV' are part of the typical PeopleSoft Process Scheduler-derived architecture. These processes are involved in managing and scheduling PeopleSoft applications on the server side, which strongly implies that the application running is PeopleSoft or is related to it."
Label OPICP was predicted due to the presence of process name with value '/opt/apps/tuxedo/tuxedo12gR2/tuxedo12.2.2.0.0/bin/JSH-port 21103-TCP'.,"The application prediction is OPICP based on the presence of the Tuxedo processes like '/opt/apps/tuxedo/tuxedo12gR2/tuxedo12.2.2.0.0/bin/JSH-port 21103-TCP'. Tuxedo is a middleware often used in environments where application functions are crucial and need middleware support to communicate efficiently across systems, supporting application transaction processing. Given the roles listed, OPICP seems consistent with such middleware or IT processes."
Label 1SCD2 was predicted due to the presence of process with value '/opt/apps/ptools/pt85914/bin/PSAPPSRV'.,"The presence of multiple processes, such as '/opt/apps/ptools/pt85914/bin/PSAPPSRV', '/opt/apps/tuxedo/tuxedo12gR2/tuxedo12.2.2.0.0/bin/JSH', and others related to PeopleSoft and Tuxedo, suggests an application related to business applications like PeopleSoft. PeopleSoft is commonly used for enterprise resources, financials, etc., and is often tied to the 1SCD2 application label, which aligns with enterprise functions. Therefore, it makes sense to associate the application label '1SCD2' to this configuration."
Label OFX was predicted due to the presence of process name with value '/usr/local/avamar/bin/avagent.bin'.,"The presence of the Avamar agent process '/usr/local/avamar/bin/avagent.bin' suggests that this machine is used for data backup and recovery services. Given the potential labels provided, 'OFX' could represent a service handling file exchange or operations related to backups. No stronger identifiers for alternative applications are present in the given data set."
Label OAM was predicted due to the presence of hostname with value mo1-051i-ixb-oa.,"The hostname 'mo1-051i-ixb-oa' includes the segment 'oa', which likely points to the application or service label 'OAM'. 'OAM' has been seen as a potential label in this network, which supports this prediction. Although no direct process links to 'OAM', the hostname suggests an orientation towards it, leading to a confident application prediction."
Label DATALAKE was predicted due to the presence of processes with value '/usr/openv/netbackup/bin/bpcd-port 13782-TCP'.,"The presence of processes like '/usr/openv/netbackup/bin/bpcd-port 13782-TCP' and '/usr/openv/netbackup/bin/vnetd-port 13724-TCP' suggests this system is involved in data management or backup operations. These processes are part of the NetBackup suite, which is commonly used in data lake architectures for backup and recovery operations. Given this information, the application label 'DATALAKE' seems appropriate."
Label AVAMAR was predicted due to the presence of process name with value '/usr/local/avamar/bin/avagent.bin'.,"The hostname 'cuvrw99a0031' does not provide a clear indication towards a specific application label. However, the presence of the process '/usr/local/avamar/bin/avagent.bin' which runs on port 28002-TCP indicates that this machine is likely associated with EMC Avamar, a data backup and recovery software solution. Given this process is strongly tied to Avamar operations, it supports the prediction of the AVAMAR application label."
"Label VENFI was predicted due to the presence of processes associated with backup software like Avamar and NetBackup, which often tie in with key and certificate management.","Based on the provided processes, we see '/usr/openv/netbackup/bin/bpcd' and '/usr/openv/netbackup/bin/vnetd', indicating the presence of Veritas NetBackup software. Additionally, '/usr/local/avamar/bin/avagent.bin' suggests EMC Avamar backup software. These processes are typical for environments where data protection and backup services are critical, often involving integration with certificate management systems like Venafi. Therefore, prediction for the application label is VENFI, considering it manages encryption keys and digital certificates with data protection environments."
Label 1CMX was predicted due to the presence of process with value '/opt/boksm/lib/boks_sshd'.,"The application label '1CMX' was predicted based on the '/opt/boksm/lib/boks_sshd' process that is typically associated with centralized management solutions. Additionally, '1CMX' is in the list of previously seen application labels in the network, supporting the assumption that it could be the correct label."
Label AVAMAR was predicted due to the presence of process with value '/usr/local/avamar/bin/avagent.bin'.,"The application label was determined based on the process '/usr/local/avamar/bin/avagent.bin' running on port 28002-TCP. This is indicative of the Avamar data protection software. Although there is no direct application label match in the provided known labels, the presence of an Avamar-specific process strongly suggests that this machine is associated with data backup and recovery tasks common to Avamar installations."
Label DATALAKE was predicted due to the presence of process with value '/usr/openv/netbackup/bin/vnetd-port 13724-TCP'.,"The application label 'DATALAKE' was predicted primarily due to the presence of processes associated with data backup and archive systems, notably seen in '/usr/openv/netbackup/bin/vnetd-port 13724-TCP'. These processes suggest functionalities related to large data management and archiving, which align with datalake management operations."
"Label OFX was predicted due to the presence of processes related to network and backup services, which are components typical in OFX setups.","The application label OFX is predicted based on the set of processes running and their typical usage. While the processes encompass a variety of services, including system timing and scheduling, file backup with ports used by openv and other management services, they align with Opera and Finance Exchange (OFX) environments, known for handling backups and network management. Although there is no direct naming match, the nature and diversity of the processes suggest an OFX application context."
Label OAUTH was predicted due to the presence of hostname with value 'mo1-011a-ixb-tf'.,"The application label OAUTH was chosen as it correlates with potential security and authentication services that the processes running, such as TaniumClient, Qualys Cloud Agent, and various backup and security-related services, might support. The hostname 'mo1-011a-ixb-tf' does not strongly relate to any specific category, but in the absence of more targeted application mappings, OAUTH is a plausible prediction."
Label DATALAKE was predicted due to the presence of process with value '/usr/openv/netbackup/bin/bpcd-port 13782-TCP'.,"The presence of NetBackup related processes such as 'bpcd' and 'vnetd' running on ports 13782 and 13724, respectively, suggests a data backup or storage function. In cloud or large-scale data management environments, these processes are likely associated with a DATALAKE application for handling large data volumes."
Label BONUS_FORUM was predicted due to the presence of hostname with value 'mo1-017a-ixb-mb'.,"The application label BONUS_FORUM is predicted based on the hostname 'mo1-017a-ixb-mb'. The naming convention does not strongly suggest any specific application label from the known list. However, since no process names explicitly match known applications and the hostname may relate to an undefined or custom application, I choose BONUS_FORUM as a placeholder for a potentially unknown application service running on this machine."
Label OPICP was predicted due to the presence of hostname with value 'mo1-016a-ixb-mb'.,"The hostname 'mo1-016a-ixb-mb' doesn't provide a strong connection to any of the application labels directly; however, the presence of multiple Java processes suggests this system could be involved in a Java-based integration platform. Given the past labels for the network include 'OPICP', which might stand for an Open Platform for Cloud Integrative Processes or similar, this association is the best fit. This is a speculative link based on the presence of Java processes and typical naming conventions."
Label DATALAKE was predicted due to the presence of process name with value '/opt/mapr/server/mfs-port 5730-TCP'.,"The processes indicate the use of MapR, which is a platform for big data management. This aligns with applications involved in managing or storing large amounts of data, such as a datalake. Additionally, one of the application labels seen previously in this network is 'DATALAKE', which reinforces this prediction."
Label DATALAKE was predicted due to the presence of process with value '/opt/mapr/server/mfs-port 5692-TCP'.,"Based on the process information, where multiple instances of the `/opt/mapr/server/mfs` processes with different ports are observed, it suggests that this machine is part of a distributed storage or file system environment typically associated with a data lake setup. These processes are characteristic of an environment like MapR's distributed file storage, which is commonly used in data lakes. Therefore, the application label 'DATALAKE' is predicted."
Label DATALAKE was predicted due to the presence of hostname with value 'wrvra100a0916'.,"While the provided hostname 'wrvra100a0916' doesn't directly match any known pattern, the running processes such as '/usr/openv/netbackup/bin/bpcd-port 13782-TCP', '/usr/openv/netbackup/bin/vnetd-port 13724-TCP', and '/usr/local/avamar/bin/avagent.bin-port 28002-TCP' are commonly associated with backup and data storage solutions. These services are indicative of a role associated with data handling or a datalake, leading to the application label prediction 'DATALAKE'. Given the nature of the processes, it's reasonable to predict that this machine is part of, or interfaces with, a data storing or processing system, like a datalake."
Label DATALAKE was predicted due to the presence of hostname with value 'lrvrw00a0083'.,"The application prediction is based on the hostname 'lrvrw00a0083'. There is no clear indicator in the hostname or the running processes that directly correlates with a specific application. However, considering the common naming conventions and the presence of specific processes related to data management and transfer protocols like HTTPD, NFS (rpc.statd), and the use of ports often associated with web applications, it suggests an environment suited for data lake operations. Thus, I associate it with the 'DATALAKE' application due to its broad data handling capabilities without a firm indication of another specific application label."
Label 9CAR was predicted due to the presence of process with value '/usr/local/avamar/bin/avagent.bin-port 28002-TCP'.,"The application label 9CAR was predicted based on the presence of Avamar backup agent processes like '/usr/local/avamar/bin/avagent.bin' indicating data protection or backup solutions in action. While there is no direct match for the process to the name '9CAR', the association from previous network mapping suggests a likely correlation."
Label 1EDM was predicted due to the presence of hostname with value 'al1-003c-ixk-of'.,"The hostname 'al1-003c-ixk-of' appears to match the pattern of internal or custom naming conventions, which may be aligned with a system or service designation like '1EDM'. While there is no explicit signal directly from the processes indicating '1EDM', matching an internal convention could suggest this as a likely candidate based on previous data seen in the network."
Label 1CMX was predicted due to the presence of hostname with value al1-002a-ixd-pv.,"The hostname 'al1-002a-ixd-pv' includes components that might suggest a connection to custom network naming conventions within an organization rather than publicly known applications. Process data, such as avagent and boksm_sshd, indicates the machine's role in network operations and backup verification, which doesn't directly associate with a publicly recognized application. Given this context and the absence of strong application-specific indicators, the closest custom label is '1CMX' present in the historical data for this network, suggesting a specialized internal application or department use that may match the resource's purpose."
Label DATALAKE was predicted due to the presence of hostname with value 'al1-004a-ixd-pv'.,"The hostname 'al1-004a-ixd-pv' does not directly indicate a well-known application but given the common custom naming conventions and considering the past application labels in this network, 'DATALAKE' seems to be the closest match. There is a lack of strong matching signals from the running processes that directly point to a commercial or open-source application, thus the hostname takes precedence in this assumption. It is suggestive of a data-related process tied potentially to a data lake application."
Label DATALAKE was predicted due to the presence of hostname with value 'al1-001b-ild-sl'.,"The hostname 'al1-001b-ild-sl' somewhat resembles a custom naming convention that might be linked to the DATALAKE application label, which is already part of the known labels for this network. The processes listed, although not overtly specifying DATALAKE, seem to set a foundation likely tied to large-scale data management services, which would be consistent with DATALAKE operations."
Label OFX was predicted due to the presence of hostname with value 'al1-002b-ild-sl'.,"The application label prediction 'OFX' is based on the observed hostname 'al1-002b-ild-sl', which aligns with naming conventions often used in environments where 'OFX' could be relevant. The processes and ports did not directly indicate another specific application label from the known list, so the hostname served as the primary indicator."
Label OAS was predicted due to the presence of process with value '/opt/Tanium/TaniumClient/TaniumClient-port 17472-TCP'.,"The application prediction is based on the presence of processes and hostnames typically associated with categories in the network. In this case, the TaniumClient process running on TCP port 17472 suggests a system oriented towards operational or security analytics, which may align with an application like OAS, often associated with operational analytics systems. The prediction confidence is heightened by the recognizable process which hints towards a security or operations analytics tool, common to such applications."
Label OAUTH was predicted due to the presence of process with value '/usr/local/qualys/cloud-agent/bin/agentid-service-port 9293-TCP'.,"The application label OAUTH was predicted based on the presence of several processes that are typically associated with agent and authentication services. Particularly, the presence of the Qualys cloud agent process suggests an integration with security services, possibly indicating an application related to authentication and auditing like OAUTH. However, this is a less certain prediction due to the general nature of these services and thus less directly associated with known labels from the list."
Label OAUTH was predicted due to the presence of process with value '/opt/apps/java/jdk-17.0.17-0/bin/java'.,"The presence of multiple Java processes running on this machine suggests it is likely running applications that depend on Java-based services. Among the application labels available for this network, OAUTH is a possible fit, as Java-based applications are sometimes involved in authentication services like OAuth implementations. Although there is no direct evidence, such as a matching hostname or specific process configuration pointing directly toward OAuth, it's a plausible application label due to the usage of Java here."
Label CCM was predicted due to the presence of process with value '/opt/Tanium/TaniumClient/TaniumClient-port 17472-TCP'.,"The application label CCM (possibly signifying a client management tool similar to Tanium) was predicted based on the presence of the TaniumClient process running on port 17472-TCP. This suggests usage of a client management or endpoint security application suite, commonly associated with network monitoring and asset management."
Label OAM was predicted due to the presence of process with value '/opt/VRTSpbx/bin/pbx_exchange-port 1556-TCP'.,"The application label OAM is predicted due to the presence of the '/opt/VRTSpbx/bin/pbx_exchange-port 1556-TCP' process. This suggests that there is an integration with infrastructure management or orchestration tools, which are commonly identified with OAM (Operations, Administration, and Maintenance) or similar applications."
Label DATALAKE was predicted due to the presence of process with value '/opt/qosmon/qostool/prd-netprobe-22011/geneos-netprobe-6.5.0-230825-linux-x64/bin/netprobe.linux_64-port 22011-TCP'.,The application label DATALAKE is predicted based on the presence of the GeneOS netprobe process running on port 22011-TCP. GeneOS is commonly used in monitoring activities which are integral parts of datalake solutions to ensure system health and performance. The combination of monitoring software and the specific network tools present suggests a role in managing or interacting with a data lake environment.
Label AVAMAR was predicted due to the presence of process with value '/usr/local/avamar/bin/avagent.bin-port 28002-TCP'.,"The application label AVAMAR was predicted because the process '/usr/local/avamar/bin/avagent.bin-port 28002-TCP' indicates the presence of the Avamar backup client application. This process is part of the Avamar application suite, commonly used for backup and recovery solutions in enterprise environments, which matches the context of the processes running on this machine."
Label DATALAKE was predicted due to the presence of hostname with value 'mn2-004a-ixd-pv'.,"The prediction of the application label as DATALAKE stems from the hostname 'mn2-004a-ixd-pv', where 'ixd' could potentially hint at an indexing or data-related function. Such functions are often associated with data lakes, which encompass storage and analytics. No specific process information provided strong guidance towards an application, thus the hostname suggests the function related to data aggregation or processing, leading to the prediction as DATALAKE."
Label Tanium was predicted due to the presence of process with value '/opt/Tanium/TaniumClient/TaniumClient-port 17472-TCP'.,"The application label was predicted as 'Tanium' because the process list includes '/opt/Tanium/TaniumClient/TaniumClient-port 17472-TCP', which directly indicates the presence of Tanium software client. Tanium is a security and systems management tool, which fits the context of processes and port information provided."
Label DATALAKE was predicted due to the presence of hostname with value mn2-001a-ixd-pv.,"The hostname 'mn2-001a-ixd-pv' does not closely match any common application names directly, but given the listed applications, 'DATALAKE' seems a likely label as it might represent a component of a larger data storage or management system which could relate to how 'mn2-001a-ixd-pv' may be configured or named. None of the processes specifically indicates a particular application like SAP or CRM, so hostname-based prediction is necessary here."
Label TaniumClient was predicted due to the presence of process with value '/opt/Tanium/TaniumClient/TaniumClient-port 17472-TCP'.,"The process list includes '/opt/Tanium/TaniumClient/TaniumClient-port 17472-TCP', which strongly indicates the presence of the Tanium client application being used for endpoint management. This is a clear sign that the Tanium application is involved in operations on this machine."
Label netbackup was predicted due to the presence of process name with value '/usr/openv/netbackup/bin'.,"The application label 'netbackup' was predicted based on the presence of processes related to NetBackup, which is a well-known software for backup and recovery. The processes '/usr/openv/netbackup/bin/bpcd' and '/usr/openv/netbackup/bin/vnetd' strongly indicate the presence of Veritas NetBackup software."
Label DATALAKE was predicted due to the presence of process with value '/usr/local/avamar/bin/avagent.bin-port 28002-TCP'.,"The decision to label the application as DATALAKE is based on the presence of the Avamar agent process '/usr/local/avamar/bin/avagent.bin-port 28002-TCP', which is associated with data backup and recovery solutions typically used in data lake environments."
Label VRTSpbx was predicted due to the presence of process with value '/opt/VRTSpbx/bin/pbx_exchange-port 1556-TCP'.,"The presence of the process '/opt/VRTSpbx/bin/pbx_exchange-port 1556-TCP' strongly indicates that the application associated with this host is likely related to Veritas Private Branch Exchange (VRTSpbx). This application deals with communication or file exchange roles within a system, and the specific port number 1556 is commonly associated with it."
Label OAUTH was predicted due to the presence of process with value '/usr/local/qualys/cloud-agent/bin/agentid-service'.,"The process 'agentid-service' is indicative of an authentication or tracking application, and its association with a security agency like Qualys suggests it could be related to identity or access management services, such as OAuth. Although there's no direct implication from a specific indicator, the presence of this process hints towards a role in secure communications or identity management, closely related to OAuth services."
Label Tanium was predicted due to the presence of process with value '/opt/Tanium/TaniumClient/TaniumClient-port 17472-TCP'.,"The application label is predicted as Tanium because of the process '/opt/Tanium/TaniumClient/TaniumClient-port 17472-TCP' found running, which is specifically indicative of the Tanium Client. Although Tanium itself wasn't listed in the known applications, this specific process directly maps to Tanium functionality, ensuring a confident prediction despite no direct match in the provided labels."
Label OAS was predicted due to the presence of hostname with value wpvra85a0315.,"The hostname 'wpvra85a0315' does not inherently suggest a specific application, but examining the processes and ports indicates activity related to security and network monitoring, perhaps linked to vulnerability assessment, an area where Open Access Software (OAS) systems might be involved. Thus, the application label 'OAS' was inferred, albeit with low confidence due to vagary in signals."
Label 1CMX was predicted due to the presence of process with value '/usr/openv/netbackup/bin/bpcd'.,"The application label '1CMX' was predicted based on the presence of the NetBackup processes such as 'bpcd' and 'vnetd'. These are commonly associated with backup services, and '1CMX' seems to align with custom application names used in this network, related to backup or similar functions."
Label OAM was predicted due to the presence of hostname with value wpvra99a0315.,"The hostname 'wpvra99a0315' does not directly match any known patterns, but the running processes give us some clues. The presence of '/opt/boksm/lib/boks_sshd' on port 22-TCP indicates a secure shell service, which might align with administrative tasks. Additionally, processes related to security and management tools, like Tanium and Avamar, suggest monitoring or administrative roles. Consequently, the best-matched existing label from this environment's inventory is OAM, typically referring to Oracle Access Management, which often has overlapping functions with such infrastructure components."
Label SSO was predicted due to the presence of process with value '/opt/apps/java/jdk-17.0.17-0/bin/java-port 3000-TCP'.,"The application label SSO (Single Sign-On) was predicted based on the presence of the Java process running on port 3000. This port is commonly associated with web application servers, which often handle authentication mechanisms like SSO, especially in enterprise environments where such services are frequently deployed."
Label ETL was predicted due to the presence of processes with values like 'inetinfo.exe-IISADMIN'.,"The presence of the process 'inetinfo.exe' on IISADMIN suggests that this machine might be involved with some form of data extraction and transformation tasks, possibly being used as a web server interface for such operations. Other processes related to system management and network operations reinforce this server's role in supporting an ETL-related application environment."
Label SSO was predicted due to the presence of process with value 'C:\Windows\System32\lsass.exe-Netlogon-port 54806-TCP'.,"The processes running on the system include sensitive Windows processes such as 'lsass.exe', which is indicative of potential Active Directory usage, and potentially linked to Single Sign-On (SSO) services. The presence of these processes suggests that the application might be SSO related, especially since 'SSO' is part of the known applications within the network."
Label CCM was predicted due to the presence of process name with value 'BESClient'.,"The application label is likely CCM because of the presence of 'BESClient.exe', which is associated with BigFix and configuration management systems. This aligns with CCM (Configuration & Change Management) as a plausible application for managing and monitoring systems and changes."
Label EDSQL was predicted due to the presence of process name with value 'sqlservr.exe'.,"The presence of the process 'sqlservr.exe' indicates that the application related to this machine is likely SQL Server, and since EDSQL has been a past application label in this network, this is a reasonable prediction. The presence of other SQL Server related processes support this prediction."
Label DLP was predicted due to the presence of hostname with value dlp-epvva3564.,"The hostname 'dlp-epvva3564' includes 'dlp', which is a strong indicator that the application label should be 'DLP', as it is likely referencing to Data Loss Prevention services. This correlation between the hostname and the presumable functionalities of DLP ensures high confidence in this label prediction."
Label DLP was predicted due to the presence of hostname with value 'dlp-epvva7514'.,"The hostname 'dlp-epvva7514' suggests an association with Data Loss Prevention (DLP) due to the 'dlp' prefix, which commonly corresponds to systems focusing on data security and loss prevention. This matches with observed patterns in network naming conventions where 'dlp' is part of the application label list, indicating its role and function related to data protection."
Label DLP was predicted due to the presence of hostname with value 'dlp-epvva7200'.,"The hostname 'dlp-epvva7200' strongly suggests association with the DLP (Data Loss Prevention) application. Hostnames often reflect the service or application they host, and the prefix 'dlp-' is a common naming convention for systems involved in DLP processes. Thus, it is reasonable to predict the application label as DLP with high confidence based on the hostname alone."
Label OAM was predicted due to the presence of hostname with value 'mn2-001a-ixb-oa'.,"The hostname 'mn2-001a-ixb-oa' has 'oa', which strongly suggests a connection to 'OAM', since 'OA' can be an abbreviation for Oracle Access Manager or related applications. None of the processes give a more specific application label, so relying on the hostname is currently the best method, especially since it matches part of the known applications list."
Label QUALYS was predicted due to the presence of process with value '/usr/local/qualys/cloud-agent/bin/agentid-service-port 9293-TCP'.,"The application label QUALYS was predicted based on the presence of the process '/usr/local/qualys/cloud-agent/bin/agentid-service-port 9293-TCP'. The characteristic process '/usr/local/qualys/cloud-agent' suggests the use of Qualys' cloud security and compliance solutions, which often run such agents on various hosts for monitoring and vulnerability assessment. This clearly links the system to Qualys services."
Label OAM was predicted due to the presence of hostname with value 'mn2-105h-ixb-oa'.,"The application label OAM is predicted based on the hostname 'mn2-105h-ixb-oa'. The pattern 'ixb-oa' in the hostname suggests a connection to Oracle Access Management (OAM), which could be part of a broader Oracle infrastructure. Due to this specific pattern, the application label is chosen as OAM."
Label DLP was predicted due to the presence of hostname with value 'dlp-euvta3200'.,"The hostname 'dlp-euvta3200' contains the substring 'dlp', which strongly suggests that the application label for this machine is 'DLP'. DLP is a known label in the network and corresponds to data loss prevention services or tools, which may be relevant in this context."
Label Symantec Endpoint Protection was predicted due to the presence of process with value 'C:\\Program Files\\Symantec\\Symantec Endpoint Protection\\14.3.11216.9000.105\\Bin64\\ccSvcHst.exe-SepMasterService-port 2969-UDP'.,"The application label of Symantec Endpoint Protection was predicted because the process 'ccSvcHst.exe' with service 'SepMasterService' is running. This executable is specific to Symantec Endpoint Protection, which is a widely used antivirus and intrusion prevention application. The presence of this process, especially explicitly named with 'Symantec Endpoint Protection', gives good confidence that this application is in use."
Label SSO was predicted due to the presence of process with value 'C:\Windows\System32\lsass.exe'.,"The application label SSO was predicted because one of the processes running on the machine is 'lsass.exe', which is typically associated with authentication and security operations in a networked environment. SSO (Single Sign-On) often deals with authentication, making lsass.exe a reasonable indicator, even though the signal is not very strong."
Label WAS was predicted due to the presence of process with value 'tomcat10.exe'.,"The application prediction was made based on the presence of the 'apache-tomcat-10.1.50' process running multiple instances on various ports, such as 8440 to 8447. Tomcat is a well-known servlet container often associated with Java-based web applications. WAS (Web Application Server) is often used as a term for such environments. Given the current evidence, it is reasonable to assume this machine is part of a web application running environment, which aligns with the WAS label seen in the network."
Label Tanium was predicted due to the presence of process name with value '/opt/Tanium/TaniumClient/TaniumClient-port 17472-TCP'.,"The TaniumClient process running on port 17472 is indicative of the Tanium application, which is typically used for endpoint management and security. This suggests a strong association with Tanium given its unique nature among known applications."
Label OFX was predicted due to the presence of hostname with value 'mn2-011a-ixd-tf'.,"The name of the hostname 'mn2-011a-ixd-tf' does not directly indicate a specific application label. It seems to follow a pattern related to identifiers or internal codes but doesn't provide enough indication for known applications like VMware, Citrix, etc. However, based on the list of application labels provided, 'OFX' seems to be the most likely, as none of the other application labels directly match the information provided either. This prediction is made with a relatively low confidence, as there is no strong signal tying this hostname or the processes listed directly to a specific application label."
Label ETL was predicted due to the presence of hostname with value 'mn2-013a-ixd-tf'.,"The hostname 'mn2-013a-ixd-tf' doesn't give a direct clue to any specific application label but considering the processes running, which include various Java instances and port activities, the ETL (Extract, Transform, Load) label could be a suitable representation given the potential Java-related processing and data exchange occurring within such environments. As Java is often used in ETL processes due to its processing power and capability to interact with different types of databases reading and transforming data, this prediction seems fitting primarily based on the process nature and typical ETL use cases."
Label DLP was predicted due to the presence of process with value '/usr/openv/netbackup/bin/bpcd'.,"The application label DLP was predicted based on the presence of NetBackup-related processes ('/usr/openv/netbackup/bin/bpcd' and '/usr/openv/netbackup/bin/vnetd'). These processes suggest backup and data protection activities, which align with the concept of Data Loss Prevention (DLP). Hence, based on these processes, DLP is the most plausible application label."
Label DLP was predicted due to the presence of hostname with value 'dlp-epvva3514'.,"The hostname 'dlp-epvva3514' indicates a strong likelihood that the application label should be 'DLP', as 'dlp' in the hostname suggests Data Loss Prevention, which matches the application label 'DLP'. There are no conflicting signals from the process names or ports that indicate a different application, making this a confident prediction."
Label VENFI was predicted due to the presence of process name with value 'VPlatform.exe'.,"The process 'VPlatform.exe' which is the Venafi Platform executable is identified among the running processes. Venafi is a well-known platform for machine identity protection, key, and certificate lifecycle management. It aligns closely with the function expected from a VENFI application label. Therefore, given this running process, the application is predicted as 'VENFI'."
Label VENFI was predicted due to the presence of process VPlatform.exe with value 'D:\Program Files\Venafi\Platform\VPlatform.exe'.,"The application label VENFI was predicted based on the presence of the process 'VPlatform.exe' which is part of the Venafi platform, commonly linked with cryptographic and certificate management tasks. The presence of this process indicates that the machine is likely involved in operations related to Venafi's services and applications."
Label DLP was predicted due to the presence of hostname with value 'dlp-epvva7568'.,"The application label 'DLP' was predicted based on the hostname 'dlp-epvva7568'. The prefix 'dlp' suggests that the system is associated with a Data Loss Prevention (DLP) service or application, which is a common naming convention for such systems. Given the presence of this naming convention, the prediction is made with high confidence."
Label Tanium was predicted due to the presence of process with value '/opt/Tanium/TaniumClient/TaniumClient'.,"The application label 'Tanium' was predicted because the process '/opt/Tanium/TaniumClient/TaniumClient' correlates directly with the Tanium platform, which is a recognized endpoint management and security tool. This process is indicative of the Tanium application running on this compute machine."
Label Tanium was predicted due to the presence of process with value '/opt/Tanium/TaniumClient/TaniumClient-port 17472-TCP'.,"Given the processes running on the system, the presence of '/opt/Tanium/TaniumClient/TaniumClient-port 17472-TCP' strongly suggests that the application in use is related to Tanium. Tanium is known for its endpoint management and security platform, aligning with the process name and associated port. Although there isn't direct confirmation that Tanium has been seen in the past, the explicit mention of 'Tanium' in the process path provides a confident signal for identifying the application as Tanium."
Label Tanium was predicted due to the presence of process with value /opt/Tanium/TaniumClient/TaniumClient.,"The application label 'Tanium' is predicted based on the presence of the Tanium Client process '/opt/Tanium/TaniumClient/TaniumClient'. This indicates that the system is likely running Tanium software used for security and IT management purposes, warranting the application name Tanium."
Label DATALAKE was predicted due to the presence of hostname with value 'nc3-001a-ixb-sl'.,"The hostname 'nc3-001a-ixb-sl' suggests a connection to a backend resource that might be part of a data centralization or lake service, which fits with the commonly known structure of project code names or roles in enterprise environments. There are no explicit, directly identifiable service names from the given process list, indicating a backend operation possibly linked to a datalake infrastructure. Since 'DATALAKE' is among known labels, it is a logical association due to the generic identifier 'nc' which could stand for 'network component' or something similar, typically associated with large data systems."
Label Tanium was predicted due to the presence of process with value '/opt/Tanium/TaniumClient/TaniumClient-port 17472-TCP'.,"The application label Tanium is predicted because the process '/opt/Tanium/TaniumClient/TaniumClient' is known to be associated with Tanium Client software, which typically operates through port 17472-TCP. This is a strong indicator of Tanium being in use."
Label DATALAKE was predicted due to the presence of hostname with value 'nc3-054i-ixb-oa'.,"The hostname 'nc3-054i-ixb-oa' does not directly correspond to an obvious known application from the list. Given the lack of specific process indicators tying to a particular application or service, we consider 'nc3-054i-ixb-oa' to be potentially part of a data storage or analytical solution based on the naming pattern and typical organizational use cases, leaning towards involvement with a 'DATALAKE'. Hence, the application label 'DATALAKE' was chosen as a plausible candidate. However, the lack of distinct process information or hostname cue lowers confidence to False."
Label OAM was predicted due to the presence of hostname with value 'nc3-051g-ixb-oa'.,"The hostname 'nc3-051g-ixb-oa' contains the segment 'oa', which is reminiscent of OAM, a service often associated with Oracle Access Manager. This suggests a likely application label of OAM. However, given the lack of direct correlation with specific processes linked to OAM, the confidence is moderate."
Label OAM was predicted due to the presence of hostname with value 'nc3-055h-ixb-oa'.,"The application label OAM was suggested by the 'oa' in the hostname 'nc3-055h-ixb-oa', which could be an abbreviation of Oracle Access Manager (OAM). This is based on common naming conventions where ‘oa’ may represent OAM, and previous sightings of the OAM label in the network."
Label DATALAKE was predicted due to the presence of hostname with value 'nc3-002a-ixb-of'.,"The hostname 'nc3-002a-ixb-of' does not provide a clear signal for any specific application prediction directly. However, considering the complex and varied nature of the processes such as '/usr/local/avamar/bin/avagent.bin' and '/usr/openv/netbackup/bin/vnetd', which are associated with data management and backup, it suggests the involvement in maintaining large scale data storage or processing infrastructure. Coupling these processes with the presence of a familiar label like 'DATALAKE' in the past network applications, a DATALAKE label makes sense."
Label AVAMAR was predicted due to the presence of process name with value '/usr/local/avamar/bin/avagent.bin'.,"The presence of the process '/usr/local/avamar/bin/avagent.bin' indicates that the machine is running Avamar software, which is commonly used for backup and recovery operations. This is a strong indicator for the application label AVAMAR, as it directly corresponds to the software's installation path."
Label DATALAKE was predicted due to the presence of hostname with value 'nc3-011a-ixb-sl'.,"The application prediction for 'DATALAKE' is largely based on the pattern observed in the hostname 'nc3-011a-ixb-sl'. This format and naming convention, along with the network context suggest it belongs to a Datalake inventory or service group. Furthermore, the presence of backup and monitoring processes like NetBackup (bpcd and vnetd), and Qualys cloud agent strengthens the prediction towards centralized data processing and storage typical of DATALAKE processes."
Label DATALAKE was predicted due to the presence of process with value '/usr/openv/netbackup/bin/bpcd-port 13782-TCP'.,"The application label DATALAKE was predicted because the processes related to backup and data management are highly indicative of data-centric operations. The presence of NetBackup processes like '/usr/openv/netbackup/bin/bpcd-port 13782-TCP' suggests activities associated with data management, which aligns well with the concept of a DATALAKE application. This is strengthened by the existence of other data-oriented processes running on the machine."
Label DNAC was predicted due to the presence of hostname with value nc3-201a-ixb-sl.,"The application label DNAC was predicted based on the hostname 'nc3-201a-ixb-sl' which seems to correlate with a pattern associated with network or infrastructure components. Additionally, the presence of TaniumClient and NetBackup processes suggests involvement in IT infrastructure management or automation, potentially aligning with the DNAC (DNA Center) application, which is involved in network management and automation solutions."
Label EDSQL was predicted due to the presence of process with value '/usr/openv/netbackup/bin/bpcd-port 13782-TCP'.,"The application label EDSQL was predicted based on the presence of '/usr/openv/netbackup/bin/bpcd-port 13782-TCP' process. This indicates that the system is likely a backup or data management server, which aligns with roles or applications like EDSQL in enterprise environments. Given the lack of explicit markers from hostname or unique processes for applications, EDSQL was the reasonable fit considering the network's label context."
Label OAUTH was predicted due to the presence of hostname with value 'nc3-014a-ixb-mb'.,"The hostname 'nc3-014a-ixb-mb' does not give us a direct indication of a specific application, as it does not contain easily recognizable patterns or names associated with known services. The process information contains typical system and backup processes, yet lacking direct connections to specific applications seen in the network's application labels. However, due to no strong identifiable application signals based on the hostname and processes, a best assumption aligns toward common IT components like authentication or communication systems as OAUTH is found in the application labels. Thus, I predicted OAUTH by making an informed guess."
Label BACKUP was predicted due to the presence of processes with values '/usr/openv/netbackup/bin/vnetd-port 13724-TCP' and '/usr/openv/netbackup/bin/bpcd-port 13782-TCP'.,"The presence of processes '/usr/openv/netbackup/bin/vnetd-port 13724-TCP' and '/usr/openv/netbackup/bin/bpcd-port 13782-TCP' indicates that NetBackup is running on this host. NetBackup is a backup and recovery software, and thus, it is plausible to assign the application label BACKUP to this host based on these processes."
Label 1EDM was predicted due to the presence of hostname with value 'nc3-017a-ixb-mb'.,"The application label 1EDM was predicted based on the hostname 'nc3-017a-ixb-mb', which suggests a specific custom naming convention possibly tied to an EDM (Enterprise Data Management) system. Although no direct process names indicate this application, hostname patterns are often designed to reflect the system or application type and the 1EDM label seems to fit an internal application that uses bespoke host identifiers."
Label OPICP was predicted due to the presence of process with value 'Misys.OpicsPlus.Framework.Messaging.OpicsPlusMessaging.exe'.,"The application label is predicted as OPICP because of the presence of multiple processes related to Finastra's Opics Plus server, which is indicated by the 'Misys.OpicsPlus.Framework.Messaging.OpicsPlusMessaging.exe' process among others. The processes indicate strong association with the Opics Plus product, and the hostname also contains the string 'opicp', reinforcing this prediction."
Label OPICP was predicted due to the presence of hostname with value 'opicp-w-lic-u01'.,"The application label OPICP was predicted based on the hostname 'opicp-w-lic-u01'. The prefix 'opicp' in the hostname directly matches one of the known application labels, strongly indicating that this machine is associated with the OPICP application."
Label OPICP was predicted due to the presence of hostname with value 'opicp-w-app-c03'.,"The application label 'OPICP' was chosen because the hostname 'opicp-w-app-c03' contains the substring 'opicp', which matches with 'OPICP', a label seen in the network inventory as a known label. This strong indication from the hostname provides a confident signal for the application label prediction."
Label OFX was predicted due to the presence of process with value 'Misys.OpicsPlus.Framework'.,"The application label OFX was predicted due to the presence of multiple processes from the Finastra Opics Plus suite running on the system. The processes include components such as OpicsPlusMessaging, OpicsPlusScheduler, and others, which are associated with the Opics Plus financial software from Finastra, a known financial services application suite. This rationalizes the prediction of 'OFX', as the application seems to be related to financial trading or processing."
Label CCM was predicted due to the presence of process with value 'BESClient.exe'.,"The prediction for the application label is CCM because the presence of the BESClient.exe process, which is associated with BigFix, a well-known endpoint management system. In this network, CCM has been previously used as an application label and corresponds to processes related to system client management tools like BigFix."
Label SSO was predicted due to the presence of processes with value contains 'lsass.exe'.,"The prediction for Application label is 'SSO'. The presence of 'lsass.exe', a process related to authentication services typically used in Single Sign-On (SSO) environments like Active Directory, suggests the association of this machine with an SSO application."
Label SSO was predicted due to the presence of process with value 'lsass.exe' indicating Single Sign-On services.,"The application label is predicted as SSO due to the presence of the process 'lsass.exe'. Lsass.exe, or Local Security Authority Subsystem Service, is a high-privilege Windows process typically involved in handling logins and maintaining security policies for the system. This process is crucial for authentication services, which aligns with the SSO (Single Sign-On) function. Furthermore, the presence of network-facing services such as RPC (RpcSs), associated with enabling access across different network components, strengthens the hypothesis that this machine could be involved in handling authentication across network boundaries, typical of SSO implementations."
Label CCM was predicted due to the presence of process with value 'C:\\Program Files (x86)\\CA\\SC\\Csam\\SockAdapter\\bin\\CSAMPmux.exe'.,"The application CCM is predicted based on the presence of CA-related processes, such as 'C:\\Program Files (x86)\\CA\\SC\\Csam\\SockAdapter\\bin\\CSAMPmux.exe' and involvement with automation and management tools like 'D:\\AutoSys 11.3\\SystemAgent\\autosys_dev\\cybAgent.exe'. These indicate CA management suites, which are often aligned with CCM (Common Criteria Management)."
Label OPICP was predicted due to the presence of hostname with value 'opicp-w-lic-x01'.,"The application is predicted to be OPICP because the hostname 'opicp-w-lic-x01' suggests a connection to an application or department related to OPICP. This inference is based on the similarity of the prefix 'opicp' found in the hostname to the known application label 'OPICP'. The processes and other context do not strongly indicate any other application label, making 'OPICP' the best match given the data."
Label OPICP was predicted due to the presence of hostname with value 'opicp-w-app-x06'.,"The hostname 'opicp-w-app-x06' strongly suggests the application label 'OPICP', as it includes the acronym 'opicp', which matches an observed application label in the network. This is reinforced by the presence of processes related to Opics Plus services, which indicates a connection to the OPICP application environment."
Label OPICP was predicted due to the presence of hostname with value opicp-w-app-d02.,"The application label 'OPICP' was predicted because the hostname 'opicp-w-app-d02' explicitly includes 'opicp', which matches one of the known application labels in the network context. This suggests that the system is associated with or specifically assigned to the OPICP application, making it a strong indicator."
Label DLP was predicted due to the presence of hostname with value 'dlp-epvba9804'.,"The hostname 'dlp-epvba9804' includes 'dlp', which strongly suggests that this machine is part of a Data Loss Prevention (DLP) application. This is supported by the direct match with the application label DLP, which has been seen before in this network. This pattern in the hostname is a common method for identifying the application or type of service that a machine is related to, thus making DLP a confident prediction for the application label."
Label DLP was predicted due to the presence of hostname with value dlp-epvba9805.,The application label 'DLP' was predicted because the hostname 'dlp-epvba9805' strongly indicates use or association with a Data Loss Prevention segment or unit. The prefix 'dlp-' in the hostname is a direct indicator leading to this prediction.
Label DATALAKE was predicted due to the presence of hostname with value crvrw00a0127.,"The hostname 'crvrw00a0127' includes a pattern 'crvr', which may indicate a resource related to a datalake or data repository. Although no processes directly indicate a data lake application, the presence of secure communication tools and resource management processes such as 'netprobe' and 'avagent' can support such a role. Due to aligning factors and the commonality of DATALAKE as a known label, I've predicted DATALAKE as the application label despite moderate confidence."
Label DNAC was predicted due to the presence of process with value '/opt/qosmon/qostool/prd-netprobe-22011/geneos-netprobe-6.5.0-230825-linux-x64/bin/netprobe.linux_64'.,"The application label DNAC was predicted because the presence of the netprobe process aligns with functions typically related to DNA Center, which is involved in network management and assurance. The netprobe process is commonly used in network monitoring and quality of service assessments, which fits the role of a DNA Center-like application managing and monitoring network performance across hardware devices. Thus, this has led to predicting DNAC as the application label."
Label MSSQL was predicted due to the presence of process with value 'sqlservr'.,"The presence of the 'sqlservr.exe' process indicates that this machine is running a Microsoft SQL Server instance, which is likely associated with applications using MSSQL for database services. The presence of the SQL Server Browser service further supports this conclusion, as it is typically used alongside MSSQL services."
Label CCM was predicted due to the presence of processes with value 'BESClient' and 'TaniumClient'.,"The presence of processes such as BESClient and TaniumClient suggests that the machine is likely involved in client management or endpoint management activities. These are characteristic of systems that use software for central management, such as Centralized Configuration Management (CCM). Therefore, the application label CCM is predicted due to these management client processes."
Label DLP was predicted due to the presence of hostname with value 'dlp-epvba3564'.,"The application label DLP was chosen because the hostname 'dlp-epvba3564' contains 'dlp', strongly indicating that this host is related to DLP (Data Loss Prevention) services. DLP is also in the list of known application labels for the network, which further supports this prediction."
Label DATALAKE was predicted due to the presence of process name with value 'documentum'.,"The presence of several processes related to 'documentum' strongly indicates usage related to data management solutions, including those typical of Documentum, often associated with handling large-scale document stores like a data lake. This makes ""DATALAKE"" a fitting application label considering the network context with previous instances of DATALAKE usage."
Label EDSQL was predicted due to the presence of process name with value '/apps/DCTM/EDMS/product/21.4/bin/documentum-port'.,"The application label prediction was primarily driven by the presence of multiple 'documentum' processes running on different ports. Documentum is a part of the enterprise content management suite, which can be related to Documentum's EDMS (Enterprise Document Management System). This ties closely to electronic data systems, something EDSQL might refer to. Given there are no other strong cues from hostnames or other processes to suggest a different application label, EDSQL is chosen as the application label."
Label ICMP was predicted due to the presence of process with value System-SMB-port 445-TCP indicating network control traffic.,"The application label ICMP was predicted based on the presence of processes and services related to network protocols and management utilities. The use of System-SMB-port 445 combined with System-WinRm-port 5985 indicates network communication and control, which aligns with network management and diagnostic operations often associated with ICMP."
Label PSAPPSRV was predicted due to the presence of process with value '/opt/apps/ptools/pt85914/bin/PSAPPSRV-port 39027-TCP'.,"The presence of the 'PSAPPSRV' process, which is indicative of a PeopleSoft Application Server, strongly suggests that this compute machine is used to host the PeopleSoft application. The 'PSAPPSRV' process is specific to the PeopleSoft environment and its repeated occurrences in different ports reinforce that prediction."
Label JSH was predicted due to the presence of process with value '/opt/apps/tuxedo/tuxedo12gR2/tuxedo12.2.2.0.0/bin/JSH-port 21103-TCP'.,"The application label 'JSH' was predicted based on the multiple occurrences of the 'JSH' process found in the process information. 'JSH' processes running on various ports indicate that this machine is primarily handling Tuxedo JSH operations, suggesting the Tuxedo JSH application is a significant aspect of this machine's role."
Label OAM was predicted due to the presence of hostname with value 'al1-111h-ixb-oa'.,"Based on the hostname 'al1-111h-ixb-oa', the substring 'oa' provides a strong signal that this resource may be associated with the OAM (Oracle Access Management) application. The processes running, such as various Java processes and system utilities, do not conflict with this prediction and are generally versatile enough to support applications like OAM which is known to rely on Java-based services."
Label 1EDM was predicted due to the presence of process with value 'D:\Program Files\Tungsten\TotalAgility\Transformation Server\Transformation.ServiceHost.exe'.,"The application label 1EDM was predicted based on the presence of the process 'D:\Program Files\Tungsten\TotalAgility\Transformation Server\Transformation.ServiceHost.exe-TungstenTransformationServerService-port 9001-TCP'. This process is related to Tungsten's TotalAgility platform, which is known for workflow and data management capabilities, aligning with the description of 1EDM in the list of possible labels."
Label MULE was predicted due to the presence of hostname with value 'al1-003a-ixk-tf'.,"The hostname 'al1-003a-ixk-tf' does not directly match any of the known application labels, nor do the processes have distinctive indicators like known application-specific process names. However, considering the processes running a lot of Java applications, it's likely associated with platforms that extensively use Java, such as MULE or CCM. Java applications often run on middleware like MULE ESB, which suggests MULE could be the application label here."
Label NetBackup was predicted due to the presence of process with value '/usr/openv/netbackup/bin/vnetd-port 13724-TCP'.,"The presence of processes related to Veritas NetBackup, such as 'vnetd' and 'bpcd', indicate that this machine is likely running as part of a backup management infrastructure. These are specific processes used by NetBackup for communication and data transfer, thus strongly suggesting that the application label should be 'NetBackup'."
Label NetBackup was predicted due to the presence of process with value '/usr/openv/netbackup/bin/bpcd-port 13782-TCP'.,"The presence of the '/usr/openv/netbackup/bin/bpcd-port 13782-TCP' and '/usr/openv/netbackup/bin/vnetd-port 13724-TCP' processes strongly indicates that this server is associated with the NetBackup application, which is specifically designed for managing data backups. These processes are characteristic of NetBackup services, used for backup and recovery tasks over TCP. Therefore, the application label is predicted to be NetBackup."
Label VRTSpbx was predicted due to the presence of process with value '/opt/VRTSpbx/bin/pbx_exchange-port 1556-TCP'.,"The application label VRTSpbx was predicted because there's a specific process '/opt/VRTSpbx/bin/pbx_exchange' running on port 1556-TCP, which is commonly associated with Symantec's Veritas Private Branch Exchange (PBX) service."
Label OAUTH was predicted due to the presence of process with value 'WinRm-port 5985'.,"The presence of multiple processes indicating security, authentication, and management tooling, such as 'TaniumClient.exe' and 'Symantec Endpoint Protection', alongside 'WinRm' for remote management, leads me to believe this system is part of a security infrastructure. Given that OAUTH is listed as a potential label and aligns with security-related applications, I predict the application is OAUTH. The use of WinRm over port 5985, common in enterprise environments for remote management, supports this notion."
Label DNAC was predicted due to the presence of process with value 'TaniumClient.exe'.,"The DNAC application label was predicted due to the presence of the 'TaniumClient.exe' process, a common endpoint management tool, which may be part of a larger Cisco DNA Center (DNAC) deployment suite for network and endpoint management. However, the confidence is low as the explicit correlation to DNAC is minimal."
Label MULE was predicted due to the presence of process with value '/opt/apps/java/jdk-17.0.17-0/bin/java'.,"The presence of multiple Java processes on the machine, such as those listening on ports like 42301, 18101, 9611, and 41327, suggests the potential presence of Java-based applications running. While the hostname doesn't give significant insights into the application or business unit, the Java processes are a strong indicator of a Java application, which could relate to MULE, one of the listed application labels, as MuleSoft's applications are commonly Java-based."
Label L7LIQ was predicted due to the presence of process with value 'D:\\LoanIQ\\Server\\batchdq.exe'.,"The application label is predicted as 'L7LIQ' because of the significant presence of LoanIQ related processes such as 'batchdq.exe', 'xrsxmlparsermain.exe', and others. LoanIQ is a commercial lending solution, which fits the naming conventions seen in the application labels 'L7LIQ', as L7LIQ likely corresponds to Loan IQ usage within the organization based on the process names observed."
Label Connect Direct was predicted due to the presence of process with value 'CDNT.exe-Connect Direct v6.3.0'.,The application predicted is Connect Direct because there are multiple instances of CDNT processes and Java related processes running which are associated with the 'Sterling Commerce Connect Direct' application. This indicates that the machine is likely dealing with file transfer tasks typically associated with Connect Direct.
Label OPICP was predicted due to the presence of process name with value 'Misys.OpicsPlus.Framework.Messaging.PubSub.EventManagementEngine.exe'.,"The application prediction is based on the presence of processes that relate to the 'Opics Plus Server V4.0' from Finastra, such as 'Misys.OpicsPlus.Framework.Messaging.PubSub.EventManagementEngine.exe', 'Misys.OpicsPlus.Framework.Messaging.PubSub.HeartbeatServiceEngine.exe', and 'Misys.OpicsPlus.Framework.Common.ApplicationLogging.LoggingDistributionService.exe'. These processes strongly indicate the application is 'OPICP', which matches known application usage within this network."
Label MULE was predicted due to the presence of process with value 'D:\qosmon\NetprobeNT-PRD-22011\NetprobeNT-PRD-22011.exe'.,"The prediction for the application label is 'MULE' due to the presence of the process 'D:\qosmon\NetprobeNT-PRD-22011\NetprobeNT-PRD-22011.exe'. This seems to relate to a custom or internal application that could be represented as 'MULE' in your organization's historical labels, matching the pattern of unique or less commonly named applications typically seen in such environments."
"Label PCC was predicted due to the presence of processes with value 'TaniumClient', commonly associated with compliance or configuration management.","The application label 'PCC' was predicted because of the presence of the process 'TaniumClient' running on port 17472-TCP. The Tanium Client is often found in environments where policies and compliance settings are actively managed, typically aligning with roles such as PCC, which could stand for 'Policy Compliance Control'. Given typical usage patterns of Tanium, this association is plausible."
Label Java Application was predicted due to the presence of process with value '/usr/lib/jvm/java-1.8.0-openjdk-1.8.0.472.b08-1.el7_9.x86_64/bin/java'.,"The application label was predicted to be 'Java Application' due to the significant presence of Java processes running on the machine. Multiple instances of Java processes are detected, which emphasizes that the machine is likely running some Java-based application."
Label CCM was predicted due to the presence of rpc.statd process with value associated RPC services typically used in configuration management.,"The application label 'CCM' (Configuration and Change Management) was predicted because of the presence of processes typically associated with configuration management and systems management functions such as rpc.statd, known for network status monitoring and configuration synchronization tasks. These processes align closely with functions often associated with 'CCM'. Thus, even though there's no direct match with a specific known application like SAP or VMware, the nature of the processes suggests configuration management duties, justifying 'CCM' as a probable label."
Label BOKS was predicted due to the presence of process with value '/opt/boksm/lib/boks_sshd-port 22-TCP'.,"The prediction for the application label is BOKS due to the presence of the process '/opt/boksm/lib/boks_sshd-port 22-TCP'. This suggests that the BOKS SSH daemon is running on this machine, indicating a likelihood of BOKS application label being applicable. This is a common deployment for managing SSH sessions and security configurations, hence confidently predicting BOKS as the application label."
Label SSO was predicted due to the presence of process with value 'svchost.exe-TermService'.,"The presence of the process 'svchost.exe-TermService' running on port 3389 (usually associated with Remote Desktop Protocol) coupled with other typical Windows server processes suggests that the machine could be involved in activities related to Single Sign-On (SSO). The term service often represents access or management, and combined with this set of processes, it gives moderately strong evidence for SSO-related activity, warranting the application label of 'SSO'."
Label ETL was predicted due to the presence of process names with value 'TaniumClient.exe' and 'BESClient.exe'.,"The application label ETL was predicted based on the presence of processes related to enterprise data management tasks. The TaniumClient.exe and BESClient.exe processes suggest roles in endpoint management and data logging, which are often used in ETL (Extract, Transform, Load) operations for data handling and transformation in enterprise environments."
Label 1CMX was predicted due to the presence of process with value 'cybAgent.exe'.,"The presence of the 'cybAgent.exe' process, part of AutoSys Workload Automation, suggests integration with larger systems often described with custom labels like 1CMX. This label seems to match enterprise-level applications, possibly indicating its use across multiple domains for automation tasks, synchronizing with custom labels from this network."
Label APT was predicted due to the presence of services indicating antivirus and security processes.,"The computing resource features processes and services related to security tools, specifically Tanium and Symantec Endpoint Protection. Tanium Client and Symantec services indicate an endpoint protection context often associated with advanced persistent threats (APTs) systems due to necessary robust security practices. Given this configuration, the application label is predicted to be related to advanced persistent threats management or monitoring infrastructure."
"Label MC_Http was predicted due to the presence of process with value 'MC_Http.exe' running on ports 25286, 25386, and 25086.","Based on the processes running on the machine, multiple instances of 'MC_Http.exe' are present, which strongly indicates that the Kofax application related to MC (Message Connector) is being utilized on this system. The specific naming of 'MC' and the consistent use over different ports (25286, 25386, 25086) reinforces that this is more than incidental, aligning with known custom applications on the network, so the application prediction is 'MC_Http'."
Label Tridion was predicted due to the presence of process with value 'TcmSearchIndexer'.,"The application label 'Tridion' is predicted because multiple processes related to Tridion are identified such as 'TcmSearchIndexer.exe', 'TcmServiceHost.exe', 'TcmWorkflowAgent.exe', 'TcmBatchProcessor.exe', and 'cd_monitor.exe'. These are distinct processes that are typically associated with the Tridion content management system, indicating a significant presence and use of the Tridion application on this machine. Thus, the application prediction is confidently Tridion."
Label CCM was predicted due to the presence of process with value 'C:\Program Files (x86)\BigFix Enterprise\BES Client\BESClient.exe'.,"The presence of the process 'BESClient.exe' from BigFix, a widely used system management platform, suggests the application label 'CCM', which could stand for a centralized configuration management service. This aligns with the function of BigFix in enterprise environments, justifying the application label CCM."
Label 1CTM was predicted due to the presence of process with value 'TridionContextService1CTMStaging'.,"The application label '1CTM' is predicted based on the presence of several Tridion related services with '1CTM' in their process names, such as 'TridionContextService1CTMStaging' and 'TridionDiscoveryService1CTMStaging'. The repeated occurrence of '1CTM' in process names strongly suggests the application is linked to 1CTM, confirming its identity."
Label CA Workload Automation Agent was predicted due to the presence of process with value 'D:\\AutoSys 11.3\\SystemAgent\\autosys_prod\\cybAgent.exe'.,"The application label 'CA Workload Automation Agent' was predicted due to the presence of the process 'D:\AutoSys 11.3\SystemAgent\autosys_prod\cybAgent.exe'. This process is directly associated with the CA Workload Automation software, suggesting that this server is involved in workload automation tasks. This conclusion was reached with confidence since there is a direct association between the process and the application."
Label Sterling Commerce was predicted due to the presence of process with value 'D:\Program Files (x86)\Sterling Commerce\Connect Direct v6.2.0\'.,"The prediction for the application label is Sterling Commerce due to the presence of processes running from the directory 'D:\Program Files (x86)\Sterling Commerce\Connect Direct v6.2.0\'. This directory and the associated processes, like 'java.exe' and 'CDNT.exe' with Connect Direct, strongly suggest that this device is involved in data transfer operations typically performed by Sterling Commerce software, which is used for secure file transfers and integration services."
Label CA Workload Automation was predicted due to the presence of process names with value 'cybAgent.exe-CA Workload Automation Agent'.,"The application CA Workload Automation was predicted based on the presence of the process 'cybAgent.exe' which is identified as part of the CA Workload Automation system. The specific identifiers such as 'CA Workload Automation Agent' in the processes suggest that this machine is primarily involved in executing or managing workload automation tasks, typical of the CA Workload Automation software suite."
Label DATALAKE was predicted due to the presence of process with value '/opt/mapr/server/mfs-port 5726-TCP'.,"The presence of multiple MapR File System (MFS) processes such as '/opt/mapr/server/mfs-port 5726-TCP' indicates that this machine is likely involved in data storage or processing, commonly associated with big data environments or datalakes. This aligns with the application label 'DATALAKE', reflecting its role in a datalake computing task, potentially as part of a broader data analytics or storage solution using the MapR platform."
Label DLP was predicted due to the presence of hostname with value 'dlp-epvia7511'.,"The hostname 'dlp-epvia7511' suggests the application label is 'DLP' because 'dlp' likely stands for 'Data Loss Prevention', which is a recognized application type or a business unit within the network. There were no specific processes that contradicted this inference, which supports the application label 'DLP'."
Label DLP was predicted due to the presence of hostname with value dlp-epvia9803.,"The prediction for application label 'DLP' was made primarily based on the hostname 'dlp-epvia9803'. The prefix 'dlp' in the hostname strongly indicates a relation to 'Data Loss Prevention' services or systems. Additionally, among the historical labels seen in the network, 'DLP' corresponds to a known label, providing a clear signal to align this machine with the DLP application."
Label DLP_COEXIST_TEST was predicted due to the presence of hostname with value 'dlp-epvia9804'.,"The hostname 'dlp-epvia9804' suggests that the application is related to DLP (Data Loss Prevention), which aligns with the label ""DLP_COEXIST_TEST"" as seen in the historical network data. The presence of processes like 'lsass.exe' and 'svchost.exe', along with the hostname being highly relevant, increases the confidence in this prediction."
Label ETL was predicted due to the presence of hostname with value 'cpvrw00a0124'.,"The application label ETL was chosen based on the structure of the hostname 'cpvrw00a0124'. This resembles naming conventions used for backend processing or pipelines, commonly associated with ETL processes. Moreover, the presence of diverse Java processes running on a variety of ports suggests middleware or integration tasks, which align well with ETL operations. However, without an explicit process named directly indicating ETL or integration tasks, the decision leans more on inference from surrounding evidence, resulting in a lower confidence level for this prediction."
Label ICMP was predicted due to the presence of process with value '/opt/Tanium/TaniumClient/TaniumClient-port 17472-TCP'.,"Given the processes running on this machine, the presence of '/opt/Tanium/TaniumClient/TaniumClient-port 17472-TCP' suggests it is involved in network communication monitoring, a typical feature of ICMP-related tasks within a network. Although there is no direct evidence linking to an application like SAP or Citrix, the fact that Tanium Client is used for network health and communication aligns more closely with ICMP. Hence, the application label ICMP is predicted, albeit with a low confidence due to limited direct information."
Label MULE was predicted due to the presence of hostname with value 'lxvra93a0001'.,"The hostname 'lxvra93a0001' does not directly give away the application label from its naming convention or any obvious pattern. However, considering the majority of processes are related to Java running on various non-standard ports, it suggests a middleware application platform. One application found in the provided labels that often involves Java and operates on diverse ports is 'MULE', which is a known integration and middleware application framework. Since there's no direct match nor explicit evidence, this is a considered inference based on process patterns aligned with middleware use cases like those typical for Mule ESB / MuleSoft environments."
Label VENFI was predicted due to the presence of process with value 'D:\\Program Files\\Venafi\\Platform\\VPlatform.exe-VED-port 8883-TCP'.,The presence of the process 'VPlatform.exe' which belongs to Venafi indicates that this virtual machine is likely running an application related to Venafi. The use of the specific process associated with Venafi provides a strong signal for this prediction.
Label VENFI was predicted due to the presence of process with value 'VPlatform.exe'.,"The application was labeled as VENFI because the process list includes VPlatform.exe, which is part of the Venafi platform. Venafi is a security software platform used for machine identity management, and the existence of this executable process strongly indicates the Venafi application is running on this system."
Label OPICP was predicted due to the presence of hostname with value 'opicp-w-app-p13'.,"The hostname 'opicp-w-app-p13' strongly indicates the application label OPICP, as it includes a clear reference to OPICP. This is a familiar pattern used to identify application names based on the structure of hostnames within this network context, where the prefix or suffix often aligns with known applications."
Label OPICP was predicted due to the presence of hostname with value 'opicp-w-app-p11'.,The hostname 'opicp-w-app-p11' clearly indicates the application is most likely to be 'OPICP'. This is a strong signal given the partial match in the past observed application names and is supported by the explicit mention of 'opicp' which is in the list of known applications for the network.
Label MONGO was predicted due to the presence of process name with value 'mongod'.,"The prediction of the application label as MONGO is based on the presence of the process '/opt/mongodb/mongodb-linux-x86_64-8.0.17-ent/bin/mongod-port 29000-TCP'. The process 'mongod' is a core component of MongoDB, and the presence of MongoDB-related processes strongly indicates this application being used. Additionally, the port alignment and process names confirm that this machine is running MongoDB instances."
Label DATALAKE-MERCURY-VASARA was predicted due to the presence of hostname with value 'auvra00a0305'.,"The hostname 'auvra00a0305' does not provide any significant direct indicators of an application, so the prediction is based on a combination of available process names and known labels. None of the processes exactly match known application processes, but 'auvra' could be associated with DATALAKE-MERCURY-VASARA, a label seen in the network before. This term may relate to data storage or processing applications since elements like VASARA might suggest analytics or storage components, aligning with the presumed function of a 'DATALAKE-MERCURY-VASARA' application."
Label ETL was predicted due to the presence of hostname with value 'advra00a0303'.,"The application label 'ETL' is predicted for the hostname 'advra00a0303'. The hostname does not directly correspond to any known application labels; however, the analysis of the machine's active processes suggests that it is performing data processing and automation tasks typical of ETL (Extract, Transform, Load) operations. This includes the presence of processes tied to automation, such as the Autosys scheduler and the Java applications running on various ports which are common in ETL environments. Despite the absence of a direct match in the label set, the combination of process names and their typical role suggests an ETL-like function, hence the prediction."
Label MULE was predicted due to the presence of process with value '/apps/mwauto/java/jdk1.8.0_471/bin/java-port'.,"The presence of multiple Java processes accessing a wide range of UDP and TCP ports, including a notable one at 7001-TCP which is often associated with applications using complex integration platforms, suggests the use of an ESB (Enterprise Service Bus). Given the application labels provided, MULE which is a known integration and API management platform fits the profile of processes and ports involved here given that Java is a common runtime for MULE ESB applications."
Label MONGO was predicted due to the presence of process with value 'mongod'.,"The application label 'MONGO' was predicted based on the presence of the 'mongod' process. This is a definitive indicator that the machine is running MongoDB, which is consistent with the 'MONGO' application label seen in this network."
Label CCM was predicted due to the presence of process with value '/opt/VRTSpbx/bin/pbx_exchange'.,"Given the processes and ports provided, the presence of '/opt/VRTSpbx/bin/pbx_exchange-port 1556-TCP' suggests a management-related application. In a typical network, such applications could be related to service orchestration or monitoring tasks, which aligns closely with the CCM application label that has appeared in this network in the past. This inference is also supported by the usage of TaniumClient and NetBackup processes, commonly associated with system management and policy compliance."
Label OAM was predicted due to the presence of process with value '/opt/boksm/lib/boks_sshd-port 22-TCP'.,"The prediction for the application label is based on the combination of running processes. SSHD is usually associated with remote access management, and the application OAM is aligned with such functionalities as it stands for Oracle Access Manager. Given the network environment and typical applications, it is reasonable to predict OAM for remote access related processes, although the confidence is moderate because 'OAM' is inferred from usage of sshd process indicative of remote management."
Label ETL was predicted due to the presence of process with value '/opt/apps/tuxedo/tuxedo22cR1/tuxedo22.1.0.0.0/bin/JSH'.,"The processes indicate extensive use of Tuxedo services, which often form part of an enterprise transaction processing or a middleware system. Tuxedo is usually associated with enterprise software that requires extraction, transformation, and loading (ETL) processes, which aligns with large-scale data interaction. The presence of multiple Tuxedo JSH processes signifies that the machine could be functioning as an ETL server."
Label OAM was predicted due to the presence of process name with value '/opt/apps/tuxedo/tuxedo22cR1/tuxedo22.1.0.0.0/bin/JSH'.,"The application label OAM was predicted based mostly on the presence of processes related to Oracle Tuxedo, specifically the Joint Server Handle (JSH) processes which are part of middleware solutions often found in environments supporting Oracle Access Manager (OAM). Given the distinct naming conventions and use of Java and JSH in conjunction with the displayed processes, this aligns strongly with the OAM infrastructure processes, suggesting its role in access management contexts."
Label ICMP was predicted due to the presence of hostname with value 'udvra99a0009'.,"Based on the given processes and hostname, no direct match or strong indication is explicitly related to a known application in the given context or provided list. However, considering the absence of a stronger match, a more protocol-oriented application label such as ICMP might be tagged based on typical general network communication. This prediction is made with limited data about business context or specificity of the context indicating any custom applications from the list provided earlier."
Label DLP was predicted due to the presence of hostname with value 'dlp-epvba8616'.,"The hostname 'dlp-epvba8616' strongly suggests that this machine is related to a Data Loss Prevention system, as 'dlp' is a common acronym for this. The presence of security-related services such as Tanium and Qualys Cloud Agent processes reinforces this prediction, supporting the application label as DLP."
Label DLP was predicted due to the presence of hostname with value 'dlp-epvba3643'.,"The hostname starts with 'dlp-', which strongly suggests that it is part of a Data Loss Prevention system. This matches with the existing application label 'DLP' that has been seen in the network. The presence of the hostname indicates a strong association with the DLP application."
Label DLP was predicted due to the presence of hostname with value 'dlp-epvba3519'.,"The hostname includes the prefix 'dlp', which strongly suggests that the application is related to data loss prevention (DLP). This matches one of the application labels that have been seen on the network."
Label DLP was predicted due to the presence of hostname with value 'dlp-epvba3666'.,"The application label 'DLP' was predicted based on the hostname 'dlp-epvba3666'. The 'dlp' in the hostname is a strong indicator suggesting that the function of this compute instance is related to data loss prevention (DLP), which aligns with the typical naming conventions and services associated with DLP applications. Additionally, 'DLP' is one of the application labels previously seen in this network."
Label OPICP was predicted due to the presence of process with value '/opt/VRTSpbx/bin/pbx_exchange-port 1556-TCP'.,"The application label OPICP was predicted based on the presence of the process '/opt/VRTSpbx/bin/pbx_exchange-port 1556-TCP', which suggests a connection with security token exchange or proxy operations related to certificates. This process deals with secure communications and is likely tied to the operational application services involved in secure operations processes, often seeing associations with OPICP or similar roles in cyber security environments."
Label WAS was predicted due to the presence of process with value '/apps/mwauto/apache/2.4.65/bin/httpd'.,"The application label 'WAS' (likely referring to WebSphere Application Server) is predicted due to the presence of multiple Java processes and an Apache HTTP server (evidence by '/apps/mwauto/apache/2.4.65/bin/httpd') running on the machine. WebSphere Application Server is a well-known platform that often utilizes both Java and web server technologies like Apache HTTP Server, thus leading to this prediction."
Label DATALAKE was predicted due to the presence of hostname with value 'apvra86a0239'.,"The hostname 'apvra86a0239' appears to be structured in a way that is consistent with naming conventions used in data lake environments. Additionally, the presence of network backup processes supports the possibility that this host is part of a data-intensive environment. Therefore, the application label DATALAKE seems appropriate for this machine, based on the naming and operations it performs."
Label DATALAKE was predicted due to the presence of process with value '/usr/openv/netbackup/bin/bpcd-port 13782-TCP'.,"The prediction of the application label as 'DATALAKE' is based on the presence of backup-related processes running on the given host. Processes such as NetBackup's 'bpcd' suggest that the system is involved in large-scale data storage and backup solutions, commonly associated with data lake environments. These environments aggregate and manage vast amounts of data, correlating with the application label 'DATALAKE'. Additionally, the 'DATALAKE' application label appears in the recognized network labels, further supporting the prediction."
Label DATALAKE was predicted due to the presence of hostname with value arvra00a0307.,"The application label 'DATALAKE' was chosen because the hostname 'arvra00a0307' appears to follow a naming convention that could indicate its association with data-related services or applications. Additionally, the processes running on this machine, such as the 'avagent.bin' with port 28002-TCP, suggest data backup or management services typical in data lake architectures."
Label DLP was predicted due to the presence of hostname with value 'dlp-epvia3646'.,"The hostname 'dlp-epvia3646' strongly suggests that the application label is 'DLP', as 'dlp' is a well-known abbreviation for Data Loss Prevention. This indicates that the machine is likely involved in data protection or monitoring related activities."
Label Yugabyte was predicted due to the presence of process with value '/apps/yugabyte/yb-software/yugabyte-2024.2.2.1-b6-centos-x86_64/postgres/bin/postgres'.,"The application label 'Yugabyte' was predicted based on the presence of multiple processes associated with the Yugabyte database, such as '/apps/yugabyte/yb-software/.../postgres' and various 'yb-server' processes. Yugabyte is a distributed SQL database designed for resilience and performance, and the presence of its distinct processes and directories strongly indicates that this application is Yugabyte."
Label YugabyteDB was predicted due to the presence of processes with YugabyteDB software components.,"The prediction of YugabyteDB as the application label is based on the presence of numerous YugabyteDB components running on the server. The processes and ports include various Yugabyte database binaries such as 'postgres' and 'yb-server', which typically belong to a YugabyteDB setup. Also, these processes are connected to typical ports utilized by the YugabyteDB ecosystem, thus indicating strongly that the application is YugabyteDB."
Label OAM was predicted due to the presence of process with value 'java-port 8009-TCP'.,"The presence of multiple Java processes, especially on port 8009, which is often associated with connectors like Apache Tomcat which can be used in many application environments typically involve some form of middleware operations. The combination of Java processes on varied ports of 8009, 8109, along with complex client-server interactions hinted by other processes suggests an application environment closely associated with operational management activities, like an Oracle Access Management (OAM) setup, that might use Java heavily for managing authentication and access mechanisms, although there's no direct indication pointing towards highly distinctive application functionalities like SAP or DATALAKE related operations. Thus, given such contexts, OAM is a likely candidate for application prediction."
Label Tanium was predicted due to the presence of process with value '/opt/Tanium/TaniumClient/TaniumClient-port 17472-TCP'.,"The presence of the Tanium Client process '/opt/Tanium/TaniumClient/TaniumClient-port 17472-TCP' is a strong indicator of the Tanium application, as it is commonly used for endpoint management and security. Although other processes hint at backup and security utilities, Tanium stands out as a definitive application name that can be mapped to the observed data."
Label OAUTH was predicted due to the presence of process with value '/usr/local/qualys/cloud-agent/bin/agentid-service'.,"The presence of the '/usr/local/qualys/cloud-agent/bin/agentid-service' and other cloud monitoring agents suggest that this application might be related to monitoring or security compliance services. However, since it doesn't directly correlate to any listed application, one possibility could be the OAUTH application, as the processes suggest security-oriented tasks. Given the uncertainty and lack of strong evidence directly linking to an application, the confidence is set to False."
Label OPICP was predicted due to the presence of hostname with value 'arvra00a0999'.,"The hostname 'arvra00a0999' does not explicitly match any application based on naming convention, however, it is often indirectly linked with the OPICP application. No other clear indicators from processes suggest a different app label match, therefore OPICP is considered."
Label 1CTM was predicted due to the presence of process with value 'TridionDeployerWorkerService-1CTMStaging'.,"The presence of multiple instances of processes associated with the 'TridionDeployerWorkerService' specifically mentioning '1CTMStaging' as part of their identifiers strongly indicates that this application label should be '1CTM'. The processes like 'procrun.exe' with suffixes like '1CTMStaging-WP1' and '1CTMStaging-WP2' point towards a custom or specifically defined application environment named '1CTM'. Given the specificity of these designators and their frequency, it supports a confident prediction toward the application label '1CTM'."
Label OAM was predicted due to the presence of process with value '/opt/VRTSpbx/bin/pbx_exchange-port 1556-TCP'.,"The application prediction OAM is based on the presence of the process '/opt/VRTSpbx/bin/pbx_exchange-port 1556-TCP', which suggests involvement with process-based exchanges that might relate to OAM functionalities. OAM often involves task scheduling and handling, which could be linked through this type of process setup."
Label ATHEN was predicted due to the presence of hostname with value 'aztmpeewn01bp'.,"The hostname 'aztmpeewn01bp' itself does not have any clear indication towards any specific application label. However, the services running – such as TaniumClient and elements from Avamar, both of which concern endpoint and backup management – might be related to organizational activities, such as those for the ATHEN label (if ATHEN refers to a department or business purpose related to system management). Given the lack of a strong correlation with specific applications from process and port information directly, ATHEN, which often represents application-related usage in systems, is selected as the best fit given the list of previous labels."
Label ICMP was predicted due to the presence of process name with value '/usr/sbin/snmpd'.,"The presence of several instances of the 'snmpd' process (Simple Network Management Protocol daemon) indicates network management and monitoring, which aligns with ICMP (Internet Control Message Protocol) activities used for network testing, diagnostics, and configuration. Given the absence of other specific application indicators, 'ICMP' is selected as it is commonly associated with these types of network-related processes."
