hostname,process_port,predicted_env,location,predicted_app,predicted_role,app_prediction_explanation_short,app_prediction_explanation,role_prediction_explanation_short,role_prediction_explanation
CDPWA91A1000,"{'D:\\Program Files (x86)\\Sterling Commerce\\Connect Direct v6.3.0\\Server\\CDNT.exe-Connect Direct v6.3.0-port 1364-TCP', 'C:\\Windows\\System32\\inetsrv\\inetinfo.exe-SMTPSVC-port 51002-TCP', 'C:\\Windows\\System32\\svchost.exe-port 5050-UDP', 'C:\\Program Files (x86)\\Tanium\\Tanium Client\\TaniumClient.exe-port 17472-TCP', 'System-port 8732-TCP', 'C:\\Windows\\System32\\svchost.exe-TermService-port 3389-UDP', 'C:\\Windows\\System32\\lsass.exe-Netlogon-port 49669-TCP', 'C:\\Windows\\System32\\svchost.exe-PolicyAgent-port 49668-TCP', 'C:\\Program Files\\NetprobeNT_prod2\\NetprobeNT-DEV-22211.exe-NetprobeNT-DEV-22211-port 22211-TCP', 'System-WinRm-port 5985-TCP', 'D:\\Program Files (x86)\\Sterling Commerce\\Connect Direct v6.3.0\\ibm_jre\\jre\\bin\\javaw.exe-port 1368-TCP', 'C:\\Windows\\System32\\lsass.exe-port 49667-TCP', 'C:\\Windows\\System32\\wininit.exe-port 49664-TCP', 'C:\\Program Files\\VERITAS\\NetBackup\\bin\\vnetd.exe-port 13724-TCP', '\\\\azt2823nvs1.wellsfargo.com\\SimCorp_Tempe_SitDev_Netroot\\DEV01\\Vendor\\bin\\SCD.EXE-SimCorpDimensionServiceMUCS2DEV01-port 5172-TCP', 'C:\\Windows\\System32\\svchost.exe-SSDPSRV-port 1900-UDP', 'C:\\Program Files\\VERITAS\\NetBackup\\bin\\bpcd.exe-port 13782-TCP', 'C:\\Windows\\System32\\inetsrv\\inetinfo.exe-SMTPSVC-port 3456-UDP', 'C:\\ProgramData\\Qualys\\SandboxRO\\agentid-service.exe-port 9293-TCP', 'C:\\Program Files (x86)\\VERITAS\\VxPBX\\bin\\pbx_exchange.exe-VRTSpbx-port 1556-TCP', 'C:\\Program Files (x86)\\BigFix Enterprise\\BES Client\\BESClient.exe-BESClient-port 52311-UDP', 'C:\\Windows\\System32\\svchost.exe-SSDPSRV-port 57183-UDP', 'System-SMB-port 445-TCP', 'C:\\Windows\\System32\\svchost.exe-IKEEXT-port 4500-UDP', 'C:\\Program Files\\Emulex\\Util\\Common\\RMServer.exe-Emulex HBA Management-port 23333-TCP', 'C:\\Windows\\System32\\svchost.exe-TermService-port 3389-TCP', 'C:\\Program Files\\Symantec\\Symantec Endpoint Protection\\14.3.11216.9000.105\\Bin64\\ccSvcHst.exe-SepMasterService-port 2969-UDP', 'C:\\Windows\\System32\\svchost.exe-W32Time-port 123-UDP', 'System-port 80-TCP', 'C:\\Windows\\System32\\svchost.exe-SessionEnv-port 49666-TCP', 'System-WinRm-port 47001-TCP', 'C:\\Windows\\System32\\inetsrv\\inetinfo.exe-SMTPSVC-port 25-TCP', 'D:\\Program Files (x86)\\Sterling Commerce\\Connect Direct v6.3.0\\ibm_jre\\jre\\bin\\java.exe-port 1365-TCP', 'C:\\Windows\\System32\\svchost.exe-IKEEXT-port 500-UDP', 'C:\\Windows\\System32\\inetsrv\\inetinfo.exe-SMTPSVC-port 50986-TCP', 'C:\\Windows\\System32\\svchost.exe-SSDPSRV-port 57182-UDP', 'D:\\Program Files (x86)\\Sterling Commerce\\Connect Direct v6.3.0\\Server\\CDNT.exe-Connect Direct v6.3.0-port 1363-TCP', 'C:\\Windows\\System32\\svchost.exe-RpcSs-port 135-TCP', 'System-port 2969-TCP', 'C:\\Windows\\System32\\services.exe-port 56403-TCP', 'C:\\Windows\\System32\\svchost.exe-EventLog-port 49665-TCP'}",Development,NaN,1SCD2,Application Server,Label 1SCD2 was predicted due to the presence of process name with value 'SCD.EXE-SimCorpDimensionServiceMUCS2DEV01'.,"The application label '1SCD2' was predicted because of the presence of the process '\\azt2823nvs1.wellsfargo.com\SimCorp_Tempe_SitDev_Netroot\DEV01\Vendor\bin\SCD.EXE-SimCorpDimensionServiceMUCS2DEV01'. This process name is strongly indicative of SimCorp Dimension, which often corresponds with financial services applications that could reasonably fit the custom pattern seen in the label '1SCD2'.",Label Application Server was predicted due to the presence of process name with value 'Connect Direct v6.3.0'.,"The role 'Application Server' was predicted primarily due to the presence of processes such as 'Connect Direct v6.3.0' and several Java processes that are typical of middleware or integration applications, supporting data exchanges or service hosting. Without a strict matching label, the likelihood is that this server fulfills a role that involves running applications, quite possibly facilitating data and application integration."
CSPWA90A3000,"{'D:\\Program Files (x86)\\Sterling Commerce\\Connect Direct v6.3.0\\Server\\CDNT.exe-Connect Direct v6.3.0-port 1364-TCP', 'D:\\AutoSys 11.3\\SystemAgent\\autosys_dev\\cybAgent.exe-CA Workload Automation Agent (autosys_dev)-port 9490-TCP', 'C:\\Windows\\System32\\svchost.exe-port 5050-UDP', 'C:\\Program Files (x86)\\Tanium\\Tanium Client\\TaniumClient.exe-port 17472-TCP', 'C:\\Program Files (x86)\\CA\\SC\\Csam\\SockAdapter\\bin64\\CSAMPmux64.exe-CA-SAM-Pmux-port 7163-TCP', 'System-port 8732-TCP', 'C:\\Windows\\System32\\svchost.exe-TermService-port 3389-UDP', 'C:\\Windows\\System32\\lsass.exe-Netlogon-port 49669-TCP', 'C:\\Windows\\System32\\svchost.exe-PolicyAgent-port 49668-TCP', 'System-WinRm-port 5985-TCP', 'C:\\Windows\\System32\\services.exe-port 64233-TCP', 'D:\\Program Files (x86)\\Sterling Commerce\\Connect Direct v6.3.0\\ibm_jre\\jre\\bin\\javaw.exe-port 1368-TCP', 'C:\\Windows\\System32\\lsass.exe-port 49667-TCP', 'C:\\Windows\\System32\\wininit.exe-port 49664-TCP', 'C:\\Program Files\\VERITAS\\NetBackup\\bin\\vnetd.exe-port 13724-TCP', 'C:\\Windows\\System32\\inetsrv\\inetinfo.exe-SMTPSVC-port 52248-TCP', 'C:\\Windows\\System32\\svchost.exe-SSDPSRV-port 1900-UDP', 'C:\\Windows\\System32\\svchost.exe-SSDPSRV-port 63428-UDP', 'C:\\Windows\\System32\\svchost.exe-SSDPSRV-port 63429-UDP', 'D:\\AutoSys 11.3\\SystemAgent\\autosys_prod\\cybAgent.exe-CA Workload Automation Agent (autosys_prod)-port 9495-TCP', 'C:\\Program Files\\VERITAS\\NetBackup\\bin\\bpcd.exe-port 13782-TCP', 'C:\\Windows\\System32\\inetsrv\\inetinfo.exe-SMTPSVC-port 3456-UDP', 'C:\\ProgramData\\Qualys\\SandboxRO\\agentid-service.exe-port 9293-TCP', 'C:\\Program Files (x86)\\VERITAS\\VxPBX\\bin\\pbx_exchange.exe-VRTSpbx-port 1556-TCP', 'C:\\Program Files (x86)\\BigFix Enterprise\\BES Client\\BESClient.exe-BESClient-port 52311-UDP', 'C:\\Windows\\System32\\svchost.exe-IKEEXT-port 4500-UDP', 'System-SMB-port 445-TCP', 'C:\\Windows\\System32\\inetsrv\\inetinfo.exe-SMTPSVC-port 52263-TCP', 'C:\\Program Files\\Emulex\\Util\\Common\\RMServer.exe-Emulex HBA Management-port 23333-TCP', 'C:\\Windows\\System32\\svchost.exe-TermService-port 3389-TCP', 'C:\\Program Files\\Symantec\\Symantec Endpoint Protection\\14.3.11216.9000.105\\Bin64\\ccSvcHst.exe-SepMasterService-port 2969-UDP', 'C:\\Windows\\System32\\svchost.exe-W32Time-port 123-UDP', 'C:\\Windows\\System32\\svchost.exe-SessionEnv-port 49666-TCP', 'C:\\Windows\\System32\\inetsrv\\inetinfo.exe-SMTPSVC-port 25-TCP', 'System-WinRm-port 47001-TCP', 'D:\\Program Files (x86)\\Sterling Commerce\\Connect Direct v6.3.0\\ibm_jre\\jre\\bin\\java.exe-port 1365-TCP', 'C:\\Windows\\System32\\svchost.exe-IKEEXT-port 500-UDP', 'D:\\Program Files (x86)\\Sterling Commerce\\Connect Direct v6.3.0\\Server\\CDNT.exe-Connect Direct v6.3.0-port 1363-TCP', 'C:\\Windows\\System32\\svchost.exe-RpcSs-port 135-TCP', 'System-port 2969-TCP', 'C:\\Windows\\System32\\svchost.exe-EventLog-port 49665-TCP', 'D:\\qosmon\\NetprobeNT-DEV-22211\\NetprobeNT-DEV-22211.exe-NetprobeNT-DEV-22211-port 22211-TCP'}",Production,NaN,1SCD2,File Transfer Service,Label 1SCD2 was predicted due to the presence of process name with value 'Connect Direct v6.3.0'.,"The application label '1SCD2' is chosen based on the presence of a common process used in Sterling Commerce platforms, specifically 'Connect Direct v6.3.0'. This process frequently correlates with the data transfer activities handled by the application known in past data as '1SCD2'. This pattern has been observed in similar inventories, where 'Connect Direct' has been directly linked with '1SCD2'. Thus, it's a reasonable assumption that this pattern holds true here.",Label File Transfer Service was predicted due to the presence of process name with value 'Connect Direct v6.3.0'.,"The role 'File Transfer Service' is assigned because 'Connect Direct v6.3.0' is a direct indication of managed file transfer capabilities. Sterling Commerce's Connect Direct is typically utilized for secure and managed data exchanges between systems. None of the role labels match the previous patterns, suggesting a custom designation, hence the generic interpretation as a file transfer role."
CSPWA90A2000,"{'D:\\Program Files (x86)\\Sterling Commerce\\Connect Direct v6.3.0\\Server\\CDNT.exe-Connect Direct v6.3.0-port 1364-TCP', 'D:\\AutoSys 11.3\\SystemAgent\\autosys_dev\\cybAgent.exe-CA Workload Automation Agent (autosys_dev)-port 9490-TCP', 'C:\\Windows\\System32\\services.exe-port 52840-TCP', 'C:\\Windows\\System32\\svchost.exe-port 5050-UDP', 'C:\\Windows\\System32\\inetsrv\\inetinfo.exe-SMTPSVC-port 61225-TCP', 'C:\\Program Files (x86)\\Tanium\\Tanium Client\\TaniumClient.exe-port 17472-TCP', 'C:\\Program Files (x86)\\CA\\SC\\Csam\\SockAdapter\\bin64\\CSAMPmux64.exe-CA-SAM-Pmux-port 7163-TCP', 'System-port 8732-TCP', 'C:\\Windows\\System32\\svchost.exe-TermService-port 3389-UDP', 'C:\\Windows\\System32\\lsass.exe-Netlogon-port 49669-TCP', 'C:\\Windows\\System32\\svchost.exe-PolicyAgent-port 49668-TCP', 'C:\\Program Files\\NetprobeNT_prod2\\NetprobeNT-DEV-22211.exe-NetprobeNT-DEV-22211-port 22211-TCP', 'System-WinRm-port 5985-TCP', 'C:\\Windows\\System32\\inetsrv\\inetinfo.exe-SMTPSVC-port 61216-TCP', 'D:\\Program Files (x86)\\Sterling Commerce\\Connect Direct v6.3.0\\ibm_jre\\jre\\bin\\javaw.exe-port 1368-TCP', 'C:\\Windows\\System32\\lsass.exe-port 49667-TCP', 'C:\\Windows\\System32\\wininit.exe-port 49664-TCP', 'C:\\Program Files\\VERITAS\\NetBackup\\bin\\vnetd.exe-port 13724-TCP', 'C:\\Windows\\System32\\svchost.exe-SSDPSRV-port 1900-UDP', 'D:\\AutoSys 11.3\\SystemAgent\\autosys_prod\\cybAgent.exe-CA Workload Automation Agent (autosys_prod)-port 9495-TCP', 'C:\\Program Files\\VERITAS\\NetBackup\\bin\\bpcd.exe-port 13782-TCP', 'C:\\Windows\\System32\\inetsrv\\inetinfo.exe-SMTPSVC-port 3456-UDP', 'C:\\ProgramData\\Qualys\\SandboxRO\\agentid-service.exe-port 9293-TCP', 'C:\\Program Files (x86)\\VERITAS\\VxPBX\\bin\\pbx_exchange.exe-VRTSpbx-port 1556-TCP', 'C:\\Program Files (x86)\\BigFix Enterprise\\BES Client\\BESClient.exe-BESClient-port 52311-UDP', '\\\\azt2823nvs1.wellsfargo.com\\SimCorp_Tempe_SitDev_Netroot\\SIT02\\Vendor\\bin\\SCD.EXE-SimCorpDimensionServiceMUCSSIT02-port 5713-TCP', 'C:\\Windows\\System32\\svchost.exe-SSDPSRV-port 61748-UDP', 'C:\\Windows\\System32\\svchost.exe-IKEEXT-port 4500-UDP', 'System-SMB-port 445-TCP', 'C:\\Program Files\\Emulex\\Util\\Common\\RMServer.exe-Emulex HBA Management-port 23333-TCP', 'C:\\Windows\\System32\\svchost.exe-TermService-port 3389-TCP', 'C:\\Program Files\\Symantec\\Symantec Endpoint Protection\\14.3.11216.9000.105\\Bin64\\ccSvcHst.exe-SepMasterService-port 2969-UDP', 'C:\\Windows\\System32\\svchost.exe-W32Time-port 123-UDP', 'C:\\Windows\\System32\\svchost.exe-SessionEnv-port 49666-TCP', 'C:\\Windows\\System32\\inetsrv\\inetinfo.exe-SMTPSVC-port 25-TCP', 'System-WinRm-port 47001-TCP', 'D:\\Program Files (x86)\\Sterling Commerce\\Connect Direct v6.3.0\\ibm_jre\\jre\\bin\\java.exe-port 1365-TCP', 'C:\\Windows\\System32\\svchost.exe-IKEEXT-port 500-UDP', 'D:\\Program Files (x86)\\Sterling Commerce\\Connect Direct v6.3.0\\Server\\CDNT.exe-Connect Direct v6.3.0-port 1363-TCP', 'C:\\Windows\\System32\\svchost.exe-RpcSs-port 135-TCP', 'C:\\Windows\\System32\\svchost.exe-SSDPSRV-port 61747-UDP', 'System-port 2969-TCP', 'C:\\Windows\\System32\\svchost.exe-EventLog-port 49665-TCP'}",Production,NaN,1SCD2,Data Transfer Service,Label 1SCD2 was predicted due to the presence of process with value SCD.EXE.,"The prediction for the application label is '1SCD2' due to the presence of the process 'SCD.EXE-SimCorpDimensionServiceMUCSSIT02'. The SCD.EXE process strongly indicates the application is related to a SimCorp Dimension service, which aligns with previous application label '1SCD2' seen in the network.",Label Data Transfer Service was predicted due to the presence of process with value CDNT.exe.,"The role prediction is 'Data Transfer Service' because the presence of 'CDNT.exe-Connect Direct v6.3.0' indicates activities related to file transfer processes. Connect:Direct is a known application for secure, managed file transfers, suggesting that the resource's role is related to data or file transfer."
CSPWA91A3000,"{'D:\\Program Files (x86)\\Sterling Commerce\\Connect Direct v6.3.0\\Server\\CDNT.exe-Connect Direct v6.3.0-port 1364-TCP', 'D:\\AutoSys 11.3\\SystemAgent\\autosys_dev\\cybAgent.exe-CA Workload Automation Agent (autosys_dev)-port 9490-TCP', '\\\\azt2823nvs1.wellsfargo.com\\SimCorp_Tempe_SitDev_Netroot\\SIT03\\Vendor\\bin\\SCD.EXE-SimCorpDimensionServiceMUCS2SIT03-port 5713-TCP', 'C:\\Windows\\System32\\svchost.exe-port 5050-UDP', 'C:\\Windows\\System32\\inetsrv\\inetinfo.exe-SMTPSVC-port 62345-TCP', 'C:\\Program Files (x86)\\Tanium\\Tanium Client\\TaniumClient.exe-port 17472-TCP', 'C:\\Program Files (x86)\\CA\\SC\\Csam\\SockAdapter\\bin64\\CSAMPmux64.exe-CA-SAM-Pmux-port 7163-TCP', 'System-port 8732-TCP', 'C:\\Windows\\System32\\svchost.exe-TermService-port 3389-UDP', 'C:\\Windows\\System32\\lsass.exe-Netlogon-port 49669-TCP', 'C:\\Windows\\System32\\svchost.exe-PolicyAgent-port 49668-TCP', 'C:\\Program Files\\NetprobeNT_prod2\\NetprobeNT-DEV-22211.exe-NetprobeNT-DEV-22211-port 22211-TCP', 'System-WinRm-port 5985-TCP', 'C:\\Windows\\System32\\inetsrv\\inetinfo.exe-SMTPSVC-port 62356-TCP', 'D:\\Program Files (x86)\\Sterling Commerce\\Connect Direct v6.3.0\\ibm_jre\\jre\\bin\\javaw.exe-port 1368-TCP', 'C:\\Windows\\System32\\lsass.exe-port 49667-TCP', 'C:\\Windows\\System32\\wininit.exe-port 49664-TCP', 'C:\\Program Files\\VERITAS\\NetBackup\\bin\\vnetd.exe-port 13724-TCP', 'C:\\Windows\\System32\\svchost.exe-SSDPSRV-port 1900-UDP', 'D:\\AutoSys 11.3\\SystemAgent\\autosys_prod\\cybAgent.exe-CA Workload Automation Agent (autosys_prod)-port 9495-TCP', 'C:\\Program Files\\VERITAS\\NetBackup\\bin\\bpcd.exe-port 13782-TCP', 'C:\\Windows\\System32\\inetsrv\\inetinfo.exe-SMTPSVC-port 3456-UDP', 'C:\\ProgramData\\Qualys\\SandboxRO\\agentid-service.exe-port 9293-TCP', 'C:\\Program Files (x86)\\VERITAS\\VxPBX\\bin\\pbx_exchange.exe-VRTSpbx-port 1556-TCP', 'C:\\Program Files (x86)\\BigFix Enterprise\\BES Client\\BESClient.exe-BESClient-port 52311-UDP', 'C:\\Windows\\System32\\svchost.exe-SSDPSRV-port 63697-UDP', 'C:\\Windows\\System32\\svchost.exe-IKEEXT-port 4500-UDP', 'System-SMB-port 445-TCP', 'C:\\Program Files\\Emulex\\Util\\Common\\RMServer.exe-Emulex HBA Management-port 23333-TCP', 'C:\\Windows\\System32\\services.exe-port 49882-TCP', 'C:\\Windows\\System32\\svchost.exe-TermService-port 3389-TCP', 'C:\\Program Files\\Symantec\\Symantec Endpoint Protection\\14.3.11216.9000.105\\Bin64\\ccSvcHst.exe-SepMasterService-port 2969-UDP', 'C:\\Windows\\System32\\svchost.exe-W32Time-port 123-UDP', 'C:\\Windows\\System32\\svchost.exe-SessionEnv-port 49666-TCP', 'C:\\Windows\\System32\\inetsrv\\inetinfo.exe-SMTPSVC-port 25-TCP', 'System-WinRm-port 47001-TCP', 'C:\\Windows\\System32\\svchost.exe-SSDPSRV-port 63696-UDP', 'D:\\Program Files (x86)\\Sterling Commerce\\Connect Direct v6.3.0\\ibm_jre\\jre\\bin\\java.exe-port 1365-TCP', 'C:\\Windows\\System32\\svchost.exe-IKEEXT-port 500-UDP', 'D:\\Program Files (x86)\\Sterling Commerce\\Connect Direct v6.3.0\\Server\\CDNT.exe-Connect Direct v6.3.0-port 1363-TCP', 'C:\\Windows\\System32\\svchost.exe-RpcSs-port 135-TCP', 'System-port 2969-TCP', 'C:\\Windows\\System32\\svchost.exe-EventLog-port 49665-TCP'}",Production,NaN,1SCD2,File Transfer Server,Label 1SCD2 was predicted due to the presence of process with value 'SCD.EXE'.,"The application label '1SCD2' was confidently predicted because the process listing includes 'SCD.EXE', which is strongly associated with SimCorpDimension, and '1SCD2' matches historical labels related to SimCorpDimension in similar networks.",Label File Transfer Server was predicted due to the presence of process with value 'Connect Direct'.,"The role of 'File Transfer Server' is inferred by the presence of 'Connect Direct', which is a service commonly used for data and file transmission tasks. This process aligns well with a role label for a server handling data exchanges or file transfers."
CSPWA90A1000,"{'D:\\Program Files (x86)\\Sterling Commerce\\Connect Direct v6.3.0\\Server\\CDNT.exe-Connect Direct v6.3.0-port 1364-TCP', 'D:\\AutoSys 11.3\\SystemAgent\\autosys_dev\\cybAgent.exe-CA Workload Automation Agent (autosys_dev)-port 9490-TCP', 'C:\\Windows\\System32\\svchost.exe-port 5050-UDP', 'C:\\Program Files (x86)\\Tanium\\Tanium Client\\TaniumClient.exe-port 17472-TCP', 'C:\\Program Files (x86)\\CA\\SC\\Csam\\SockAdapter\\bin64\\CSAMPmux64.exe-CA-SAM-Pmux-port 7163-TCP', 'System-port 8732-TCP', 'C:\\Windows\\System32\\svchost.exe-SSDPSRV-port 57608-UDP', 'C:\\Windows\\System32\\svchost.exe-TermService-port 3389-UDP', 'C:\\Windows\\System32\\lsass.exe-Netlogon-port 49669-TCP', 'C:\\Windows\\System32\\svchost.exe-PolicyAgent-port 49668-TCP', 'C:\\Windows\\System32\\svchost.exe-Schedule-port 49666-TCP', 'C:\\Program Files\\NetprobeNT_prod2\\NetprobeNT-DEV-22211.exe-NetprobeNT-DEV-22211-port 22211-TCP', 'System-WinRm-port 5985-TCP', 'D:\\Program Files (x86)\\Sterling Commerce\\Connect Direct v6.3.0\\ibm_jre\\jre\\bin\\javaw.exe-port 1368-TCP', 'C:\\Windows\\System32\\lsass.exe-port 49667-TCP', 'C:\\Windows\\System32\\wininit.exe-port 49664-TCP', 'C:\\Program Files\\VERITAS\\NetBackup\\bin\\vnetd.exe-port 13724-TCP', 'C:\\Windows\\System32\\svchost.exe-EventLog-port 49665-TCP', 'C:\\Windows\\System32\\svchost.exe-SSDPSRV-port 1900-UDP', 'D:\\AutoSys 11.3\\SystemAgent\\autosys_prod\\cybAgent.exe-CA Workload Automation Agent (autosys_prod)-port 9495-TCP', 'C:\\Program Files\\VERITAS\\NetBackup\\bin\\bpcd.exe-port 13782-TCP', 'C:\\Windows\\System32\\inetsrv\\inetinfo.exe-SMTPSVC-port 3456-UDP', 'C:\\ProgramData\\Qualys\\SandboxRO\\agentid-service.exe-port 9293-TCP', 'C:\\Program Files (x86)\\VERITAS\\VxPBX\\bin\\pbx_exchange.exe-VRTSpbx-port 1556-TCP', 'C:\\Program Files (x86)\\BigFix Enterprise\\BES Client\\BESClient.exe-BESClient-port 52311-UDP', '\\\\azt2823nvs1.wellsfargo.com\\SimCorp_Tempe_SitDev_Netroot\\SIT01\\Vendor\\bin\\SCD.EXE-SimCorpDimensionServiceMUCSSIT01-port 5713-TCP', 'C:\\Windows\\System32\\svchost.exe-IKEEXT-port 4500-UDP', 'System-SMB-port 445-TCP', 'C:\\Program Files\\Emulex\\Util\\Common\\RMServer.exe-Emulex HBA Management-port 23333-TCP', 'C:\\Windows\\System32\\svchost.exe-SSDPSRV-port 57607-UDP', 'C:\\Windows\\System32\\svchost.exe-TermService-port 3389-TCP', 'C:\\Program Files\\Symantec\\Symantec Endpoint Protection\\14.3.11216.9000.105\\Bin64\\ccSvcHst.exe-SepMasterService-port 2969-UDP', 'C:\\Windows\\System32\\svchost.exe-W32Time-port 123-UDP', 'C:\\Windows\\System32\\inetsrv\\inetinfo.exe-SMTPSVC-port 25-TCP', 'System-WinRm-port 47001-TCP', 'C:\\Windows\\System32\\services.exe-port 58691-TCP', 'D:\\Program Files (x86)\\Sterling Commerce\\Connect Direct v6.3.0\\ibm_jre\\jre\\bin\\java.exe-port 1365-TCP', 'C:\\Windows\\System32\\svchost.exe-IKEEXT-port 500-UDP', 'D:\\Program Files (x86)\\Sterling Commerce\\Connect Direct v6.3.0\\Server\\CDNT.exe-Connect Direct v6.3.0-port 1363-TCP', 'C:\\Windows\\System32\\svchost.exe-RpcSs-port 135-TCP', 'System-port 2969-TCP', 'C:\\Windows\\System32\\inetsrv\\inetinfo.exe-SMTPSVC-port 55939-TCP', 'C:\\Windows\\System32\\inetsrv\\inetinfo.exe-SMTPSVC-port 55924-TCP'}",Production,NaN,1SCD2,File Transfer,Label 1SCD2 was predicted due to the presence of process with value 'SCD.EXE'.,"The prediction for the application label is primarily based on the presence of the process 'SCD.EXE' which is part of the 'SimCorp Dimension' service. This closely correlates with the application label '1SCD2', which is one of the known labels for this network. The process clearly indicates the machine's usage towards a financial software solution provided by SimCorp, thus the confident prediction for the label 1SCD2.",Label File Transfer was predicted due to the presence of process with value 'Connect Direct v6.3.0'.,"For predicting the role label, the presence of 'Connect Direct v6.3.0' strongly indicates the role of a File Transfer server. Connect:Direct is often used for scheduled and secure large-scale file transfers across different systems, which suggests that this server is primarily tasked with file transfer operations, possibly between internal systems or with external partners."
CSPWA91A2000,"{'D:\\Program Files (x86)\\Sterling Commerce\\Connect Direct v6.3.0\\Server\\CDNT.exe-Connect Direct v6.3.0-port 1364-TCP', 'D:\\AutoSys 11.3\\SystemAgent\\autosys_dev\\cybAgent.exe-CA Workload Automation Agent (autosys_dev)-port 9490-TCP', 'C:\\Windows\\System32\\svchost.exe-port 5050-UDP', 'C:\\Program Files (x86)\\Tanium\\Tanium Client\\TaniumClient.exe-port 17472-TCP', 'C:\\Program Files (x86)\\CA\\SC\\Csam\\SockAdapter\\bin64\\CSAMPmux64.exe-CA-SAM-Pmux-port 7163-TCP', 'System-port 8732-TCP', 'C:\\Windows\\System32\\svchost.exe-TermService-port 3389-UDP', 'C:\\Windows\\System32\\lsass.exe-Netlogon-port 49669-TCP', 'C:\\Windows\\System32\\inetsrv\\inetinfo.exe-SMTPSVC-port 63753-TCP', 'C:\\Windows\\System32\\svchost.exe-PolicyAgent-port 49668-TCP', 'C:\\Program Files\\NetprobeNT_prod2\\NetprobeNT-DEV-22211.exe-NetprobeNT-DEV-22211-port 22211-TCP', 'System-WinRm-port 5985-TCP', 'C:\\Windows\\System32\\inetsrv\\inetinfo.exe-SMTPSVC-port 63761-TCP', 'C:\\Windows\\System32\\services.exe-port 55952-TCP', 'D:\\Program Files (x86)\\Sterling Commerce\\Connect Direct v6.3.0\\ibm_jre\\jre\\bin\\javaw.exe-port 1368-TCP', 'C:\\Windows\\System32\\lsass.exe-port 49667-TCP', 'C:\\Windows\\System32\\wininit.exe-port 49664-TCP', 'C:\\Program Files\\VERITAS\\NetBackup\\bin\\vnetd.exe-port 13724-TCP', 'C:\\Windows\\System32\\svchost.exe-SSDPSRV-port 1900-UDP', 'D:\\AutoSys 11.3\\SystemAgent\\autosys_prod\\cybAgent.exe-CA Workload Automation Agent (autosys_prod)-port 9495-TCP', 'C:\\Program Files\\VERITAS\\NetBackup\\bin\\bpcd.exe-port 13782-TCP', 'C:\\Windows\\System32\\inetsrv\\inetinfo.exe-SMTPSVC-port 3456-UDP', 'C:\\ProgramData\\Qualys\\SandboxRO\\agentid-service.exe-port 9293-TCP', 'C:\\Program Files (x86)\\VERITAS\\VxPBX\\bin\\pbx_exchange.exe-VRTSpbx-port 1556-TCP', 'C:\\Program Files (x86)\\BigFix Enterprise\\BES Client\\BESClient.exe-BESClient-port 52311-UDP', 'C:\\Windows\\System32\\svchost.exe-SSDPSRV-port 61556-UDP', 'C:\\Windows\\System32\\svchost.exe-SSDPSRV-port 61555-UDP', 'C:\\Windows\\System32\\svchost.exe-IKEEXT-port 4500-UDP', 'System-SMB-port 445-TCP', 'C:\\Program Files\\Emulex\\Util\\Common\\RMServer.exe-Emulex HBA Management-port 23333-TCP', 'C:\\Windows\\System32\\svchost.exe-TermService-port 3389-TCP', 'C:\\Program Files\\Symantec\\Symantec Endpoint Protection\\14.3.11216.9000.105\\Bin64\\ccSvcHst.exe-SepMasterService-port 2969-UDP', 'C:\\Windows\\System32\\svchost.exe-W32Time-port 123-UDP', 'C:\\Windows\\System32\\svchost.exe-SessionEnv-port 49666-TCP', 'C:\\Windows\\System32\\inetsrv\\inetinfo.exe-SMTPSVC-port 25-TCP', 'System-WinRm-port 47001-TCP', 'D:\\Program Files (x86)\\Sterling Commerce\\Connect Direct v6.3.0\\ibm_jre\\jre\\bin\\java.exe-port 1365-TCP', 'C:\\Windows\\System32\\svchost.exe-IKEEXT-port 500-UDP', 'D:\\Program Files (x86)\\Sterling Commerce\\Connect Direct v6.3.0\\Server\\CDNT.exe-Connect Direct v6.3.0-port 1363-TCP', 'C:\\Windows\\System32\\svchost.exe-RpcSs-port 135-TCP', 'System-port 2969-TCP', 'C:\\Windows\\System32\\svchost.exe-EventLog-port 49665-TCP'}",Production,NaN,1SCD2,Data transfer service,Label 1SCD2 was predicted due to the presence of processes with value 'Connect Direct v6.3.0'.,"The application label 1SCD2 was predicted based on the processes related to 'Connect Direct v6.3.0' and the context of Sterling Commerce applications. The hostname CSPWA91A2000 does not provide a direct correlation, but the presence of these processes is strongly associated with the 1SCD2 application, as seen in prior network data where similar processes were linked to the 1SCD2 label.",Label Data transfer service was predicted due to the presence of processes with value 'Connect Direct v6.3.0'.,"The role label 'Data transfer service' was predicted based on the presence of 'Connect Direct v6.3.0', which is known for managed file transfer capabilities. This process suggests that the server's role is likely related to handling or facilitating data transfers, which aligns well with a service role oriented around secure data exchange and file management."
CXPWA91A1000,"{'D:\\AutoSys 11.3\\SystemAgent\\autosys_dev\\cybAgent.exe-CA Workload Automation Agent (autosys_dev)-port 9490-TCP', 'C:\\Windows\\System32\\svchost.exe-port 5050-UDP', 'C:\\Program Files (x86)\\Tanium\\Tanium Client\\TaniumClient.exe-port 17472-TCP', 'C:\\Windows\\System32\\svchost.exe-PolicyAgent-port 55255-TCP', 'System-port 8732-TCP', 'C:\\Windows\\System32\\lsass.exe-Netlogon-port 49668-TCP', 'C:\\Program Files (x86)\\CA\\SharedComponents\\Csam\\SockAdapter\\bin64\\CSAMPmux64.exe-CA-SAM-Pmux-port 7163-TCP', 'C:\\Windows\\System32\\svchost.exe-TermService-port 3389-UDP', 'System-WinRm-port 5985-TCP', 'C:\\Windows\\System32\\inetsrv\\inetinfo.exe-SMTPSVC-port 55256-TCP', 'C:\\Windows\\System32\\lsass.exe-port 49667-TCP', 'C:\\Windows\\System32\\wininit.exe-port 49664-TCP', 'C:\\Program Files\\VERITAS\\NetBackup\\bin\\vnetd.exe-port 13724-TCP', 'C:\\Windows\\System32\\svchost.exe-SSDPSRV-port 1900-UDP', 'C:\\Program Files\\VERITAS\\NetBackup\\bin\\bpcd.exe-port 13782-TCP', 'C:\\Windows\\System32\\inetsrv\\inetinfo.exe-SMTPSVC-port 3456-UDP', 'C:\\ProgramData\\Qualys\\SandboxRO\\agentid-service.exe-port 9293-TCP', 'C:\\Program Files (x86)\\VERITAS\\VxPBX\\bin\\pbx_exchange.exe-VRTSpbx-port 1556-TCP', 'C:\\Program Files (x86)\\BigFix Enterprise\\BES Client\\BESClient.exe-BESClient-port 52311-UDP', 'C:\\Windows\\System32\\svchost.exe-IKEEXT-port 4500-UDP', 'System-SMB-port 445-TCP', 'C:\\Program Files\\Emulex\\Util\\Common\\RMServer.exe-Emulex HBA Management-port 23333-TCP', 'C:\\Windows\\System32\\svchost.exe-TermService-port 3389-TCP', 'C:\\Program Files\\Symantec\\Symantec Endpoint Protection\\14.3.11216.9000.105\\Bin64\\ccSvcHst.exe-SepMasterService-port 2969-UDP', 'C:\\Windows\\System32\\svchost.exe-W32Time-port 123-UDP', 'C:\\Windows\\System32\\svchost.exe-SessionEnv-port 49666-TCP', 'C:\\Windows\\System32\\inetsrv\\inetinfo.exe-SMTPSVC-port 25-TCP', 'System-WinRm-port 47001-TCP', 'C:\\Windows\\System32\\svchost.exe-SSDPSRV-port 63424-UDP', 'C:\\Windows\\System32\\svchost.exe-IKEEXT-port 500-UDP', 'C:\\Windows\\System32\\inetsrv\\inetinfo.exe-SMTPSVC-port 55265-TCP', 'C:\\Windows\\System32\\svchost.exe-RpcSs-port 135-TCP', 'System-port 2969-TCP', 'C:\\Windows\\System32\\services.exe-port 60285-TCP', 'C:\\Windows\\System32\\svchost.exe-SSDPSRV-port 63423-UDP', 'C:\\Windows\\System32\\svchost.exe-EventLog-port 49665-TCP', 'D:\\qosmon\\NetprobeNT-DEV-22211\\NetprobeNT-DEV-22211.exe-NetprobeNT-DEV-22211-port 22211-TCP'}",Development,NaN,1SCD2,SMTP Server,Label 1SCD2 was predicted due to the presence of process with value 'CA Workload Automation Agent (autosys_dev)'.,"The application label 1SCD2 has been predicted based on the presence of the 'CA Workload Automation Agent (autosys_dev)' process running on port 9490-TCP. In previous examples, the label 1SCD2 was associated with the presence of processes related to Autosys, which is a known CA Workload Automation tool. Hence, this correlation helps in predicting the application label with confidence.",Label SMTP Server was predicted due to the presence of process with value 'inetsrv\inetinfo.exe-SMTPSVC'.,"The role prediction of SMTP Server is based on the presence of multiple instances of the process 'inetinfo.exe' under 'inetsrv' which is the Internet Information Services (IIS) administration program, frequently used in SMTP services. The use of various ports for SMTPSVC (port 25, 3456-UDP, 55256-TCP) further suggests a role centered around sending emails or similar SMTP functions."
CUPWA91A1000,"{'D:\\Program Files (x86)\\Sterling Commerce\\Connect Direct v6.3.0\\Server\\CDNT.exe-Connect Direct v6.3.0-port 1364-TCP', 'C:\\Windows\\System32\\services.exe-port 57403-TCP', 'D:\\AutoSys 11.3\\SystemAgent\\autosys_dev\\cybAgent.exe-CA Workload Automation Agent (autosys_dev)-port 9490-TCP', 'C:\\Windows\\System32\\inetsrv\\inetinfo.exe-SMTPSVC-port 54589-TCP', 'C:\\Windows\\System32\\svchost.exe-port 5050-UDP', 'C:\\Program Files (x86)\\Tanium\\Tanium Client\\TaniumClient.exe-port 17472-TCP', 'C:\\Program Files (x86)\\CA\\SC\\Csam\\SockAdapter\\bin64\\CSAMPmux64.exe-CA-SAM-Pmux-port 7163-TCP', 'System-port 8732-TCP', 'C:\\Windows\\System32\\lsass.exe-Netlogon-port 49668-TCP', 'C:\\Windows\\System32\\svchost.exe-TermService-port 3389-UDP', 'C:\\Windows\\System32\\svchost.exe-Schedule-port 49666-TCP', 'System-WinRm-port 5985-TCP', 'D:\\Program Files (x86)\\Sterling Commerce\\Connect Direct v6.3.0\\ibm_jre\\jre\\bin\\javaw.exe-port 1368-TCP', 'C:\\Windows\\System32\\inetsrv\\inetinfo.exe-SMTPSVC-port 57341-TCP', 'C:\\Windows\\System32\\lsass.exe-port 49667-TCP', 'C:\\Windows\\System32\\wininit.exe-port 49664-TCP', 'C:\\Program Files\\VERITAS\\NetBackup\\bin\\vnetd.exe-port 13724-TCP', 'C:\\Windows\\System32\\svchost.exe-SSDPSRV-port 49626-UDP', 'C:\\Windows\\System32\\svchost.exe-SSDPSRV-port 1900-UDP', 'C:\\Windows\\System32\\svchost.exe-PolicyAgent-port 54578-TCP', 'D:\\AutoSys 11.3\\SystemAgent\\autosys_prod\\cybAgent.exe-CA Workload Automation Agent (autosys_prod)-port 9495-TCP', 'C:\\Program Files\\VERITAS\\NetBackup\\bin\\bpcd.exe-port 13782-TCP', 'C:\\Windows\\System32\\inetsrv\\inetinfo.exe-SMTPSVC-port 3456-UDP', 'C:\\ProgramData\\Qualys\\SandboxRO\\agentid-service.exe-port 9293-TCP', 'C:\\Windows\\System32\\svchost.exe-SSDPSRV-port 49625-UDP', 'C:\\Program Files (x86)\\BigFix Enterprise\\BES Client\\BESClient.exe-BESClient-port 52311-UDP', 'C:\\Program Files (x86)\\VERITAS\\VxPBX\\bin\\pbx_exchange.exe-VRTSpbx-port 1556-TCP', 'C:\\Windows\\System32\\svchost.exe-IKEEXT-port 4500-UDP', 'System-SMB-port 445-TCP', 'C:\\Program Files\\Emulex\\Util\\Common\\RMServer.exe-Emulex HBA Management-port 23333-TCP', 'C:\\Windows\\System32\\svchost.exe-TermService-port 3389-TCP', 'C:\\Program Files\\Symantec\\Symantec Endpoint Protection\\14.3.11216.9000.105\\Bin64\\ccSvcHst.exe-SepMasterService-port 2969-UDP', 'C:\\Windows\\System32\\svchost.exe-W32Time-port 123-UDP', 'C:\\Windows\\System32\\inetsrv\\inetinfo.exe-SMTPSVC-port 25-TCP', 'System-WinRm-port 47001-TCP', 'D:\\Program Files (x86)\\Sterling Commerce\\Connect Direct v6.3.0\\ibm_jre\\jre\\bin\\java.exe-port 1365-TCP', 'C:\\Windows\\System32\\svchost.exe-IKEEXT-port 500-UDP', 'D:\\Program Files (x86)\\Sterling Commerce\\Connect Direct v6.3.0\\Server\\CDNT.exe-Connect Direct v6.3.0-port 1363-TCP', 'C:\\Windows\\System32\\svchost.exe-RpcSs-port 135-TCP', 'System-port 2969-TCP', 'C:\\Windows\\System32\\svchost.exe-EventLog-port 49665-TCP'}",Production,NaN,1SCD2,application server,Label 1SCD2 was predicted due to the presence of process name with value 'D:\\AutoSys 11.3\\SystemAgent\\autosys_dev\\cybAgent.exe'.,"The application label 1SCD2 was predicted due to the presence of specific processes related to automation and workload management, particularly the CA Workload Automation Agent (autosys_dev and autosys_prod), which suggests association with a specific application or business unit identified as 1SCD2 in past data.",Label application server was predicted due to the presence of application server-related processes with value 'C:\\Windows\\System32\\inetsrv\\inetinfo.exe'.,"The role of application server was predicted due to the presence of the inetinfo.exe process, which indicates the operation of IIS (Internet Information Services). Coupling this with other application-related processes such as Veritas NetBackup and CA Workload Automation Agent, suggests the resource functions as an application server handling various services."
CRPWA90A1000,"{'D:\\Program Files (x86)\\Sterling Commerce\\Connect Direct v6.3.0\\Server\\CDNT.exe-Connect Direct v6.3.0-port 1364-TCP', 'D:\\AutoSys 11.3\\SystemAgent\\autosys_dev\\cybAgent.exe-CA Workload Automation Agent (autosys_dev)-port 9490-TCP', 'C:\\Windows\\System32\\svchost.exe-port 5050-UDP', 'C:\\Program Files (x86)\\Tanium\\Tanium Client\\TaniumClient.exe-port 17472-TCP', 'C:\\Program Files (x86)\\CA\\SC\\Csam\\SockAdapter\\bin64\\CSAMPmux64.exe-CA-SAM-Pmux-port 7163-TCP', 'C:\\Windows\\System32\\inetsrv\\inetinfo.exe-SMTPSVC-port 60144-TCP', 'System-port 8732-TCP', 'C:\\Windows\\System32\\lsass.exe-Netlogon-port 49668-TCP', 'D:\\qosmon\\NetprobeNT-PRD-22011\\NetprobeNT-PRD-22011.exe-NetprobeNT-PRD-22011-port 22011-TCP', 'C:\\Windows\\System32\\svchost.exe-TermService-port 3389-UDP', 'C:\\Windows\\System32\\svchost.exe-Schedule-port 49666-TCP', 'System-WinRm-port 5985-TCP', 'C:\\Windows\\System32\\services.exe-port 50591-TCP', 'D:\\Program Files (x86)\\Sterling Commerce\\Connect Direct v6.3.0\\ibm_jre\\jre\\bin\\javaw.exe-port 1368-TCP', 'C:\\Windows\\System32\\lsass.exe-port 49667-TCP', 'C:\\Windows\\System32\\wininit.exe-port 49664-TCP', 'C:\\Program Files\\VERITAS\\NetBackup\\bin\\vnetd.exe-port 13724-TCP', 'C:\\Windows\\System32\\svchost.exe-PolicyAgent-port 49669-TCP', 'C:\\Windows\\System32\\svchost.exe-SSDPSRV-port 1900-UDP', 'C:\\Windows\\System32\\svchost.exe-SSDPSRV-port 63133-UDP', 'C:\\Windows\\System32\\svchost.exe-SSDPSRV-port 63134-UDP', 'D:\\AutoSys 11.3\\SystemAgent\\autosys_prod\\cybAgent.exe-CA Workload Automation Agent (autosys_prod)-port 9495-TCP', 'C:\\Program Files\\VERITAS\\NetBackup\\bin\\bpcd.exe-port 13782-TCP', 'C:\\Windows\\System32\\inetsrv\\inetinfo.exe-SMTPSVC-port 3456-UDP', 'C:\\ProgramData\\Qualys\\SandboxRO\\agentid-service.exe-port 9293-TCP', 'C:\\Program Files (x86)\\VERITAS\\VxPBX\\bin\\pbx_exchange.exe-VRTSpbx-port 1556-TCP', 'C:\\Program Files (x86)\\BigFix Enterprise\\BES Client\\BESClient.exe-BESClient-port 52311-UDP', 'C:\\Windows\\System32\\svchost.exe-IKEEXT-port 4500-UDP', 'System-SMB-port 445-TCP', 'C:\\Windows\\System32\\inetsrv\\inetinfo.exe-SMTPSVC-port 50507-TCP', 'C:\\Program Files\\Emulex\\Util\\Common\\RMServer.exe-Emulex HBA Management-port 23333-TCP', 'C:\\Windows\\System32\\svchost.exe-TermService-port 3389-TCP', 'C:\\Program Files\\Symantec\\Symantec Endpoint Protection\\14.3.11216.9000.105\\Bin64\\ccSvcHst.exe-SepMasterService-port 2969-UDP', 'C:\\Windows\\System32\\svchost.exe-W32Time-port 123-UDP', 'C:\\Windows\\System32\\inetsrv\\inetinfo.exe-SMTPSVC-port 25-TCP', 'System-WinRm-port 47001-TCP', 'D:\\Program Files (x86)\\Sterling Commerce\\Connect Direct v6.3.0\\ibm_jre\\jre\\bin\\java.exe-port 1365-TCP', 'C:\\Windows\\System32\\svchost.exe-IKEEXT-port 500-UDP', 'D:\\Program Files (x86)\\Sterling Commerce\\Connect Direct v6.3.0\\Server\\CDNT.exe-Connect Direct v6.3.0-port 1363-TCP', 'C:\\Windows\\System32\\svchost.exe-RpcSs-port 135-TCP', 'System-port 2969-TCP', 'C:\\Windows\\System32\\svchost.exe-EventLog-port 49665-TCP'}",Production,NaN,1SCD2,File Transfer Server,Label 1SCD2 was predicted due to the presence of process with value D:\\Program Files (x86)\\Sterling Commerce\\Connect Direct v6.3.0\\Server\\CDNT.exe.,"The presence of the process 'D:\\Program Files (x86)\\Sterling Commerce\\Connect Direct v6.3.0\\Server\\CDNT.exe-Connect Direct v6.3.0-port 1364-TCP' indicates that this system is likely running Connect:Direct, a file transfer application. In the provided data, the application label '1SCD2' is associated with similar process names related to Sterling Commerce and Connect:Direct setups. There is a strong correlation between Connect:Direct processes and the application label '1SCD2' based on previous network labeling, hence the prediction for the application label as '1SCD2'.",Label File Transfer Server was predicted due to the presence of process with value D:\\Program Files (x86)\\Sterling Commerce\\Connect Direct v6.3.0\\Server\\CDNT.exe.,"Given that the process 'D:\\Program Files (x86)\\Sterling Commerce\\Connect Direct v6.3.0\\Server\\CDNT.exe-Connect Direct v6.3.0-port 1364-TCP' is associated with comms and file transfer capabilities typical of a Connect:Direct environment, the role of this resource is predicted as a 'File Transfer Server'. Connect:Direct is widely used for secure, high-volume data transfers, aligning with this predicted role. The presence of related processes and common applications on this system reaffirms the server’s role in data transfer or communications protocol handling."
CPPWA91A1000,"{'D:\\Program Files (x86)\\Sterling Commerce\\Connect Direct v6.3.0\\Server\\CDNT.exe-Connect Direct v6.3.0-port 1364-TCP', 'D:\\AutoSys 11.3\\SystemAgent\\autosys_dev\\cybAgent.exe-CA Workload Automation Agent (autosys_dev)-port 9490-TCP', 'C:\\Windows\\System32\\svchost.exe-port 5050-UDP', 'C:\\Windows\\System32\\services.exe-port 49722-TCP', 'C:\\Program Files (x86)\\Tanium\\Tanium Client\\TaniumClient.exe-port 17472-TCP', 'C:\\Program Files (x86)\\CA\\SC\\Csam\\SockAdapter\\bin64\\CSAMPmux64.exe-CA-SAM-Pmux-port 7163-TCP', 'System-port 8732-TCP', 'C:\\Windows\\System32\\lsass.exe-Netlogon-port 49668-TCP', 'D:\\qosmon\\NetprobeNT-PRD-22011\\NetprobeNT-PRD-22011.exe-NetprobeNT-PRD-22011-port 22011-TCP', 'C:\\Windows\\System32\\svchost.exe-TermService-port 3389-UDP', 'System-WinRm-port 5985-TCP', 'C:\\Windows\\System32\\svchost.exe-SSDPSRV-port 64892-UDP', 'D:\\Program Files (x86)\\Sterling Commerce\\Connect Direct v6.3.0\\ibm_jre\\jre\\bin\\javaw.exe-port 1368-TCP', 'C:\\Windows\\System32\\lsass.exe-port 49667-TCP', 'C:\\Windows\\System32\\wininit.exe-port 49664-TCP', 'C:\\Program Files\\VERITAS\\NetBackup\\bin\\vnetd.exe-port 13724-TCP', 'C:\\Windows\\System32\\svchost.exe-SSDPSRV-port 1900-UDP', 'D:\\AutoSys 11.3\\SystemAgent\\autosys_prod\\cybAgent.exe-CA Workload Automation Agent (autosys_prod)-port 9495-TCP', 'C:\\Program Files\\VERITAS\\NetBackup\\bin\\bpcd.exe-port 13782-TCP', 'C:\\Windows\\System32\\inetsrv\\inetinfo.exe-SMTPSVC-port 3456-UDP', 'C:\\ProgramData\\Qualys\\SandboxRO\\agentid-service.exe-port 9293-TCP', 'C:\\Program Files (x86)\\VERITAS\\VxPBX\\bin\\pbx_exchange.exe-VRTSpbx-port 1556-TCP', 'C:\\Program Files (x86)\\BigFix Enterprise\\BES Client\\BESClient.exe-BESClient-port 52311-UDP', 'C:\\Windows\\System32\\svchost.exe-PolicyAgent-port 61251-TCP', 'C:\\Windows\\System32\\svchost.exe-IKEEXT-port 4500-UDP', 'System-SMB-port 445-TCP', 'C:\\Program Files\\Emulex\\Util\\Common\\RMServer.exe-Emulex HBA Management-port 23333-TCP', 'C:\\Windows\\System32\\svchost.exe-TermService-port 3389-TCP', 'C:\\Program Files\\Symantec\\Symantec Endpoint Protection\\14.3.11216.9000.105\\Bin64\\ccSvcHst.exe-SepMasterService-port 2969-UDP', 'C:\\Windows\\System32\\svchost.exe-W32Time-port 123-UDP', 'C:\\Windows\\System32\\svchost.exe-Schedule-port 62691-TCP', 'C:\\Windows\\System32\\inetsrv\\inetinfo.exe-SMTPSVC-port 25-TCP', 'System-WinRm-port 47001-TCP', 'D:\\Program Files (x86)\\Sterling Commerce\\Connect Direct v6.3.0\\ibm_jre\\jre\\bin\\java.exe-port 1365-TCP', 'C:\\Windows\\System32\\svchost.exe-IKEEXT-port 500-UDP', 'C:\\Windows\\System32\\svchost.exe-SessionEnv-port 62733-TCP', 'C:\\Windows\\System32\\inetsrv\\inetinfo.exe-SMTPSVC-port 61262-TCP', 'D:\\Program Files (x86)\\Sterling Commerce\\Connect Direct v6.3.0\\Server\\CDNT.exe-Connect Direct v6.3.0-port 1363-TCP', 'C:\\Windows\\System32\\svchost.exe-RpcSs-port 135-TCP', 'System-port 2969-TCP', 'C:\\Windows\\System32\\inetsrv\\inetinfo.exe-SMTPSVC-port 49643-TCP', 'C:\\Windows\\System32\\svchost.exe-SSDPSRV-port 64891-UDP', 'C:\\Windows\\System32\\svchost.exe-EventLog-port 49665-TCP'}",Production,NaN,1SCD2,Data Transfer Service,Label 1SCD2 was predicted due to the presence of process name with value 'CDNT.exe'.,"The application label '1SCD2' was chosen based on the presence of the process 'CDNT.exe-Connect Direct v6.3.0', which indicates the use of Sterling Commerce's Connect:Direct. Additionally, 'autosys_dev' and 'autosys_prod' processes suggest a CA Workload Automation context, which aligns with previous cases labeled as 1SCD2. Given no presence of alternative strong indicators, '1SCD2' is the best fit from the available label options.",Label Data Transfer Service was predicted due to the presence of process name with value 'CDNT.exe'.,"The role 'Data Transfer Service' is inferred due to the presence of 'CDNT.exe', which is part of Sterling Commerce's Connect:Direct, commonly used for secure data transfer. Additionally, the presence of processes like 'autosys_dev' and 'autosys_prod', which are components of workload automation systems, supports this role as they can assist data scheduling and logistics."
wrvra98a0832,"{'/opt/boksm/lib/boks_bridge-port 6503-TCP', '/usr/openv/netbackup/bin/vnetd-port 13724-TCP', '/apps/mwauto/java/jdk-17.0.17/bin/java-port 20002-TCP', '/opt/VRTSpbx/bin/pbx_exchange-port 1556-TCP', '/usr/openv/netbackup/bin/bpcd-port 13782-TCP', '/usr/sbin/chronyd-port 123-UDP', '/usr/sbin/chronyd-port 323-UDP', '/usr/lib/systemd/systemd-port 111-UDP', '/opt/Tanium/TaniumClient/TaniumClient-port 17472-TCP', '/usr/local/qualys/cloud-agent/bin/agentid-service-port 9293-TCP', '/opt/qosmon/qostool/prd-netprobe-22011/geneos-netprobe-6.5.0-230825-linux-x64/bin/netprobe.linux_64-port 22011-TCP', '/usr/lib/systemd/systemd-port 111-TCP', '/usr/local/avamar/bin/avagent.bin-port 28002-TCP', '/apps/mwauto/java/jdk-17.0.17/bin/java-port 11022-TCP', '/opt/boksm/lib/boks_sshd-port 22-TCP'}",Production,NaN,SSO,,Label SSO was predicted due to the presence of process with value '/apps/mwauto/java/jdk-17.0.17/bin/java'.,"The presence of '/apps/mwauto/java/jdk-17.0.17/bin/java-port 20002-TCP' and '/apps/mwauto/java/jdk-17.0.17/bin/java-port 11022-TCP' is a pattern consistent with previous examples where the app label was identified as SSO. This indicates that the processes associated with these Java applications are used within the context of an SSO system. The Java-based middleware applications suggest an SSO infrastructure or a system similarly configured to handle authentication and session management tasks, aligning with a Single Sign-On application function.",Label Middleware Server was predicted due to the presence of processes with value '/opt/boksm/lib/boks_bridge' and '/apps/mwauto/java/jdk-17.0.17/bin/java'.,"Based on the processes running, including '/opt/boksm/lib/boks_bridge' and '/apps/mwauto/java/jdk-17.0.17/bin/java', it appears that this resource is functioning as a middleware server. The presence of Java processes suggests middleware operations likely handling integration, communication, or infrastructure services across different business applications. The role might involve operating as a bridge between different software applications or components within a system, which is typical for middleware servers."
wrvra97a0832,"{'/opt/boksm/lib/boks_bridge-port 6503-TCP', '/usr/openv/netbackup/bin/vnetd-port 13724-TCP', '/apps/mwauto/java/jdk-17.0.17/bin/java-port 20002-TCP', '/opt/VRTSpbx/bin/pbx_exchange-port 1556-TCP', '/usr/openv/netbackup/bin/bpcd-port 13782-TCP', '/usr/sbin/chronyd-port 123-UDP', '/usr/sbin/chronyd-port 323-UDP', '/usr/lib/systemd/systemd-port 111-UDP', '/opt/Tanium/TaniumClient/TaniumClient-port 17472-TCP', '/usr/local/qualys/cloud-agent/bin/agentid-service-port 9293-TCP', '/opt/qosmon/qostool/prd-netprobe-22011/geneos-netprobe-6.5.0-230825-linux-x64/bin/netprobe.linux_64-port 22011-TCP', '/usr/lib/systemd/systemd-port 111-TCP', '/usr/local/avamar/bin/avagent.bin-port 28002-TCP', '/apps/mwauto/java/jdk-17.0.17/bin/java-port 11022-TCP', '/opt/boksm/lib/boks_sshd-port 22-TCP'}",Production,NaN,1SCD2,Network Monitoring,Label 1SCD2 was predicted due to the presence of port process with value '/apps/mwauto/java/jdk-17.0.17/bin/java-port 20002-TCP'.,"The application label '1SCD2' was predicted because the process '/apps/mwauto/java/jdk-17.0.17/bin/java-port 20002-TCP' typically correlates to applications that utilize Java-based services, which matches historical patterns in the dataset. This application label aligns with known patterns of other resources within this network context. Given the consistency of process naming and port mapping within the dataset, this is a confident prediction that connects to the application '1SCD2'.",Label Network Monitoring was predicted due to the presence of port process with value '/opt/qosmon/qostool/prd-netprobe-22011/geneos-netprobe-6.5.0-230825-linux-x64/bin/netprobe.linux_64-port 22011-TCP'.,"The role 'Network Monitoring' was inferred from the presence of the 'netprobe' process running on port 22011-TCP. This process and port combination is typical for network monitoring tools such as Geneos Netprobe, which are used for performance monitoring and diagnostics within networks. This indicates that the observed resource is likely dedicated to network monitoring activities, based on the specific tool matched in the dataset, therefore making this a confident prediction."
wrvra99a0832,"{'/opt/boksm/lib/boks_bridge-port 6503-TCP', '/usr/openv/netbackup/bin/vnetd-port 13724-TCP', '/apps/mwauto/java/jdk-17.0.17/bin/java-port 20002-TCP', '/opt/VRTSpbx/bin/pbx_exchange-port 1556-TCP', '/usr/openv/netbackup/bin/bpcd-port 13782-TCP', '/usr/sbin/chronyd-port 123-UDP', '/usr/sbin/chronyd-port 323-UDP', '/usr/lib/systemd/systemd-port 111-UDP', '/opt/Tanium/TaniumClient/TaniumClient-port 17472-TCP', '/usr/local/qualys/cloud-agent/bin/agentid-service-port 9293-TCP', '/opt/qosmon/qostool/prd-netprobe-22011/geneos-netprobe-6.5.0-230825-linux-x64/bin/netprobe.linux_64-port 22011-TCP', '/usr/lib/systemd/systemd-port 111-TCP', '/usr/local/avamar/bin/avagent.bin-port 28002-TCP', '/apps/mwauto/java/jdk-17.0.17/bin/java-port 11022-TCP', '/opt/boksm/lib/boks_sshd-port 22-TCP'}",Production,NaN,SSO,Security Management,Label SSO was predicted due to the presence of processes with value '/opt/boksm/lib/boks_bridge-port 6503-TCP'.,"The presence of the process '/opt/boksm/lib/boks_bridge-port 6503-TCP', which is consistently associated with the Boks security framework, along with other processes such as NetBackup, Avamar, and the Tanium client, hints at a system that involves centralized security management potentially related to single sign-on scenarios. The pattern of these specific services co-existing aligns with environments running applications that need integrated security services through SSO. Furthermore, this is reinforced by previous examples in which similar technology stacks were labeled as SSO.",Label Security Management was predicted due to the presence of processes with value '/opt/boksm/lib/boks_bridge-port 6503-TCP'.,"The presence of '/opt/boksm/lib/boks_bridge', along with other processes like the Tanium client and Avamar, suggests a role related to security management. Boks bridge is part of a security suite for access control and network security. The role seems to pertain to managing security protocols or access control, suggested by the prominence of audit and monitoring tools such as Tanium, qualifications indicative of a management or security-related role."
wxvwa02a0003,"{'C:\\Windows\\System32\\svchost.exe-SSDPSRV-port 61416-UDP', 'D:\\AutoSys 11.3\\SystemAgent\\autosys_dev\\cybAgent.exe-CA Workload Automation Agent (autosys_dev)-port 9490-TCP', 'C:\\Windows\\System32\\svchost.exe-Schedule-port 58613-TCP', 'C:\\Windows\\System32\\svchost.exe-port 5050-UDP', 'C:\\Program Files (x86)\\Tanium\\Tanium Client\\TaniumClient.exe-port 17472-TCP', 'C:\\Program Files (x86)\\CA\\SC\\Csam\\SockAdapter\\bin64\\CSAMPmux64.exe-CA-SAM-Pmux-port 7163-TCP', 'C:\\Windows\\System32\\lsass.exe-port 51990-TCP', 'C:\\Windows\\System32\\svchost.exe-TermService-port 3389-UDP', 'C:\\Program Files\\NetprobeNT_prod2\\NetprobeNT-DEV-22211.exe-NetprobeNT-DEV-22211-port 22211-TCP', 'C:\\Windows\\System32\\services.exe-port 51978-TCP', 'System-WinRm-port 5985-TCP', 'C:\\Program Files\\avs\\bin\\avagent.exe-avbackup-port 28002-TCP', 'C:\\Windows\\System32\\wininit.exe-port 49664-TCP', 'C:\\Windows\\System32\\lsass.exe-Netlogon-port 58615-TCP', 'C:\\Windows\\System32\\svchost.exe-SSDPSRV-port 1900-UDP', 'C:\\ProgramData\\Qualys\\SandboxRO\\agentid-service.exe-port 9293-TCP', 'C:\\Program Files (x86)\\BigFix Enterprise\\BES Client\\BESClient.exe-BESClient-port 52311-UDP', 'C:\\Windows\\System32\\svchost.exe-PolicyAgent-port 51968-TCP', 'System-SMB-port 445-TCP', 'C:\\Windows\\System32\\svchost.exe-TermService-port 3389-TCP', 'C:\\Program Files\\Symantec\\Symantec Endpoint Protection\\14.3.11216.9000.105\\Bin64\\ccSvcHst.exe-SepMasterService-port 2969-UDP', 'System-WinRm-port 47001-TCP', 'C:\\Windows\\System32\\svchost.exe-w32time-port 123-UDP', 'C:\\Windows\\System32\\svchost.exe-RpcSs-port 135-TCP', 'System-port 2969-TCP', 'C:\\Windows\\System32\\svchost.exe-EventLog-port 49665-TCP'}",Development,NaN,1SCD2,Agent,Label 1SCD2 was predicted due to the presence of process with value 'D:\\AutoSys 11.3\\SystemAgent\\autosys_dev\\cybAgent.exe-CA Workload Automation Agent (autosys_dev)'.,"The application label '1SCD2' was predicted based on the presence of the process 'AutoSys 11.3 SystemAgent autosys_dev' in the inventory. This process name and its associated applications align with previously labeled 1SCD2 systems, indicating that this application is likely associated with workload automation which has been seen as labeled '1SCD2' for similar setups.",Label Agent was predicted due to the presence of process with value 'C:\\ProgramData\\Qualys\\SandboxRO\\agentid-service.exe'.,"The role 'Agent' was predicted based on the presence of the 'Qualys SandboxRO agentid-service.exe' and 'Tanium Client', both of which are indicative of agent-based services responsible for monitoring or management tasks. These services typically suggest a role related to agent functionality in the system network setup."
wpvwa99a1023,"{'C:\\Windows\\System32\\lsass.exe-Netlogon-port 63402-TCP', 'D:\\Program Files (x86)\\Sterling Commerce\\Connect Direct v6.3.0\\Server\\CDNT.exe-Connect Direct v6.3.0-port 1364-TCP', 'C:\\Windows\\System32\\svchost.exe-Schedule-port 63401-TCP', 'C:\\Windows\\System32\\svchost.exe-port 5050-UDP', 'C:\\Program Files (x86)\\Tanium\\Tanium Client\\TaniumClient.exe-port 17472-TCP', 'C:\\Windows\\System32\\svchost.exe-PolicyAgent-port 50842-TCP', 'D:\\qosmon\\NetprobeNT-PRD-22011\\NetprobeNT-PRD-22011.exe-NetprobeNT-PRD-22011-port 22011-TCP', 'C:\\Windows\\System32\\svchost.exe-TermService-port 3389-UDP', 'System-WinRm-port 5985-TCP', 'C:\\Windows\\System32\\svchost.exe-SSDPSRV-port 56536-UDP', 'D:\\Program Files (x86)\\Sterling Commerce\\Connect Direct v6.3.0\\ibm_jre\\jre\\bin\\javaw.exe-port 1368-TCP', 'C:\\Windows\\System32\\services.exe-port 50835-TCP', 'C:\\Program Files\\avs\\bin\\avagent.exe-avbackup-port 28002-TCP', 'C:\\Windows\\System32\\wininit.exe-port 49664-TCP', 'C:\\Windows\\System32\\svchost.exe-SSDPSRV-port 1900-UDP', 'C:\\ProgramData\\Qualys\\SandboxRO\\agentid-service.exe-port 9293-TCP', 'C:\\Program Files (x86)\\BigFix Enterprise\\BES Client\\BESClient.exe-BESClient-port 52311-UDP', 'System-SMB-port 445-TCP', 'C:\\Windows\\System32\\svchost.exe-TermService-port 3389-TCP', 'C:\\Program Files\\Symantec\\Symantec Endpoint Protection\\14.3.11216.9000.105\\Bin64\\ccSvcHst.exe-SepMasterService-port 2969-UDP', 'System-WinRm-port 47001-TCP', 'D:\\Program Files (x86)\\Sterling Commerce\\Connect Direct v6.3.0\\ibm_jre\\jre\\bin\\java.exe-port 1365-TCP', 'C:\\Windows\\System32\\svchost.exe-w32time-port 123-UDP', 'D:\\Program Files (x86)\\Sterling Commerce\\Connect Direct v6.3.0\\Server\\CDNT.exe-Connect Direct v6.3.0-port 1363-TCP', 'C:\\Windows\\System32\\svchost.exe-RpcSs-port 135-TCP', 'System-port 2969-TCP', 'C:\\Windows\\System32\\lsass.exe-port 50857-TCP', 'C:\\Windows\\System32\\svchost.exe-EventLog-port 49665-TCP'}",Production,NaN,1SCD2,File Transfer Server,Label 1SCD2 was predicted due to the presence of process with value 'CDNT.exe'.,"The application label 1SCD2 was predicted based on the presence of processes related to Sterling Commerce Connect Direct application, such as 'CDNT.exe' and 'java.exe,' which is consistent with the provided pattern examples where similar processes indicated 1SCD2.",Label File Transfer Server was predicted due to the presence of process with value 'CDNT.exe'.,"The role of File Transfer Server was predicted due to the presence of 'CDNT.exe,' a process known to belong to Sterling Commerce's Connect Direct application. Connect Direct is typically used for secure file transfers, making ""File Transfer Server"" a fitting role label."
wpvwa98a1023,"{'D:\\Program Files (x86)\\Sterling Commerce\\Connect Direct v6.3.0\\Server\\CDNT.exe-Connect Direct v6.3.0-port 1364-TCP', 'C:\\Windows\\System32\\svchost.exe-port 5050-UDP', 'C:\\Program Files (x86)\\Tanium\\Tanium Client\\TaniumClient.exe-port 17472-TCP', 'D:\\qosmon\\NetprobeNT-PRD-22011\\NetprobeNT-PRD-22011.exe-NetprobeNT-PRD-22011-port 22011-TCP', 'C:\\Windows\\System32\\svchost.exe-TermService-port 3389-UDP', 'System-WinRm-port 5985-TCP', 'D:\\Program Files (x86)\\Sterling Commerce\\Connect Direct v6.3.0\\ibm_jre\\jre\\bin\\javaw.exe-port 1368-TCP', 'C:\\Windows\\System32\\svchost.exe-Schedule-port 61427-TCP', 'C:\\Program Files\\avs\\bin\\avagent.exe-avbackup-port 28002-TCP', 'C:\\Windows\\System32\\wininit.exe-port 49664-TCP', 'C:\\Windows\\System32\\svchost.exe-PolicyAgent-port 54572-TCP', 'C:\\Windows\\System32\\svchost.exe-SSDPSRV-port 1900-UDP', 'C:\\Windows\\System32\\lsass.exe-port 54585-TCP', 'C:\\ProgramData\\Qualys\\SandboxRO\\agentid-service.exe-port 9293-TCP', 'C:\\Program Files (x86)\\BigFix Enterprise\\BES Client\\BESClient.exe-BESClient-port 52311-UDP', 'System-SMB-port 445-TCP', 'C:\\Windows\\System32\\svchost.exe-TermService-port 3389-TCP', 'C:\\Program Files\\Symantec\\Symantec Endpoint Protection\\14.3.11216.9000.105\\Bin64\\ccSvcHst.exe-SepMasterService-port 2969-UDP', 'C:\\Windows\\System32\\services.exe-port 54560-TCP', 'System-WinRm-port 47001-TCP', 'D:\\Program Files (x86)\\Sterling Commerce\\Connect Direct v6.3.0\\ibm_jre\\jre\\bin\\java.exe-port 1365-TCP', 'C:\\Windows\\System32\\svchost.exe-w32time-port 123-UDP', 'C:\\Windows\\System32\\svchost.exe-SSDPSRV-port 64752-UDP', 'D:\\Program Files (x86)\\Sterling Commerce\\Connect Direct v6.3.0\\Server\\CDNT.exe-Connect Direct v6.3.0-port 1363-TCP', 'C:\\Windows\\System32\\svchost.exe-RpcSs-port 135-TCP', 'System-port 2969-TCP', 'C:\\Windows\\System32\\lsass.exe-Netlogon-port 61762-TCP', 'C:\\Windows\\System32\\svchost.exe-EventLog-port 49665-TCP'}",Production,NaN,1SCD2,Data Transfer,Label 1SCD2 was predicted due to the presence of process with value 'C:\\Program Files (x86)\\Sterling Commerce\\Connect Direct v6.3.0\\Server\\CDNT.exe-Connect Direct v6.3.0-port 1364-TCP'.,"The application label 1SCD2 was predicted based on the presence of processes that are associated with Sterling Commerce's Connect Direct application. Processes like 'CDNT.exe' and its associated Java processes suggest a connection to an application framework like Connect Direct, which is linked with previous identifications of the label 1SCD2 in the context of this network. Therefore, given the presence of Connect Direct related processes, the application label 1SCD2 is correctly predicted.",Label Data Transfer was predicted due to the presence of process with value 'C:\\Program Files (x86)\\Sterling Commerce\\Connect Direct v6.3.0\\Server\\CDNT.exe-Connect Direct v6.3.0-port 1364-TCP'.,"The role of Data Transfer was inferred based on the presence of Sterling Commerce's Connect Direct, a widely recognized data transfer application. The presence of the CDNT process, which is central to data transmission operations, indicates that the role of this resource is primarily involved in data transfer activities. Connect Direct is typically used for secure and reliable data movement between enterprise applications which justifies the role prediction as Data Transfer."
az2-002a-ixt-of,"{'/usr/openv/netbackup/bin/vnetd-port 13724-TCP', '/opt/VRTSpbx/bin/pbx_exchange-port 1556-TCP', '/opt/CA/r12/SystemAgent/autosys_prod/cybAgent.bin-port 9495-TCP', '/opt/CA/r12/SystemAgent/autosys_dev/cybAgent.bin-port 9490-TCP', '/usr/sbin/chronyd-port 123-UDP', '/usr/openv/netbackup/bin/bpcd-port 13782-TCP', '/usr/sbin/chronyd-port 323-UDP', '/opt/boksm/lib/boks_bridge-port 6703-TCP', '/usr/lib/systemd/systemd-port 111-UDP', '/opt/Tanium/TaniumClient/TaniumClient-port 17472-TCP', '/usr/local/qualys/cloud-agent/bin/agentid-service-port 9293-TCP', '/usr/lib/systemd/systemd-port 111-TCP', '/usr/local/avamar/bin/avagent.bin-port 28002-TCP', '/opt/boksm/lib/boks_sshd-port 22-TCP'}",Production,NaN,1SCD2,Backup Server,Label 1SCD2 was predicted due to the presence of process name with value '/opt/CA/r12/SystemAgent/autosys_prod/cybAgent.bin'.,"The application label 1SCD2 was predicted because the inventory includes processes that relate to CA Workload Automation Agent, particularly with entries such as '/opt/CA/r12/SystemAgent/autosys_prod/cybAgent.bin'. This aligns with a past example where the presence of similar processes led to the label 1SCD2, indicating that these processes are part of that application.",Label Backup Server was predicted due to the presence of process name with value '/usr/openv/netbackup/bin/vnetd'.,"The role of Backup Server is inferred based on the presence of processes related to backup and restore operations using Veritas NetBackup, such as '/usr/openv/netbackup/bin/vnetd' and '/usr/openv/netbackup/bin/bpcd'. These processes generally indicate a system functioning as a backup server, where data protection and backup tasks are performed."
wcvww93a0423,"{'D:\\AutoSys 11.3\\SystemAgent\\autosys_dev\\cybAgent.exe-CA Workload Automation Agent (autosys_dev)-port 9490-TCP', 'C:\\Windows\\System32\\mqsvc.exe-MSMQ-port 2103-TCP', 'C:\\Windows\\System32\\svchost.exe-port 5050-UDP', 'C:\\Windows\\System32\\mqsvc.exe-MSMQ-port 57447-TCP', 'C:\\Program Files (x86)\\Tanium\\Tanium Client\\TaniumClient.exe-port 17472-TCP', 'C:\\Program Files (x86)\\CA\\SC\\Csam\\SockAdapter\\bin64\\CSAMPmux64.exe-CA-SAM-Pmux-port 7163-TCP', 'C:\\Windows\\System32\\svchost.exe-PolicyAgent-port 57427-TCP', 'C:\\Windows\\System32\\lsass.exe-Netlogon-port 57777-TCP', 'C:\\Windows\\System32\\svchost.exe-TermService-port 3389-UDP', 'C:\\Windows\\System32\\mqsvc.exe-MSMQ-port 2105-TCP', 'System-WinRm-port 5985-TCP', 'System-port 54443-TCP', 'C:\\Windows\\System32\\lsass.exe-port 57425-TCP', 'C:\\Program Files\\avs\\bin\\avagent.exe-avbackup-port 28002-TCP', 'C:\\Windows\\System32\\wininit.exe-port 49664-TCP', 'C:\\Windows\\System32\\svchost.exe-SSDPSRV-port 58892-UDP', 'C:\\Windows\\System32\\svchost.exe-SSDPSRV-port 1900-UDP', 'D:\\AutoSys 11.3\\SystemAgent\\autosys_prod\\cybAgent.exe-CA Workload Automation Agent (autosys_prod)-port 9495-TCP', 'System-WinRm-port 5986-TCP', 'C:\\ProgramData\\Qualys\\SandboxRO\\agentid-service.exe-port 9293-TCP', 'C:\\Windows\\System32\\svchost.exe-Schedule-port 55445-TCP', 'C:\\Program Files (x86)\\BigFix Enterprise\\BES Client\\BESClient.exe-BESClient-port 52311-UDP', 'System-port 54444-TCP', 'System-SMB-port 445-TCP', 'C:\\Windows\\System32\\svchost.exe-IKEEXT-port 4500-UDP', 'C:\\Windows\\System32\\services.exe-port 57531-TCP', 'C:\\Windows\\System32\\svchost.exe-TermService-port 3389-TCP', 'C:\\Program Files\\Symantec\\Symantec Endpoint Protection\\14.3.11216.9000.105\\Bin64\\ccSvcHst.exe-SepMasterService-port 2969-UDP', 'System-port 80-TCP', 'System-WinRm-port 47001-TCP', 'C:\\Windows\\System32\\svchost.exe-IKEEXT-port 500-UDP', 'C:\\Windows\\System32\\svchost.exe-w32time-port 123-UDP', 'C:\\Windows\\System32\\svchost.exe-RpcSs-port 135-TCP', 'System-port 2969-TCP', 'C:\\Windows\\System32\\mqsvc.exe-MSMQ-port 2107-TCP', 'C:\\Windows\\System32\\mqsvc.exe-MSMQ-port 1801-TCP', 'C:\\Windows\\System32\\inetsrv\\inetinfo.exe-IISADMIN-port 57390-TCP', 'C:\\Windows\\System32\\svchost.exe-EventLog-port 49665-TCP'}",Production,NaN,1SCD2,Message Queue Server,Label 1SCD2 was predicted due to the presence of process with value 'D:\\AutoSys 11.3\\SystemAgent\\autosys_dev\\cybAgent.exe-CA Workload Automation Agent (autosys_dev)-port 9490-TCP'.,"Given the processes running on the system and the application labels seen in the network in the past, the presence of 'D:\\AutoSys 11.3\\SystemAgent\\autosys_dev\\cybAgent.exe-CA Workload Automation Agent (autosys_dev)' strongly suggests an association with the 1SCD2 application label. This aligns with similar patterns where AutoSys related processes have been linked to 1SCD2 in past inventories. There are no clear indicators for other application labels in the existing data set, so 1SCD2 is the most likely candidate.",Label Message Queue Server was predicted due to the presence of process with value 'C:\\Windows\\System32\\mqsvc.exe-MSMQ'.,"The processes listed include multiple instances of 'mqsvc.exe' running on different ports. This is associated with Microsoft Message Queuing (MSMQ), indicating that this machine likely serves a role of handling message queuing. No explicit historical network role labels were provided to consider, but based on the presence of MSMQ processes, characterizing this machine's role as a Message Queue Server is a logical inference."
wdvww92a0423,"{'D:\\AutoSys 11.3\\SystemAgent\\autosys_dev\\cybAgent.exe-CA Workload Automation Agent (autosys_dev)-port 9490-TCP', 'C:\\Windows\\System32\\mqsvc.exe-MSMQ-port 2103-TCP', 'C:\\Windows\\System32\\svchost.exe-port 5050-UDP', 'C:\\Windows\\System32\\services.exe-port 50604-TCP', 'C:\\Program Files (x86)\\Tanium\\Tanium Client\\TaniumClient.exe-port 17472-TCP', 'C:\\Program Files (x86)\\CA\\SC\\Csam\\SockAdapter\\bin64\\CSAMPmux64.exe-CA-SAM-Pmux-port 7163-TCP', 'C:\\Windows\\System32\\svchost.exe-TermService-port 3389-UDP', 'C:\\Windows\\System32\\svchost.exe-SSDPSRV-port 50671-UDP', 'C:\\Windows\\System32\\svchost.exe-PolicyAgent-port 50421-TCP', 'C:\\Windows\\System32\\svchost.exe-Schedule-port 49666-TCP', 'C:\\Windows\\System32\\mqsvc.exe-MSMQ-port 2105-TCP', 'System-WinRm-port 5985-TCP', 'System-port 8080-TCP', 'System-port 54443-TCP', 'C:\\Windows\\System32\\mqsvc.exe-MSMQ-port 50437-TCP', 'C:\\Program Files\\avs\\bin\\avagent.exe-avbackup-port 28002-TCP', 'C:\\Windows\\System32\\wininit.exe-port 49664-TCP', 'C:\\Windows\\System32\\svchost.exe-SSDPSRV-port 1900-UDP', 'D:\\AutoSys 11.3\\SystemAgent\\autosys_prod\\cybAgent.exe-CA Workload Automation Agent (autosys_prod)-port 9495-TCP', 'System-WinRm-port 5986-TCP', 'C:\\ProgramData\\Qualys\\SandboxRO\\agentid-service.exe-port 9293-TCP', 'C:\\Program Files (x86)\\BigFix Enterprise\\BES Client\\BESClient.exe-BESClient-port 52311-UDP', 'C:\\Windows\\System32\\lsass.exe-Netlogon-port 60612-TCP', 'System-SMB-port 445-TCP', 'C:\\Windows\\System32\\svchost.exe-IKEEXT-port 4500-UDP', 'C:\\Windows\\System32\\svchost.exe-TermService-port 3389-TCP', 'C:\\Program Files\\Symantec\\Symantec Endpoint Protection\\14.3.11216.9000.105\\Bin64\\ccSvcHst.exe-SepMasterService-port 2969-UDP', 'System-port 80-TCP', 'C:\\Windows\\System32\\lsass.exe-port 50424-TCP', 'System-WinRm-port 47001-TCP', 'C:\\Windows\\System32\\inetsrv\\inetinfo.exe-IISADMIN-port 55272-TCP', 'C:\\Windows\\System32\\svchost.exe-IKEEXT-port 500-UDP', 'C:\\Windows\\System32\\svchost.exe-w32time-port 123-UDP', 'C:\\Windows\\System32\\svchost.exe-RpcSs-port 135-TCP', 'System-port 2969-TCP', 'C:\\Windows\\System32\\mqsvc.exe-MSMQ-port 2107-TCP', 'C:\\Windows\\System32\\mqsvc.exe-MSMQ-port 1801-TCP', 'C:\\Windows\\System32\\svchost.exe-EventLog-port 49665-TCP'}",Production,NaN,CCM,Message Queue Server,Label CCM was predicted due to the presence of hostname with value 'wdvww92a0423'.,"The hostname 'wdvww92a0423' does not provide a direct clue for any specific application, but looking at the running processes, especially the presence of MSMQ (Microsoft Message Queue), suggests an application involving communication or coordination between distributed systems, which aligns with CCM (Conversation Composition Manager) for application orchestration or communication management. The presence of MSMQ is a strong indicator, as CCM might involve such communication services.",Label Message Queue Server was predicted due to the presence of MSMQ services like 'mqsvc.exe'.,"From the processes listed, the 'mqsvc.exe' process running on multiple ports is indicative of a server responsible for message queuing functionalities. MSMQ (Microsoft Message Queue) is used for message-oriented middleware, which fits well with a server role dedicated to handling message queuing and ensuring communication reliability between components of distributed systems. Given these indicators, it's reasonable to predict the role as a 'Message Queue Server'."
wtvww94a0423,"{'D:\\AutoSys 11.3\\SystemAgent\\autosys_dev\\cybAgent.exe-CA Workload Automation Agent (autosys_dev)-port 9490-TCP', 'C:\\Windows\\System32\\mqsvc.exe-MSMQ-port 2103-TCP', 'C:\\Windows\\System32\\svchost.exe-port 5050-UDP', 'C:\\Program Files (x86)\\Tanium\\Tanium Client\\TaniumClient.exe-port 17472-TCP', 'C:\\Program Files (x86)\\CA\\SC\\Csam\\SockAdapter\\bin64\\CSAMPmux64.exe-CA-SAM-Pmux-port 7163-TCP', 'C:\\Windows\\System32\\inetsrv\\inetinfo.exe-IISADMIN-port 51194-TCP', 'C:\\Windows\\System32\\mqsvc.exe-MSMQ-port 62784-TCP', 'C:\\Windows\\System32\\svchost.exe-TermService-port 3389-UDP', 'C:\\Windows\\System32\\svchost.exe-Schedule-port 49666-TCP', 'C:\\Windows\\System32\\mqsvc.exe-MSMQ-port 2105-TCP', 'System-WinRm-port 5985-TCP', 'C:\\Windows\\System32\\lsass.exe-Netlogon-port 54948-TCP', 'System-port 54443-TCP', 'C:\\Windows\\System32\\svchost.exe-PolicyAgent-port 62783-TCP', 'C:\\Program Files\\avs\\bin\\avagent.exe-avbackup-port 28002-TCP', 'C:\\Windows\\System32\\services.exe-port 57633-TCP', 'C:\\Windows\\System32\\wininit.exe-port 49664-TCP', 'C:\\Windows\\System32\\svchost.exe-SSDPSRV-port 1900-UDP', 'D:\\AutoSys 11.3\\SystemAgent\\autosys_prod\\cybAgent.exe-CA Workload Automation Agent (autosys_prod)-port 9495-TCP', 'System-WinRm-port 5986-TCP', 'C:\\ProgramData\\Qualys\\SandboxRO\\agentid-service.exe-port 9293-TCP', 'C:\\Program Files (x86)\\BigFix Enterprise\\BES Client\\BESClient.exe-BESClient-port 52311-UDP', 'C:\\Windows\\System32\\lsass.exe-port 62779-TCP', 'System-SMB-port 445-TCP', 'C:\\Windows\\System32\\svchost.exe-IKEEXT-port 4500-UDP', 'C:\\Windows\\System32\\svchost.exe-TermService-port 3389-TCP', 'C:\\Program Files\\Symantec\\Symantec Endpoint Protection\\14.3.11216.9000.105\\Bin64\\ccSvcHst.exe-SepMasterService-port 2969-UDP', 'System-port 80-TCP', 'System-WinRm-port 47001-TCP', 'C:\\Windows\\System32\\svchost.exe-IKEEXT-port 500-UDP', 'C:\\Windows\\System32\\svchost.exe-w32time-port 123-UDP', 'C:\\Windows\\System32\\svchost.exe-RpcSs-port 135-TCP', 'System-port 2969-TCP', 'C:\\Windows\\System32\\svchost.exe-SSDPSRV-port 50619-UDP', 'C:\\Windows\\System32\\mqsvc.exe-MSMQ-port 2107-TCP', 'C:\\Windows\\System32\\mqsvc.exe-MSMQ-port 1801-TCP', 'C:\\Windows\\System32\\svchost.exe-EventLog-port 49665-TCP'}",Production,NaN,ICMP,Messaging Server,Label ICMP was predicted due to the presence of MSMQ process with value 'mqsvc.exe'.,"The application prediction for this machine is ICMP. This decision is based on the presence of the MSMQ (Microsoft Message Queuing) processes, which include several instances of 'C:\\Windows\\System32\\mqsvc.exe' running on the system. The process name 'mqsvc.exe', often associated with message queuing tasks, correlates with ICMP functionality as seen historically in this data context.",Label Messaging Server was predicted due to the presence of MSMQ service with value 'mqsvc.exe'.,"The role of this machine is predicted to be a Messaging Server. This conclusion is drawn from the presence of the MSMQ service, indicated by 'C:\\Windows\\System32\\mqsvc.exe', which is a service associated with message queuing functions. The multiple ports related to MSMQ processes suggest that this machine is managing messaging tasks, such as queuing and forwarding messages, which aligns with the typical responsibilities of a Messaging Server."
wuvww95a0423,"{'C:\\Windows\\System32\\svchost.exe-SSDPSRV-port 50691-UDP', 'D:\\AutoSys 11.3\\SystemAgent\\autosys_dev\\cybAgent.exe-CA Workload Automation Agent (autosys_dev)-port 9490-TCP', 'C:\\Windows\\System32\\mqsvc.exe-MSMQ-port 2103-TCP', 'C:\\Windows\\System32\\svchost.exe-port 5050-UDP', 'C:\\Program Files (x86)\\Tanium\\Tanium Client\\TaniumClient.exe-port 17472-TCP', 'C:\\Program Files (x86)\\CA\\SC\\Csam\\SockAdapter\\bin64\\CSAMPmux64.exe-CA-SAM-Pmux-port 7163-TCP', 'C:\\Windows\\System32\\svchost.exe-TermService-port 3389-UDP', 'C:\\Windows\\System32\\lsass.exe-Netlogon-port 65244-TCP', 'C:\\Windows\\System32\\svchost.exe-PolicyAgent-port 60437-TCP', 'C:\\Windows\\System32\\mqsvc.exe-MSMQ-port 2105-TCP', 'System-WinRm-port 5985-TCP', 'C:\\Windows\\System32\\inetsrv\\inetinfo.exe-IISADMIN-port 51248-TCP', 'C:\\Windows\\System32\\services.exe-port 60478-TCP', 'System-port 54443-TCP', 'C:\\Program Files\\avs\\bin\\avagent.exe-avbackup-port 28002-TCP', 'C:\\Windows\\System32\\wininit.exe-port 49664-TCP', 'C:\\Windows\\System32\\svchost.exe-SSDPSRV-port 1900-UDP', 'C:\\Windows\\System32\\mqsvc.exe-MSMQ-port 60459-TCP', 'D:\\AutoSys 11.3\\SystemAgent\\autosys_prod\\cybAgent.exe-CA Workload Automation Agent (autosys_prod)-port 9495-TCP', 'System-WinRm-port 5986-TCP', 'C:\\ProgramData\\Qualys\\SandboxRO\\agentid-service.exe-port 9293-TCP', 'C:\\Windows\\System32\\lsass.exe-port 60444-TCP', 'C:\\Program Files (x86)\\BigFix Enterprise\\BES Client\\BESClient.exe-BESClient-port 52311-UDP', 'System-SMB-port 445-TCP', 'C:\\Windows\\System32\\svchost.exe-IKEEXT-port 4500-UDP', 'C:\\Windows\\System32\\svchost.exe-TermService-port 3389-TCP', 'C:\\Windows\\System32\\svchost.exe-Schedule-port 65243-TCP', 'C:\\Program Files\\Symantec\\Symantec Endpoint Protection\\14.3.11216.9000.105\\Bin64\\ccSvcHst.exe-SepMasterService-port 2969-UDP', 'System-port 80-TCP', 'System-WinRm-port 47001-TCP', 'C:\\Windows\\System32\\svchost.exe-IKEEXT-port 500-UDP', 'C:\\Windows\\System32\\svchost.exe-w32time-port 123-UDP', 'C:\\Windows\\System32\\svchost.exe-RpcSs-port 135-TCP', 'System-port 2969-TCP', 'C:\\Windows\\System32\\mqsvc.exe-MSMQ-port 2107-TCP', 'C:\\Windows\\System32\\mqsvc.exe-MSMQ-port 1801-TCP', 'C:\\Windows\\System32\\svchost.exe-EventLog-port 49665-TCP'}",Production,NaN,CCM,Message Queue Server,Label CCM was predicted due to the presence of process with value 'C:\Windows\System32\mqsvc.exe'.,"The application prediction is based on the presence of multiple instances of the 'mqsvc.exe' process, which corresponds to Microsoft's Message Queuing (MSMQ) services running on ports 2103, 2105, 60459, 2107, and 1801. The `mqsvc.exe` is typically associated with a communication and message processing application. Given the application labels available, CCM (presumably standing for something like ""communication and collaboration management"") fits this description due to the nature of MSMQ's function. Therefore, the application label 'CCM' has been chosen as the best match to describe the primary use of the processes on this machine.",Label Message Queue Server was predicted due to the presence of process with value 'C:\Windows\System32\mqsvc.exe'.,"The role prediction as a 'Message Queue Server' is confidently based on the heavy use of MSMQ service indicated by the `mqsvc.exe` process across multiple ports. This machine appears to be providing services related to queue management, message queuing, and processing, which is indicative of a message queue server role. With the absence of predefined role labels, this descriptive role accurately captures the main task the machine is performing."
wrvww96a0423,"{'D:\\Program Files (x86)\\Sterling Commerce\\Connect Direct v6.3.0\\Server\\CDNT.exe-Connect Direct v6.3.0-port 1364-TCP', 'D:\\AutoSys 11.3\\SystemAgent\\autosys_dev\\cybAgent.exe-CA Workload Automation Agent (autosys_dev)-port 9490-TCP', 'C:\\Windows\\System32\\mqsvc.exe-MSMQ-port 2103-TCP', 'C:\\Windows\\System32\\svchost.exe-port 5050-UDP', 'C:\\Program Files (x86)\\Tanium\\Tanium Client\\TaniumClient.exe-port 17472-TCP', 'C:\\Program Files (x86)\\CA\\SC\\Csam\\SockAdapter\\bin64\\CSAMPmux64.exe-CA-SAM-Pmux-port 7163-TCP', 'D:\\qosmon\\NetprobeNT-PRD-22011\\NetprobeNT-PRD-22011.exe-NetprobeNT-PRD-22011-port 22011-TCP', 'C:\\Windows\\System32\\svchost.exe-TermService-port 3389-UDP', 'C:\\Windows\\System32\\mqsvc.exe-MSMQ-port 2105-TCP', 'System-WinRm-port 5985-TCP', 'D:\\Program Files (x86)\\Sterling Commerce\\Connect Direct v6.3.0\\ibm_jre\\jre\\bin\\javaw.exe-port 1368-TCP', 'System-port 54443-TCP', 'C:\\Program Files\\avs\\bin\\avagent.exe-avbackup-port 28002-TCP', 'C:\\Windows\\System32\\lsass.exe-Netlogon-port 59519-TCP', 'C:\\Windows\\System32\\wininit.exe-port 49664-TCP', 'C:\\Windows\\System32\\mqsvc.exe-MSMQ-port 1801-TCP', 'C:\\Windows\\System32\\svchost.exe-SSDPSRV-port 1900-UDP', 'D:\\AutoSys 11.3\\SystemAgent\\autosys_prod\\cybAgent.exe-CA Workload Automation Agent (autosys_prod)-port 9495-TCP', 'System-WinRm-port 5986-TCP', 'C:\\ProgramData\\Qualys\\SandboxRO\\agentid-service.exe-port 9293-TCP', 'C:\\Program Files (x86)\\BigFix Enterprise\\BES Client\\BESClient.exe-BESClient-port 52311-UDP', 'System-port 443-TCP', 'C:\\Windows\\System32\\svchost.exe-IKEEXT-port 4500-UDP', 'System-SMB-port 445-TCP', 'C:\\Windows\\System32\\svchost.exe-Schedule-port 60171-TCP', 'C:\\Windows\\System32\\svchost.exe-TermService-port 3389-TCP', 'C:\\Program Files\\Symantec\\Symantec Endpoint Protection\\14.3.11216.9000.105\\Bin64\\ccSvcHst.exe-SepMasterService-port 2969-UDP', 'System-port 80-TCP', 'C:\\Windows\\System32\\services.exe-port 53396-TCP', 'System-WinRm-port 47001-TCP', 'D:\\Program Files (x86)\\Sterling Commerce\\Connect Direct v6.3.0\\ibm_jre\\jre\\bin\\java.exe-port 1365-TCP', 'C:\\Windows\\System32\\svchost.exe-IKEEXT-port 500-UDP', 'C:\\Windows\\System32\\svchost.exe-w32time-port 123-UDP', 'C:\\Windows\\System32\\lsass.exe-port 59518-TCP', 'C:\\Windows\\System32\\svchost.exe-PolicyAgent-port 53347-TCP', 'D:\\Program Files (x86)\\Sterling Commerce\\Connect Direct v6.3.0\\Server\\CDNT.exe-Connect Direct v6.3.0-port 1363-TCP', 'C:\\Windows\\System32\\svchost.exe-SSDPSRV-port 65238-UDP', 'System-port 2969-TCP', 'C:\\Windows\\System32\\svchost.exe-RpcSs-port 135-TCP', 'C:\\Windows\\System32\\mqsvc.exe-MSMQ-port 2107-TCP', 'C:\\Windows\\System32\\mqsvc.exe-MSMQ-port 53342-TCP', 'C:\\Windows\\System32\\svchost.exe-EventLog-port 49665-TCP'}",Production,NaN,1SCD2,Messaging Server,Label 1SCD2 was predicted due to the presence of process with value 'D:\\Program Files (x86)\\Sterling Commerce\\Connect Direct v6.3.0\\Server\\CDNT.exe'.,"The application label '1SCD2' was chosen as the most appropriate, given the presence of several processes related to Sterling Commerce's Connect:Direct application, which suggests a connection to the application with the label '1SCD2'. In particular, the process 'D:\\Program Files (x86)\\Sterling Commerce\\Connect Direct v6.3.0\\Server\\CDNT.exe' is a clear reference to Connect:Direct, which aligns with the type of enterprise software that could correspond to '1SCD2', matching patterns seen in other inventories. None of the other application labels fit as well as there are no strong indicators for those.",Label Messaging Server was predicted due to the presence of process with value 'C:\\Windows\\System32\\mqsvc.exe'.,"The role label 'Messaging Server' was predicted because the inventory contains multiple instances of Microsoft Message Queuing (MSMQ) processes such as 'mqsvc.exe'. This indicates that the machine is likely providing messaging services, typical of a Messaging Server role. The presence of MSMQ ports (2103, 2105, 53342) further supports this prediction as these ports are standard for MSMQ operations, highlighting the server's messaging functionality."
wrvww97a0423,"{'D:\\Program Files (x86)\\Sterling Commerce\\Connect Direct v6.3.0\\Server\\CDNT.exe-Connect Direct v6.3.0-port 1364-TCP', 'D:\\AutoSys 11.3\\SystemAgent\\autosys_dev\\cybAgent.exe-CA Workload Automation Agent (autosys_dev)-port 9490-TCP', 'C:\\Windows\\System32\\mqsvc.exe-MSMQ-port 2103-TCP', 'C:\\Windows\\System32\\svchost.exe-port 5050-UDP', 'C:\\Program Files (x86)\\Tanium\\Tanium Client\\TaniumClient.exe-port 17472-TCP', 'C:\\Program Files (x86)\\CA\\SC\\Csam\\SockAdapter\\bin64\\CSAMPmux64.exe-CA-SAM-Pmux-port 7163-TCP', 'D:\\qosmon\\NetprobeNT-PRD-22011\\NetprobeNT-PRD-22011.exe-NetprobeNT-PRD-22011-port 22011-TCP', 'C:\\Windows\\System32\\svchost.exe-TermService-port 3389-UDP', 'C:\\Windows\\System32\\mqsvc.exe-MSMQ-port 2105-TCP', 'C:\\Windows\\System32\\mqsvc.exe-MSMQ-port 50273-TCP', 'System-WinRm-port 5985-TCP', 'C:\\Windows\\System32\\svchost.exe-SSDPSRV-port 51228-UDP', 'System-port 54443-TCP', 'C:\\Program Files\\avs\\bin\\avagent.exe-avbackup-port 28002-TCP', 'C:\\Windows\\System32\\wininit.exe-port 49664-TCP', 'C:\\Windows\\System32\\svchost.exe-SSDPSRV-port 1900-UDP', 'D:\\AutoSys 11.3\\SystemAgent\\autosys_prod\\cybAgent.exe-CA Workload Automation Agent (autosys_prod)-port 9495-TCP', 'System-WinRm-port 5986-TCP', 'C:\\ProgramData\\Qualys\\SandboxRO\\agentid-service.exe-port 9293-TCP', 'C:\\Program Files (x86)\\BigFix Enterprise\\BES Client\\BESClient.exe-BESClient-port 52311-UDP', 'System-port 443-TCP', 'System-SMB-port 445-TCP', 'C:\\Windows\\System32\\svchost.exe-IKEEXT-port 4500-UDP', 'C:\\Windows\\System32\\svchost.exe-Schedule-port 63096-TCP', 'C:\\Windows\\System32\\svchost.exe-TermService-port 3389-TCP', 'C:\\Windows\\System32\\services.exe-port 50316-TCP', 'C:\\Program Files\\Symantec\\Symantec Endpoint Protection\\14.3.11216.9000.105\\Bin64\\ccSvcHst.exe-SepMasterService-port 2969-UDP', 'System-port 80-TCP', 'C:\\Windows\\System32\\svchost.exe-PolicyAgent-port 50248-TCP', 'C:\\Windows\\System32\\lsass.exe-port 49604-TCP', 'System-WinRm-port 47001-TCP', 'C:\\Windows\\System32\\lsass.exe-Netlogon-port 49603-TCP', 'D:\\Program Files (x86)\\Sterling Commerce\\Connect Direct v6.3.0\\ibm_jre\\jre\\bin\\java.exe-port 1365-TCP', 'C:\\Windows\\System32\\svchost.exe-IKEEXT-port 500-UDP', 'C:\\Windows\\System32\\svchost.exe-w32time-port 123-UDP', 'D:\\Program Files (x86)\\Sterling Commerce\\Connect Direct v6.3.0\\Server\\CDNT.exe-Connect Direct v6.3.0-port 1363-TCP', 'C:\\Windows\\System32\\svchost.exe-RpcSs-port 135-TCP', 'System-port 2969-TCP', 'C:\\Windows\\System32\\mqsvc.exe-MSMQ-port 2107-TCP', 'C:\\Windows\\System32\\mqsvc.exe-MSMQ-port 1801-TCP', 'C:\\Windows\\System32\\svchost.exe-EventLog-port 49665-TCP'}",Production,NaN,1SCD2,File Transfer Server,Label 1SCD2 was predicted due to the presence of process with value 'Connect Direct v6.3.0'.,"The prediction of the application label as '1SCD2' is based on the presence of the 'Connect Direct v6.3.0' process, which is associated with the application 1SCD2 in the past labelling patterns. The presence of other processes like 'CA Workload Automation Agent' also supports this prediction, as they are linked to similar applications seen in the network.",Label File Transfer Server was predicted due to the presence of process with value 'Connect Direct v6.3.0'.,"The role prediction as 'File Transfer Server' is based on the presence of 'Connect Direct v6.3.0', a software commonly used for secure file transfers in enterprise environments. This indicates the machine's role is primarily to handle file transfer operations securely and efficiently."
wxvwa88a0332,"{'D:\\apps\\mwauto\\tomcat\\apache-tomcat-10.1.50\\bin\\tomcat10.exe-tomcat_p3-port 8443-TCP', 'D:\\apps\\mwauto\\tomcat\\apache-tomcat-10.1.50\\bin\\tomcat10.exe-tomcat_p0-port 8440-TCP', 'C:\\Windows\\System32\\svchost.exe-Schedule-port 57365-TCP', 'C:\\Program Files (x86)\\Tanium\\Tanium Client\\TaniumClient.exe-port 17472-TCP', 'C:\\Windows\\System32\\svchost.exe-TermService-port 3389-UDP', 'C:\\Program Files\\NetprobeNT_prod2\\NetprobeNT-DEV-22211.exe-NetprobeNT-DEV-22211-port 22211-TCP', 'System-WinRm-port 5985-TCP', 'D:\\apps\\mwauto\\tomcat\\apache-tomcat-10.1.50\\bin\\tomcat10.exe-tomcat_p5-port 8445-TCP', 'C:\\Windows\\System32\\services.exe-port 57566-TCP', 'D:\\apps\\mwauto\\tomcat\\apache-tomcat-10.1.50\\bin\\tomcat10.exe-tomcat_p9-port 8449-TCP', 'C:\\Program Files\\avs\\bin\\avagent.exe-avbackup-port 28002-TCP', 'C:\\Windows\\System32\\wininit.exe-port 49664-TCP', 'D:\\apps\\mwauto\\tomcat\\apache-tomcat-10.1.50\\bin\\tomcat10.exe-tomcat_p4-port 8444-TCP', 'D:\\apps\\mwauto\\tomcat\\apache-tomcat-10.1.50\\bin\\tomcat10.exe-tomcat_p1-port 8441-TCP', 'C:\\ProgramData\\Qualys\\SandboxRO\\agentid-service.exe-port 9293-TCP', 'C:\\Program Files (x86)\\BigFix Enterprise\\BES Client\\BESClient.exe-BESClient-port 52311-UDP', 'D:\\apps\\mwauto\\tomcat\\apache-tomcat-10.1.50\\bin\\tomcat10.exe-tomcat_p2-port 8442-TCP', 'C:\\Windows\\System32\\svchost.exe-SessionEnv-port 59883-TCP', 'C:\\Windows\\System32\\svchost.exe-Winmgmt-port 65175-TCP', 'System-SMB-port 445-TCP', 'C:\\Windows\\System32\\svchost.exe-TermService-port 3389-TCP', 'C:\\Program Files\\Symantec\\Symantec Endpoint Protection\\14.3.11216.9000.105\\Bin64\\ccSvcHst.exe-SepMasterService-port 2969-UDP', 'System-WinRm-port 47001-TCP', 'C:\\Windows\\System32\\svchost.exe-w32time-port 123-UDP', 'C:\\Windows\\System32\\lsass.exe-port 55790-TCP', 'System-port 2969-TCP', 'C:\\Windows\\System32\\svchost.exe-RpcSs-port 135-TCP', 'C:\\Windows\\System32\\svchost.exe-EventLog-port 49665-TCP', 'C:\\Windows\\System32\\lsass.exe-Netlogon-port 59885-TCP'}",Development,NaN,ICMP,Web server,Label ICMP was predicted due to the presence of process with value 'tomcat'.,"The application label ICMP is predicted primarily due to the presence of multiple instances of Tomcat processes. Tomcat servers are often associated with web server or middleware applications, which can categorize them into network traffic-heavy roles or applications, with ICMP being one of them given the data. Additionally, this prediction is consistent with one of the previous examples where Tomcat processes led to an ICMP application label prediction.",Label Web server was predicted due to the presence of process with value 'tomcat'.,The role of Web server was predicted because the presence of Tomcat processes usually indicates that the server is hosting web applications or acting as a middleware. Apache Tomcat is a widely used web server and servlet container that is often used for hosting web applications written in Java. The multiple instances of Tomcat with varying port numbers reinforce this assumption that the resource is configured as a web server running multiple instances or services.
wpvww98a0423,"{'D:\\Program Files (x86)\\Sterling Commerce\\Connect Direct v6.3.0\\Server\\CDNT.exe-Connect Direct v6.3.0-port 1364-TCP', 'D:\\AutoSys 11.3\\SystemAgent\\autosys_dev\\cybAgent.exe-CA Workload Automation Agent (autosys_dev)-port 9490-TCP', 'C:\\Windows\\System32\\mqsvc.exe-MSMQ-port 2103-TCP', 'C:\\Windows\\System32\\svchost.exe-port 5050-UDP', 'C:\\Program Files (x86)\\Tanium\\Tanium Client\\TaniumClient.exe-port 17472-TCP', 'C:\\Program Files (x86)\\CA\\SC\\Csam\\SockAdapter\\bin64\\CSAMPmux64.exe-CA-SAM-Pmux-port 7163-TCP', 'D:\\qosmon\\NetprobeNT-PRD-22011\\NetprobeNT-PRD-22011.exe-NetprobeNT-PRD-22011-port 22011-TCP', 'C:\\Windows\\System32\\svchost.exe-TermService-port 3389-UDP', 'C:\\Windows\\System32\\mqsvc.exe-MSMQ-port 2105-TCP', 'System-WinRm-port 5985-TCP', 'C:\\Windows\\System32\\services.exe-port 56330-TCP', 'D:\\Program Files (x86)\\Sterling Commerce\\Connect Direct v6.3.0\\ibm_jre\\jre\\bin\\javaw.exe-port 1368-TCP', 'C:\\Windows\\System32\\lsass.exe-port 56291-TCP', 'System-port 54443-TCP', 'C:\\Program Files\\avs\\bin\\avagent.exe-avbackup-port 28002-TCP', 'C:\\Windows\\System32\\wininit.exe-port 49664-TCP', 'C:\\Windows\\System32\\mqsvc.exe-MSMQ-port 1801-TCP', 'C:\\Windows\\System32\\svchost.exe-SSDPSRV-port 1900-UDP', 'C:\\Windows\\System32\\mqsvc.exe-MSMQ-port 56310-TCP', 'D:\\AutoSys 11.3\\SystemAgent\\autosys_prod\\cybAgent.exe-CA Workload Automation Agent (autosys_prod)-port 9495-TCP', 'System-WinRm-port 5986-TCP', 'C:\\Windows\\System32\\svchost.exe-SessionEnv-port 59838-TCP', 'C:\\ProgramData\\Qualys\\SandboxRO\\agentid-service.exe-port 9293-TCP', 'C:\\Windows\\System32\\svchost.exe-SSDPSRV-port 65483-UDP', 'C:\\Program Files (x86)\\BigFix Enterprise\\BES Client\\BESClient.exe-BESClient-port 52311-UDP', 'System-port 443-TCP', 'C:\\Windows\\System32\\svchost.exe-IKEEXT-port 4500-UDP', 'System-SMB-port 445-TCP', 'C:\\Windows\\System32\\svchost.exe-TermService-port 3389-TCP', 'C:\\Program Files\\Symantec\\Symantec Endpoint Protection\\14.3.11216.9000.105\\Bin64\\ccSvcHst.exe-SepMasterService-port 2969-UDP', 'System-port 80-TCP', 'C:\\Windows\\System32\\lsass.exe-Netlogon-port 59839-TCP', 'System-WinRm-port 47001-TCP', 'D:\\Program Files (x86)\\Sterling Commerce\\Connect Direct v6.3.0\\ibm_jre\\jre\\bin\\java.exe-port 1365-TCP', 'C:\\Windows\\System32\\svchost.exe-IKEEXT-port 500-UDP', 'C:\\Windows\\System32\\svchost.exe-w32time-port 123-UDP', 'D:\\Program Files (x86)\\Sterling Commerce\\Connect Direct v6.3.0\\Server\\CDNT.exe-Connect Direct v6.3.0-port 1363-TCP', 'C:\\Windows\\System32\\svchost.exe-RpcSs-port 135-TCP', 'System-port 2969-TCP', 'C:\\Windows\\System32\\mqsvc.exe-MSMQ-port 2107-TCP', 'C:\\Windows\\System32\\svchost.exe-PolicyAgent-port 56312-TCP', 'C:\\Windows\\System32\\svchost.exe-EventLog-port 49665-TCP'}",Production,NaN,1SCD2,Messaging Server,Label 1SCD2 was predicted due to the presence of process with value 'D:\\Program Files (x86)\\Sterling Commerce\\Connect Direct v6.3.0\\Server\\CDNT.exe'.,"The application label '1SCD2' is consistent with the presence of the 'Sterling Commerce Connect Direct v6.3.0' processes, which were observed in a previous dataset where '1SCD2' was the correct application label. Therefore, based on the process names indicating the presence of 'Connect Direct', the application label predicted is '1SCD2'.",Messaging Server role was predicted due to the presence of process with value 'C:\\Windows\\System32\\mqsvc.exe'.,"The role is predicted as 'Messaging Server' because of the presence of MSMQ (Microsoft Message Queue) related processes like 'C:\\Windows\\System32\\mqsvc.exe'. This strongly suggests that the server is configured for message queuing, and thus likely serves a messaging server role."
wpvww99a0423,"{'D:\\AutoSys 11.3\\SystemAgent\\autosys_dev\\cybAgent.exe-CA Workload Automation Agent (autosys_dev)-port 9490-TCP', 'C:\\Windows\\System32\\mqsvc.exe-MSMQ-port 2103-TCP', 'D:\\Program Files (x86)\\Sterling Commerce\\Connect Direct v6.2.0\\ibm_jre\\jre\\bin\\java.exe-port 1365-TCP', 'C:\\Windows\\System32\\mqsvc.exe-MSMQ-port 60200-TCP', 'C:\\Program Files (x86)\\Tanium\\Tanium Client\\TaniumClient.exe-port 17472-TCP', 'C:\\Program Files (x86)\\CA\\SC\\Csam\\SockAdapter\\bin64\\CSAMPmux64.exe-CA-SAM-Pmux-port 7163-TCP', 'D:\\qosmon\\NetprobeNT-PRD-22011\\NetprobeNT-PRD-22011.exe-NetprobeNT-PRD-22011-port 22011-TCP', 'C:\\Windows\\System32\\svchost.exe-TermService-port 3389-UDP', 'C:\\Windows\\System32\\mqsvc.exe-MSMQ-port 2105-TCP', 'System-port 54443-TCP', 'C:\\Program Files\\avs\\bin\\avagent.exe-avbackup-port 28002-TCP', 'C:\\Windows\\System32\\wininit.exe-port 49664-TCP', 'C:\\Windows\\System32\\lsass.exe-Netlogon-port 57405-TCP', 'D:\\AutoSys 11.3\\SystemAgent\\autosys_prod\\cybAgent.exe-CA Workload Automation Agent (autosys_prod)-port 9495-TCP', 'C:\\Windows\\System32\\lsass.exe-port 60181-TCP', 'C:\\Windows\\System32\\svchost.exe-PolicyAgent-port 60176-TCP', 'System-port 443-TCP', 'System-SMB-port 445-TCP', 'C:\\Windows\\System32\\svchost.exe-IKEEXT-port 4500-UDP', 'C:\\Windows\\System32\\svchost.exe-Schedule-port 57403-TCP', 'C:\\Windows\\System32\\services.exe-port 60220-TCP', 'C:\\Windows\\System32\\svchost.exe-TermService-port 3389-TCP', 'C:\\Program Files\\Symantec\\Symantec Endpoint Protection\\14.3.11216.9000.105\\Bin64\\ccSvcHst.exe-SepMasterService-port 2969-UDP', 'System-port 80-TCP', 'C:\\Windows\\System32\\svchost.exe-w32time-port 123-UDP', 'C:\\Windows\\System32\\svchost.exe-IKEEXT-port 500-UDP', 'C:\\Windows\\System32\\svchost.exe-RpcSs-port 135-TCP', 'System-port 2969-TCP', 'C:\\Windows\\System32\\mqsvc.exe-MSMQ-port 2107-TCP', 'C:\\Windows\\System32\\mqsvc.exe-MSMQ-port 1801-TCP', 'C:\\Windows\\System32\\svchost.exe-EventLog-port 49665-TCP'}",Production,NaN,1SCD2,Message Queue Server,Label 1SCD2 was predicted due to the presence of process name with value 'CA Workload Automation Agent'.,"The inventory includes processes associated with AutoSys CA Workload Automation Agent ('autosys_dev' and 'autosys_prod'), which is highly suggestive of scheduling and automation applications. Based on the labels known for this network, 1SCD2 seems to be the best match because it likely represents systems involved in workload scheduling or a similar function. Additionally, the combination of those processes and their association with CA Workload makes 1SCD2 a suitable prediction given the dataset.",Label Message Queue Server was predicted due to the presence of process name with value 'MSMQ'.,"The presence of the 'MSMQ' processes (Microsoft Message Queuing) strongly signifies that this server is functioning as a Message Queue Server. MSMQ is widely used for ensuring message delivery across different systems and applications, and thus the processes 'mqsvc.exe' confirm this prediction. This is supported by multiple instances of MSMQ ports in the data, consolidating the role prediction as a Message Queue Server."
wsvwa95a0084,"{'C:\\Windows\\System32\\services.exe-port 51306-TCP', 'C:\\Windows\\System32\\lsass.exe-port 50255-TCP', 'C:\\Windows\\System32\\svchost.exe-PolicyAgent-port 51303-TCP', 'C:\\Windows\\System32\\svchost.exe-TermService-port 3389-TCP', 'C:\\Program Files\\Symantec\\Symantec Endpoint Protection\\14.3.11216.9000.105\\Bin64\\ccSvcHst.exe-SepMasterService-port 2969-UDP', 'C:\\Windows\\System32\\svchost.exe-W32Time-port 123-UDP', 'C:\\Windows\\System32\\svchost.exe-Schedule-port 61833-TCP', 'C:\\Windows\\System32\\svchost.exe-SessionEnv-port 63647-TCP', 'C:\\Program Files (x86)\\Tanium\\Tanium Client\\TaniumClient.exe-port 17472-TCP', 'C:\\Program Files\\avs\\bin\\avagent.exe-avbackup-port 28002-TCP', 'System-port 2969-TCP', 'C:\\Windows\\System32\\wininit.exe-port 49664-TCP', 'C:\\Windows\\System32\\lsass.exe-Netlogon-port 63649-TCP', 'C:\\Windows\\System32\\svchost.exe-TermService-port 3389-UDP', 'C:\\Windows\\System32\\svchost.exe-RpcSs-port 135-TCP', 'C:\\Program Files\\NetprobeNT_prod2\\NetprobeNT-DEV-22211.exe-NetprobeNT-DEV-22211-port 22211-TCP', 'System-SMB-port 445-TCP', 'C:\\Windows\\System32\\svchost.exe-EventLog-port 49665-TCP'}",Development,NaN,1CTM,Monitoring Server,Label 1CTM was predicted due to the presence of process with value 'C:\\Program Files\\NetprobeNT_prod2\\NetprobeNT-DEV-22211.exe'.,"The application label '1CTM' was predicted because the process 'C:\Program Files\NetprobeNT_prod2\NetprobeNT-DEV-22211.exe-NetprobeNT-DEV-22211' aligns with patterns associated with '1CTM' applications or services. Since Netprobe is often used in monitoring and service automation, it could relate to applications tagged as '1CTM' in our historical data.",Label Monitoring Server was predicted due to the presence of process with value 'NetprobeNT'.,"The role 'Monitoring Server' was assigned because of the presence of the Netprobe process ('NetprobeNT-DEV-22211.exe') which is indicative of monitoring or network probing tools, typical of a Monitoring Server role. The presence of tools like Tanium Client and Symantec Endpoint Protection reinforces the notion that this resource is involved in monitoring and security."
advww00a0225,"{'C:\\Windows\\System32\\lsass.exe-Netlogon-port 49672-TCP', 'D:\\apps\\Tridion\\bin\\TcmServiceHost.exe-TcmServiceHost-port 2660-TCP', 'C:\\Windows\\System32\\svchost.exe-port 5050-UDP', 'System-port 48707-TCP', 'C:\\Program Files (x86)\\Tanium\\Tanium Client\\TaniumClient.exe-port 17472-TCP', 'System-port 48700-TCP', 'C:\\Program Files\\dotnet\\dotnet.exe-port 48802-TCP', 'C:\\Windows\\System32\\svchost.exe-TermService-port 3389-UDP', 'System-WinRm-port 5985-TCP', 'D:\\apps\\Tridion\\Services\\1WFW_49700_CTX_ACT\\bin\\procrun.exe-TridionContextService1WFWActive-port 49700-TCP', 'System-port 48705-TCP', 'System-port 48800-TCP', 'D:\\apps\\Tridion\\Services\\1WFW_49502_DIS_STG\\bin\\procrun.exe-TridionDiscoveryService1WFWStaging-port 49502-TCP', 'System-port 48701-TCP', 'D:\\apps\\Tridion\\bin\\TcmPublisher.exe-TcmPublisher-port 1150-UDP', 'C:\\Program Files\\avs\\bin\\avagent.exe-avbackup-port 28002-TCP', 'C:\\Windows\\System32\\wininit.exe-port 49664-TCP', 'C:\\Windows\\System32\\svchost.exe-SSDPSRV-port 1900-UDP', 'D:\\apps\\Tridion\\Services\\1CTM_48610_XPM_STG\\bin\\procrun.exe-TridionSessionPreviewService1CTMStaging-port 48610-TCP', 'D:\\apps\\Tridion\\Services\\1WFW_48620_XPM_STG\\bin\\procrun.exe-TridionSessionPreviewService1WFWStaging-port 48620-TCP', 'D:\\apps\\Tridion\\Services\\1WFW_49600_CON_ACT\\bin\\procrun.exe-TridionContentService1WFWActive-port 49600-TCP', 'D:\\apps\\Tridion\\bin\\TcmWorkflowAgent.exe-TCMWorkflow-port 1153-UDP', 'C:\\ProgramData\\Qualys\\SandboxRO\\agentid-service.exe-port 9293-TCP', 'C:\\Windows\\System32\\svchost.exe-Schedule-port 49669-TCP', 'D:\\apps\\Tridion\\Services\\1WFW_49602_CON_STG\\bin\\procrun.exe-TridionSessionContentService1WFWStaging-port 49602-TCP', 'C:\\Program Files (x86)\\BigFix Enterprise\\BES Client\\BESClient.exe-BESClient-port 52311-UDP', 'D:\\apps\\Tridion\\bin\\cd_transport.exe-TCDTransportService-port 61905-UDP', 'C:\\Windows\\System32\\svchost.exe-SSDPSRV-port 55922-UDP', 'System-port 443-TCP', 'D:\\apps\\Tridion\\bin\\TcmBatchProcessor.exe-TcmBatchProcessor-port 1154-UDP', 'C:\\Windows\\System32\\msdtc.exe-MSDTC-port 52824-TCP', 'C:\\Windows\\System32\\lsass.exe-port 52757-TCP', 'System-SMB-port 445-TCP', 'C:\\Windows\\System32\\inetsrv\\inetinfo.exe-IISADMIN-port 59735-TCP', 'D:\\apps\\Tridion\\Services\\1WFW_49500_DIS_ACT\\bin\\procrun.exe-TridionDiscoveryService1WFWActive-port 49500-TCP', 'System-port 81-TCP', 'C:\\Windows\\System32\\svchost.exe-TermService-port 3389-TCP', 'C:\\Program Files\\Symantec\\Symantec Endpoint Protection\\14.3.11216.9000.105\\Bin64\\ccSvcHst.exe-SepMasterService-port 2969-UDP', 'System-port 80-TCP', 'D:\\apps\\Tridion\\bin\\TcmPublisher.exe-TcmPublisher-port 1151-UDP', 'System-WinRm-port 47001-TCP', 'System-port 48706-TCP', 'C:\\Windows\\System32\\svchost.exe-w32time-port 123-UDP', 'C:\\Windows\\System32\\svchost.exe-RpcSs-port 135-TCP', 'System-port 2969-TCP', 'C:\\Windows\\System32\\services.exe-port 52772-TCP', 'C:\\Windows\\System32\\svchost.exe-PolicyAgent-port 49671-TCP', 'C:\\Windows\\System32\\svchost.exe-EventLog-port 49665-TCP'}",Staging,NaN,1CTM,Web Server,Label 1CTM was predicted due to the presence of process name with value 'Tridion'.,"The application label '1CTM' was predicted based on the presence of the Tridion process names such as 'TcmServiceHost.exe', 'TcmPublisher.exe', 'TcmWorkflowAgent.exe', and various Tridion service processes running on this machine. These services are all known to be part of the Tridion system, which is a content management solution. Since '1CTM' matches a servlet-management environment hinted by the Tridion processes, it was chosen as the most likely application label.",Label Web Server was predicted due to the presence of process name with value 'inetinfo.exe'.,"The role of 'Web Server' was predicted due to the presence of 'inetinfo.exe', which is the primary process for Internet Information Services (IIS), Microsoft's web server. This system also includes Tridion-related processes which are often associated with serving web-related content, further supporting the web server role prediction."
advww00a0220,"{'C:\\Windows\\System32\\svchost.exe-PolicyAgent-port 49745-TCP', 'C:\\Windows\\System32\\lsass.exe-port 49750-TCP', 'D:\\AutoSys 11.3\\SystemAgent\\autosys_dev\\cybAgent.exe-CA Workload Automation Agent (autosys_dev)-port 9490-TCP', 'C:\\Windows\\System32\\svchost.exe-port 5050-UDP', 'C:\\Program Files (x86)\\Tanium\\Tanium Client\\TaniumClient.exe-port 17472-TCP', 'C:\\Program Files (x86)\\CA\\SC\\Csam\\SockAdapter\\bin64\\CSAMPmux64.exe-CA-SAM-Pmux-port 7163-TCP', 'C:\\Program Files\\dotnet\\dotnet.exe-port 48802-TCP', 'C:\\Windows\\System32\\svchost.exe-TermService-port 3389-UDP', 'C:\\Windows\\System32\\lsass.exe-Netlogon-port 49670-TCP', 'System-WinRm-port 5985-TCP', 'C:\\Program Files\\avs\\bin\\avagent.exe-avbackup-port 28002-TCP', 'C:\\Windows\\System32\\wininit.exe-port 49664-TCP', 'C:\\Windows\\System32\\svchost.exe-SSDPSRV-port 1900-UDP', 'D:\\AutoSys 11.3\\SystemAgent\\autosys_prod\\cybAgent.exe-CA Workload Automation Agent (autosys_prod)-port 9495-TCP', 'C:\\Windows\\System32\\svchost.exe-SSDPSRV-port 50981-UDP', 'C:\\ProgramData\\Qualys\\SandboxRO\\agentid-service.exe-port 9293-TCP', 'C:\\Windows\\System32\\svchost.exe-Schedule-port 49668-TCP', 'C:\\Program Files (x86)\\VERITAS\\VxPBX\\bin\\pbx_exchange.exe-VRTSpbx-port 1556-TCP', 'C:\\Program Files (x86)\\BigFix Enterprise\\BES Client\\BESClient.exe-BESClient-port 52311-UDP', 'C:\\Windows\\System32\\inetsrv\\inetinfo.exe-IISADMIN-port 56467-TCP', 'System-SMB-port 445-TCP', 'C:\\Program Files\\Veritas\\NetBackup\\bin\\bpcd.exe-port 13782-TCP', 'C:\\Program Files\\Veritas\\NetBackup\\bin\\vnetd.exe-port 13724-TCP', 'C:\\Windows\\System32\\svchost.exe-TermService-port 3389-TCP', 'C:\\Program Files\\Symantec\\Symantec Endpoint Protection\\14.3.11216.9000.105\\Bin64\\ccSvcHst.exe-SepMasterService-port 2969-UDP', 'System-WinRm-port 47001-TCP', 'C:\\Windows\\System32\\svchost.exe-w32time-port 123-UDP', 'C:\\Windows\\System32\\services.exe-port 49756-TCP', 'System-port 2969-TCP', 'C:\\Windows\\System32\\svchost.exe-RpcSs-port 135-TCP', 'C:\\Windows\\System32\\svchost.exe-EventLog-port 49665-TCP'}",Production,NaN,1SCD2,Application Server,Label 1SCD2 was predicted due to the presence of hostname with value advww00a0220.,"The application label 1SCD2 was predicted based on the hostname 'advww00a0220'. This hostname pattern aligns with previous records where '1SCD2' was the correct application label. No exact process names uniquely correspond to a predefined application label in the provided network. However, the presence of the AutoSys processes, specifically 'D:\\AutoSys 11.3\\SystemAgent\\autosys_dev\\cybAgent.exe' and 'D:\\AutoSys 11.3\\SystemAgent\\autosys_prod\\cybAgent.exe', suggests a role correlated to application control, which is a characteristic of the 1SCD2 application based on possible historical labeling patterns. Also, components like Veritas NetBackup services align with infrastructure roles supporting application tasks possibly related to data transfer and operations managed by 1SCD2. Given these associative elements, while not definitive, the best-informed assumption leads to 1SCD2 as the probable application label.",Label Application Server was predicted due to the presence of process with value 'D:\AutoSys 11.3\SystemAgent\autosys_dev\cybAgent.exe'.,"The role of this resource is predicted to be an 'Application Server'. The presence of several processes, especially 'D:\\AutoSys 11.3\\SystemAgent\\autosys_dev\\cybAgent.exe' and 'D:\\AutoSys 11.3\\SystemAgent\\autosys_prod\\cybAgent.exe', are key indicators of a machine handling application processes and workloads such as scheduling and execution, typical of application servers. Additionally, the inclusion of services like Veritas NetBackup and IIS suggests server operations oriented towards application management and data flow, which aligns with the expected function of an application server. Several components such as CA Workload Automation and IIS reinforce this role as they are commonly associated with application hosting and automation tasks."
mo1-004a-ixb-cu,"{'/opt/apps/tuxedo/tuxedo12gR2/tuxedo12.2.2.0.0/bin/JSH-port 21134-TCP', '/opt/apps/ptools/pt85914/bin/PSAPPSRV-port 46515-TCP', '/opt/apps/tuxedo/tuxedo12gR2/tuxedo12.2.2.0.0/bin/JSH-port 21170-TCP', '/opt/apps/ptools/pt85914/bin/PSAPPSRV-port 34497-TCP', '/opt/apps/ptools/pt85914/bin/PSAPPSRV-port 36567-TCP', '/opt/apps/ptools/pt85914/bin/PSAPPSRV-port 43291-TCP', '/opt/apps/ptools/pt85914/bin/PSQCKSRV-port 41641-TCP', '/opt/apps/ptools/pt85914/bin/PSAPPSRV-port 40557-TCP', '/apps/mwauto/java/jdk-11.0.29/bin/java-port 27109-TCP', '/opt/apps/ptools/pt85914/bin/PSAPPSRV-port 39653-TCP', '/opt/boksm/lib/boks_sshd-port 22-TCP', '/opt/apps/tuxedo/tuxedo12gR2/tuxedo12.2.2.0.0/bin/JSH-port 21105-TCP', '/opt/apps/ptools/pt85914/bin/PSAPPSRV-port 37677-TCP', '/opt/apps/ptools/pt85914/bin/PSQCKSRV-port 42703-TCP', '/opt/apps/tuxedo/tuxedo12gR2/tuxedo12.2.2.0.0/bin/JSH-port 21111-TCP', '/apps/mwauto/java/jdk-11.0.29/bin/java-port 27110-TCP', '/opt/apps/tuxedo/tuxedo12gR2/tuxedo12.2.2.0.0/bin/JSH-port 21133-TCP', '/opt/apps/tuxedo/tuxedo12gR2/tuxedo12.2.2.0.0/bin/JSH-port 21137-TCP', '/opt/apps/ptools/pt85914/bin/PSQRYSRV-port 33615-TCP', '/opt/apps/ptools/pt85914/bin/PSAPPSRV-port 37877-TCP', '/opt/apps/ptools/pt85914/bin/PSQCKSRV-port 37735-TCP', '/opt/apps/ptools/pt85914/bin/PSAPPSRV-port 35863-TCP', '/opt/apps/tuxedo/tuxedo12gR2/tuxedo12.2.2.0.0/bin/JSL-port 21160-TCP', '/opt/CA/r12/SystemAgent/autosys_prod/cybAgent.bin-port 9495-TCP', '/opt/apps/tuxedo/tuxedo12gR2/tuxedo12.2.2.0.0/bin/JSH-port 21106-TCP', '/opt/apps/tuxedo/tuxedo12gR2/tuxedo12.2.2.0.0/bin/JSH-port 21101-TCP', '/opt/apps/ptools/pt85914/bin/PSQCKSRV-port 39163-TCP', '/opt/apps/tuxedo/tuxedo12gR2/tuxedo12.2.2.0.0/bin/JSH-port 21138-TCP', '/opt/apps/tuxedo/tuxedo12gR2/tuxedo12.2.2.0.0/bin/JSH-port 21104-TCP', '/opt/apps/ptools/pt85914/bin/PSQRYSRV-port 37785-TCP', '/opt/apps/ptools/pt85914/bin/PSAPPSRV-port 35825-TCP', '/opt/apps/tuxedo/tuxedo12gR2/tuxedo12.2.2.0.0/bin/JSL-port 21100-TCP', '/apps/mwauto/java/jdk-11.0.29/bin/java-port 27100-TCP', '/opt/apps/tuxedo/tuxedo12gR2/tuxedo12.2.2.0.0/bin/JSH-port 21166-TCP', '/opt/apps/tuxedo/tuxedo12gR2/tuxedo12.2.2.0.0/bin/JSH-port 21162-TCP', '/opt/apps/ptools/pt85914/bin/PSQCKSRV-port 38431-TCP', '/opt/apps/ptools/pt85914/bin/PSQCKSRV-port 45325-TCP', '/opt/apps/ptools/pt85914/bin/PSAPPSRV-port 46139-TCP', '/opt/apps/ptools/pt85914/bin/PSAPPSRV-port 46577-TCP', '/opt/apps/ptools/pt85914/bin/PSAPPSRV-port 41059-TCP', '/opt/apps/ptools/pt85914/bin/PSMONITORSRV-port 10101-TCP', '/opt/apps/ptools/pt85914/bin/PSQCKSRV-port 45463-TCP', '/opt/apps/tuxedo/tuxedo12gR2/tuxedo12.2.2.0.0/bin/JSH-port 21135-TCP', '/opt/apps/tuxedo/tuxedo12gR2/tuxedo12.2.2.0.0/bin/JSH-port 21161-TCP', '/opt/apps/ptools/pt85914/bin/PSAPPSRV-port 41683-TCP', '/apps/mwauto/java/jdk-11.0.29/bin/java-port 27105-TCP', '/opt/VRTSpbx/bin/pbx_exchange-port 1556-TCP', '/opt/apps/ptools/pt85914/bin/PSAPPSRV-port 34379-TCP', '/opt/apps/tuxedo/tuxedo12gR2/tuxedo12.2.2.0.0/bin/JSH-port 21140-TCP', '/opt/apps/tuxedo/tuxedo12gR2/tuxedo12.2.2.0.0/bin/JSH-port 21103-TCP', '/usr/local/qualys/cloud-agent/bin/agentid-service-port 9293-TCP', '/opt/apps/ptools/pt85914/bin/PSQRYSRV-port 45233-TCP', '/opt/apps/tuxedo/tuxedo12gR2/tuxedo12.2.2.0.0/bin/JSH-port 21165-TCP', '/opt/apps/ptools/pt85914/bin/PSQRYSRV-port 45019-TCP', '/opt/apps/ptools/pt85914/bin/PSAPPSRV-port 44889-TCP', '/opt/apps/tuxedo/tuxedo12gR2/tuxedo12.2.2.0.0/bin/JSH-port 21107-TCP', '/opt/apps/tuxedo/tuxedo12gR2/tuxedo12.2.2.0.0/bin/JSH-port 21112-TCP', '/opt/apps/tuxedo/tuxedo12gR2/tuxedo12.2.2.0.0/bin/JSH-port 21164-TCP', '/usr/lib/systemd/systemd-port 111-UDP', '/opt/Tanium/TaniumClient/TaniumClient-port 17472-TCP', '/opt/apps/tuxedo/tuxedo12gR2/tuxedo12.2.2.0.0/bin/JSH-port 21136-TCP', '/usr/openv/netbackup/bin/bpcd-port 13782-TCP', '/usr/local/avamar/bin/avagent.bin-port 28002-TCP', '/opt/apps/ptools/pt85914/bin/PSQCKSRV-port 38553-TCP', '/usr/sbin/chronyd-port 123-UDP', '/opt/apps/ptools/pt85914/bin/PSAPPSRV-port 43711-TCP', '/opt/apps/ptools/pt85914/bin/PSQRYSRV-port 44303-TCP', '/opt/apps/ptools/pt85914/bin/PSQRYSRV-port 42107-TCP', '/apps/mwauto/java/jdk-11.0.29/bin/java-port 27101-TCP', '/opt/apps/tuxedo/tuxedo12gR2/tuxedo12.2.2.0.0/bin/JSH-port 21167-TCP', '/opt/apps/tuxedo/tuxedo12gR2/tuxedo12.2.2.0.0/bin/JSH-port 21114-TCP', '/apps/mwauto/java/jdk-11.0.29/bin/java-port 27102-TCP', '/opt/apps/tuxedo/tuxedo12gR2/tuxedo12.2.2.0.0/bin/JSH-port 21169-TCP', '/apps/mwauto/java/jdk-11.0.29/bin/rmiregistry-port 10100-TCP', '/opt/apps/ptools/pt85914/bin/PSQCKSRV-port 42965-TCP', '/opt/apps/tuxedo/tuxedo12gR2/tuxedo12.2.2.0.0/bin/JSH-port 21102-TCP', '/opt/apps/tuxedo/tuxedo12gR2/tuxedo12.2.2.0.0/bin/JSH-port 21132-TCP', '/opt/apps/ptools/pt85914/bin/PSAPPSRV-port 41523-TCP', '/opt/apps/tuxedo/tuxedo12gR2/tuxedo12.2.2.0.0/bin/JSL-port 21130-TCP', '/opt/apps/ptools/pt85914/bin/PSQCKSRV-port 35885-TCP', '/opt/boksm/lib/boks_bridge-port 6703-TCP', '/opt/apps/tuxedo/tuxedo12gR2/tuxedo12.2.2.0.0/bin/JSH-port 21115-TCP', '/opt/apps/tuxedo/tuxedo12gR2/tuxedo12.2.2.0.0/bin/JSH-port 21108-TCP', '/opt/apps/ptools/pt85914/bin/PSQRYSRV-port 35777-TCP', '/opt/apps/tuxedo/tuxedo12gR2/tuxedo12.2.2.0.0/bin/JSH-port 21113-TCP', '/usr/sbin/chronyd-port 323-UDP', '/opt/apps/tuxedo/tuxedo12gR2/tuxedo12.2.2.0.0/bin/JSH-port 21109-TCP', '/usr/lib/systemd/systemd-port 111-TCP', '/usr/openv/netbackup/bin/vnetd-port 13724-TCP', '/opt/apps/ptools/pt85914/bin/PSQRYSRV-port 36011-TCP', '/opt/apps/ptools/pt85914/bin/PSAPPSRV-port 44615-TCP', '/opt/apps/ptools/pt85914/bin/PSQCKSRV-port 45513-TCP', '/opt/CA/r12/SystemAgent/autosys_dev/cybAgent.bin-port 9490-TCP', '/opt/apps/ptools/pt85914/bin/PSAPPSRV-port 44703-TCP', '/apps/mwauto/java/jdk-11.0.29/bin/java-port 27106-TCP', '/opt/apps/ptools/pt85914/bin/PSQRYSRV-port 44497-TCP', '/opt/apps/ptools/pt85914/bin/PSAPPSRV-port 45625-TCP', '/opt/apps/tuxedo/tuxedo12gR2/tuxedo12.2.2.0.0/bin/JSH-port 21131-TCP', '/opt/apps/ptools/pt85914/bin/PSAPPSRV-port 38079-TCP', '/opt/apps/tuxedo/tuxedo12gR2/tuxedo12.2.2.0.0/bin/JSH-port 21110-TCP', '/opt/apps/tuxedo/tuxedo12gR2/tuxedo12.2.2.0.0/bin/JSH-port 21168-TCP', '/opt/apps/tuxedo/tuxedo12gR2/tuxedo12.2.2.0.0/bin/JSH-port 21139-TCP', '/opt/apps/tuxedo/tuxedo12gR2/tuxedo12.2.2.0.0/bin/JSH-port 21163-TCP'}",Production,NaN,1SCD2,Application Server,Label 1SCD2 was predicted due to the presence of process name with value '/opt/CA/r12/SystemAgent/autosys_prod/cybAgent.bin'.,"The application label 1SCD2 was predicted due to the presence of the 'autosys_prod' and 'cybAgent' processes, which indicate workload automation related to the 1SCD2 application label seen in the network before. This aligns with previous observations since 'autosys' related processes have been connected with the 1SCD2 label.",Label Application Server was predicted due to the presence of process name with value '/opt/apps/tuxedo/tuxedo12gR2/tuxedo12.2.2.0.0/bin/JSH'.,"The role label predicted is Application Server. The combination of Tuxedo processes such as JSH and JSL alongside PSAPPSRV processes indicate an application server, as these components are typically found in environments where middleware and application processing occur. No other pre-defined role labels were given, increasing the difficulty, but the presence of these specific processes strongly align with a typical application server role setup."
mo1-004c-ixb-cu,"{'/opt/apps/tuxedo/tuxedo12gR2/tuxedo12.2.2.0.0/bin/JSH-port 21134-TCP', '/opt/apps/ptools/pt85914/bin/PSAPPSRV-port 35017-TCP', '/opt/apps/tuxedo/tuxedo12gR2/tuxedo12.2.2.0.0/bin/JSH-port 21170-TCP', '/opt/apps/ptools/pt85914/bin/PSQRYSRV-port 35859-TCP', '/apps/mwauto/java/jdk-11.0.29/bin/java-port 27109-TCP', '/opt/apps/ptools/pt85914/bin/PSAPPSRV-port 40577-TCP', '/opt/boksm/lib/boks_sshd-port 22-TCP', '/opt/apps/tuxedo/tuxedo12gR2/tuxedo12.2.2.0.0/bin/JSH-port 21105-TCP', '/opt/apps/tuxedo/tuxedo12gR2/tuxedo12.2.2.0.0/bin/JSH-port 21111-TCP', '/apps/mwauto/java/jdk-11.0.29/bin/java-port 27110-TCP', '/opt/apps/tuxedo/tuxedo12gR2/tuxedo12.2.2.0.0/bin/JSH-port 21133-TCP', '/opt/apps/tuxedo/tuxedo12gR2/tuxedo12.2.2.0.0/bin/JSH-port 21137-TCP', '/opt/apps/ptools/pt85914/bin/PSAPPSRV-port 39943-TCP', '/opt/apps/tuxedo/tuxedo12gR2/tuxedo12.2.2.0.0/bin/JSL-port 21160-TCP', '/opt/CA/r12/SystemAgent/autosys_prod/cybAgent.bin-port 9495-TCP', '/opt/apps/tuxedo/tuxedo12gR2/tuxedo12.2.2.0.0/bin/JSH-port 21106-TCP', '/opt/apps/tuxedo/tuxedo12gR2/tuxedo12.2.2.0.0/bin/JSH-port 21101-TCP', '/opt/apps/ptools/pt85914/bin/PSQCKSRV-port 40983-TCP', '/opt/apps/ptools/pt85914/bin/PSQCKSRV-port 43025-TCP', '/opt/apps/tuxedo/tuxedo12gR2/tuxedo12.2.2.0.0/bin/JSH-port 21138-TCP', '/opt/apps/tuxedo/tuxedo12gR2/tuxedo12.2.2.0.0/bin/JSH-port 21104-TCP', '/opt/apps/ptools/pt85914/bin/PSQRYSRV-port 40839-TCP', '/opt/apps/ptools/pt85914/bin/PSQRYSRV-port 42063-TCP', '/opt/apps/ptools/pt85914/bin/PSQCKSRV-port 41351-TCP', '/opt/apps/tuxedo/tuxedo12gR2/tuxedo12.2.2.0.0/bin/JSL-port 21100-TCP', '/opt/apps/ptools/pt85914/bin/PSAPPSRV-port 46617-TCP', '/apps/mwauto/java/jdk-11.0.29/bin/java-port 27100-TCP', '/opt/apps/tuxedo/tuxedo12gR2/tuxedo12.2.2.0.0/bin/JSH-port 21166-TCP', '/opt/apps/tuxedo/tuxedo12gR2/tuxedo12.2.2.0.0/bin/JSH-port 21162-TCP', '/opt/apps/ptools/pt85914/bin/PSAPPSRV-port 32799-TCP', '/opt/apps/ptools/pt85914/bin/PSAPPSRV-port 40955-TCP', '/opt/apps/ptools/pt85914/bin/PSMONITORSRV-port 10101-TCP', '/opt/apps/ptools/pt85914/bin/PSQCKSRV-port 40517-TCP', '/opt/apps/tuxedo/tuxedo12gR2/tuxedo12.2.2.0.0/bin/JSH-port 21135-TCP', '/opt/apps/ptools/pt85914/bin/PSQCKSRV-port 42705-TCP', '/opt/apps/ptools/pt85914/bin/PSQRYSRV-port 33389-TCP', '/opt/apps/ptools/pt85914/bin/PSQCKSRV-port 44627-TCP', '/opt/apps/tuxedo/tuxedo12gR2/tuxedo12.2.2.0.0/bin/JSH-port 21161-TCP', '/apps/mwauto/java/jdk-11.0.29/bin/java-port 27105-TCP', '/opt/VRTSpbx/bin/pbx_exchange-port 1556-TCP', '/opt/apps/tuxedo/tuxedo12gR2/tuxedo12.2.2.0.0/bin/JSH-port 21140-TCP', '/opt/apps/tuxedo/tuxedo12gR2/tuxedo12.2.2.0.0/bin/JSH-port 21103-TCP', '/usr/local/qualys/cloud-agent/bin/agentid-service-port 9293-TCP', '/opt/apps/tuxedo/tuxedo12gR2/tuxedo12.2.2.0.0/bin/JSH-port 21165-TCP', '/opt/apps/ptools/pt85914/bin/PSQCKSRV-port 40649-TCP', '/opt/apps/tuxedo/tuxedo12gR2/tuxedo12.2.2.0.0/bin/JSH-port 21107-TCP', '/opt/apps/ptools/pt85914/bin/PSQCKSRV-port 40399-TCP', '/opt/apps/tuxedo/tuxedo12gR2/tuxedo12.2.2.0.0/bin/JSH-port 21112-TCP', '/apps/mwauto/apache/2.4.65/bin/httpd-port 21000-TCP', '/opt/apps/tuxedo/tuxedo12gR2/tuxedo12.2.2.0.0/bin/JSH-port 21164-TCP', '/usr/lib/systemd/systemd-port 111-UDP', '/opt/Tanium/TaniumClient/TaniumClient-port 17472-TCP', '/opt/apps/ptools/pt85914/bin/PSAPPSRV-port 35847-TCP', '/opt/apps/ptools/pt85914/bin/PSAPPSRV-port 44737-TCP', '/opt/apps/ptools/pt85914/bin/PSAPPSRV-port 37633-TCP', '/opt/apps/tuxedo/tuxedo12gR2/tuxedo12.2.2.0.0/bin/JSH-port 21136-TCP', '/usr/openv/netbackup/bin/bpcd-port 13782-TCP', '/usr/local/avamar/bin/avagent.bin-port 28002-TCP', '/opt/apps/ptools/pt85914/bin/PSAPPSRV-port 36713-TCP', '/usr/sbin/chronyd-port 123-UDP', '/opt/apps/ptools/pt85914/bin/PSAPPSRV-port 36161-TCP', '/opt/apps/ptools/pt85914/bin/PSAPPSRV-port 45907-TCP', '/apps/mwauto/java/jdk-11.0.29/bin/java-port 27101-TCP', '/opt/apps/ptools/pt85914/bin/PSQCKSRV-port 45505-TCP', '/opt/apps/ptools/pt85914/bin/PSAPPSRV-port 42229-TCP', '/opt/apps/ptools/pt85914/bin/PSQRYSRV-port 43245-TCP', '/opt/apps/tuxedo/tuxedo12gR2/tuxedo12.2.2.0.0/bin/JSH-port 21167-TCP', '/opt/apps/tuxedo/tuxedo12gR2/tuxedo12.2.2.0.0/bin/JSH-port 21114-TCP', '/apps/mwauto/java/jdk-11.0.29/bin/java-port 27102-TCP', '/opt/apps/tuxedo/tuxedo12gR2/tuxedo12.2.2.0.0/bin/JSH-port 21169-TCP', '/apps/mwauto/java/jdk-11.0.29/bin/rmiregistry-port 10100-TCP', '/opt/apps/ptools/pt85914/bin/PSAPPSRV-port 33435-TCP', '/opt/apps/tuxedo/tuxedo12gR2/tuxedo12.2.2.0.0/bin/JSH-port 21102-TCP', '/opt/apps/tuxedo/tuxedo12gR2/tuxedo12.2.2.0.0/bin/JSH-port 21132-TCP', '/opt/apps/ptools/pt85914/bin/PSAPPSRV-port 42795-TCP', '/opt/apps/tuxedo/tuxedo12gR2/tuxedo12.2.2.0.0/bin/JSL-port 21130-TCP', '/opt/boksm/lib/boks_bridge-port 6703-TCP', '/opt/apps/tuxedo/tuxedo12gR2/tuxedo12.2.2.0.0/bin/JSH-port 21115-TCP', '/opt/apps/ptools/pt85914/bin/PSAPPSRV-port 43543-TCP', '/opt/apps/tuxedo/tuxedo12gR2/tuxedo12.2.2.0.0/bin/JSH-port 21108-TCP', '/opt/apps/ptools/pt85914/bin/PSAPPSRV-port 39927-TCP', '/opt/apps/ptools/pt85914/bin/PSQCKSRV-port 35805-TCP', '/opt/apps/ptools/pt85914/bin/PSQRYSRV-port 40837-TCP', '/opt/apps/ptools/pt85914/bin/PSAPPSRV-port 41513-TCP', '/opt/apps/ptools/pt85914/bin/PSAPPSRV-port 42505-TCP', '/usr/sbin/chronyd-port 323-UDP', '/opt/apps/tuxedo/tuxedo12gR2/tuxedo12.2.2.0.0/bin/JSH-port 21113-TCP', '/opt/apps/tuxedo/tuxedo12gR2/tuxedo12.2.2.0.0/bin/JSH-port 21109-TCP', '/usr/lib/systemd/systemd-port 111-TCP', '/usr/openv/netbackup/bin/vnetd-port 13724-TCP', '/opt/apps/ptools/pt85914/bin/PSQRYSRV-port 45519-TCP', '/opt/CA/r12/SystemAgent/autosys_dev/cybAgent.bin-port 9490-TCP', '/apps/mwauto/java/jdk-11.0.29/bin/java-port 27106-TCP', '/opt/apps/ptools/pt85914/bin/PSAPPSRV-port 38959-TCP', '/opt/apps/ptools/pt85914/bin/PSAPPSRV-port 34911-TCP', '/opt/apps/tuxedo/tuxedo12gR2/tuxedo12.2.2.0.0/bin/JSH-port 21131-TCP', '/opt/apps/ptools/pt85914/bin/PSQRYSRV-port 35791-TCP', '/opt/apps/tuxedo/tuxedo12gR2/tuxedo12.2.2.0.0/bin/JSH-port 21110-TCP', '/opt/apps/tuxedo/tuxedo12gR2/tuxedo12.2.2.0.0/bin/JSH-port 21168-TCP', '/opt/apps/ptools/pt85914/bin/PSQCKSRV-port 38835-TCP', '/opt/apps/tuxedo/tuxedo12gR2/tuxedo12.2.2.0.0/bin/JSH-port 21139-TCP', '/opt/apps/tuxedo/tuxedo12gR2/tuxedo12.2.2.0.0/bin/JSH-port 21163-TCP', '/opt/apps/ptools/pt85914/bin/PSQRYSRV-port 45813-TCP', '/opt/apps/ptools/pt85914/bin/PSAPPSRV-port 40271-TCP'}",Production,NaN,OFX,Application Server,Label OFX was predicted due to the presence of process with value /opt/apps/tuxedo/tuxedo12gR2/tuxedo12.2.2.0.0/bin/JSH.,"The processes listed, such as '/opt/apps/tuxedo/tuxedo12gR2/tuxedo12.2.2.0.0/bin/JSH' and others like PSAPPSRV, are indicative of enterprise application middleware. The presence of Tuxedo and PeopleSoft applications combined suggests usage by applications that require robust middleware such as OFX, which deals with financial data processing. Given this context, OFX seems a suitable application label based on usage patterns with similar setups.",Label Application Server was predicted due to the presence of processes with value JSH and PSAPPSRV indicating server functionality.,"The presence of JSH and PSAPPSRV processes indicates that the server is responsible for handling application logic and communication. The JSH (Java Server Handler) and PSAPPSRV (PeopleSoft Application Server) specifically denote the server's role in executing application services, making 'Application Server' a fitting role label. This is a typical configuration for systems running complex middleware and enterprise applications, supporting transaction processing and other services."
mo1-005d-ixb-cu,"{'/opt/apps/tuxedo/tuxedo12gR2/tuxedo12.2.2.0.0/bin/JSH-port 21134-TCP', '/opt/apps/tuxedo/tuxedo12gR2/tuxedo12.2.2.0.0/bin/JSH-port 21170-TCP', '/opt/apps/ptools/pt85914/bin/PSAPPSRV-port 44227-TCP', '/apps/mwauto/java/jdk-11.0.29/bin/java-port 27109-TCP', '/opt/boksm/lib/boks_sshd-port 22-TCP', '/opt/apps/tuxedo/tuxedo12gR2/tuxedo12.2.2.0.0/bin/JSH-port 21105-TCP', '/opt/apps/ptools/pt85914/bin/PSAPPSRV-port 40937-TCP', '/opt/apps/ptools/pt85914/bin/PSQRYSRV-port 38259-TCP', '/opt/apps/tuxedo/tuxedo12gR2/tuxedo12.2.2.0.0/bin/JSH-port 21111-TCP', '/apps/mwauto/java/jdk-11.0.29/bin/java-port 27110-TCP', '/opt/apps/ptools/pt85914/bin/PSAPPSRV-port 39849-TCP', '/opt/apps/tuxedo/tuxedo12gR2/tuxedo12.2.2.0.0/bin/JSH-port 21133-TCP', '/opt/apps/tuxedo/tuxedo12gR2/tuxedo12.2.2.0.0/bin/JSH-port 21137-TCP', '/opt/apps/ptools/pt85914/bin/PSAPPSRV-port 37327-TCP', '/opt/apps/ptools/pt85914/bin/PSAPPSRV-port 33285-TCP', '/opt/apps/ptools/pt85914/bin/PSAPPSRV-port 37821-TCP', '/opt/apps/ptools/pt85914/bin/PSQRYSRV-port 44523-TCP', '/opt/apps/ptools/pt85914/bin/PSAPPSRV-port 43323-TCP', '/opt/apps/ptools/pt85914/bin/PSAPPSRV-port 41125-TCP', '/opt/CA/r12/SystemAgent/autosys_prod/cybAgent.bin-port 9495-TCP', '/opt/apps/tuxedo/tuxedo12gR2/tuxedo12.2.2.0.0/bin/JSL-port 21160-TCP', '/opt/apps/tuxedo/tuxedo12gR2/tuxedo12.2.2.0.0/bin/JSH-port 21106-TCP', '/opt/apps/tuxedo/tuxedo12gR2/tuxedo12.2.2.0.0/bin/JSH-port 21101-TCP', '/opt/apps/tuxedo/tuxedo12gR2/tuxedo12.2.2.0.0/bin/JSH-port 21138-TCP', '/opt/apps/tuxedo/tuxedo12gR2/tuxedo12.2.2.0.0/bin/JSH-port 21104-TCP', '/opt/apps/ptools/pt85914/bin/PSQRYSRV-port 43183-TCP', '/opt/apps/tuxedo/tuxedo12gR2/tuxedo12.2.2.0.0/bin/JSL-port 21100-TCP', '/apps/mwauto/java/jdk-11.0.29/bin/java-port 27100-TCP', '/opt/apps/ptools/pt85914/bin/PSAPPSRV-port 40517-TCP', '/opt/apps/tuxedo/tuxedo12gR2/tuxedo12.2.2.0.0/bin/JSH-port 21166-TCP', '/opt/apps/tuxedo/tuxedo12gR2/tuxedo12.2.2.0.0/bin/JSH-port 21162-TCP', '/opt/apps/ptools/pt85914/bin/PSMONITORSRV-port 10101-TCP', '/opt/apps/tuxedo/tuxedo12gR2/tuxedo12.2.2.0.0/bin/JSH-port 21135-TCP', '/opt/apps/ptools/pt85914/bin/PSQCKSRV-port 36379-TCP', '/opt/apps/ptools/pt85914/bin/PSAPPSRV-port 34771-TCP', '/opt/apps/ptools/pt85914/bin/PSQCKSRV-port 33233-TCP', '/opt/apps/tuxedo/tuxedo12gR2/tuxedo12.2.2.0.0/bin/JSH-port 21161-TCP', '/apps/mwauto/java/jdk-11.0.29/bin/java-port 27105-TCP', '/opt/VRTSpbx/bin/pbx_exchange-port 1556-TCP', '/opt/apps/ptools/pt85914/bin/PSQCKSRV-port 34799-TCP', '/opt/apps/ptools/pt85914/bin/PSAPPSRV-port 44967-TCP', '/opt/apps/tuxedo/tuxedo12gR2/tuxedo12.2.2.0.0/bin/JSH-port 21140-TCP', '/opt/apps/tuxedo/tuxedo12gR2/tuxedo12.2.2.0.0/bin/JSH-port 21103-TCP', '/usr/local/qualys/cloud-agent/bin/agentid-service-port 9293-TCP', '/opt/apps/tuxedo/tuxedo12gR2/tuxedo12.2.2.0.0/bin/JSH-port 21165-TCP', '/opt/apps/ptools/pt85914/bin/PSAPPSRV-port 39977-TCP', '/opt/apps/ptools/pt85914/bin/PSQRYSRV-port 37441-TCP', '/opt/apps/tuxedo/tuxedo12gR2/tuxedo12.2.2.0.0/bin/JSH-port 21107-TCP', '/opt/apps/tuxedo/tuxedo12gR2/tuxedo12.2.2.0.0/bin/JSH-port 21112-TCP', '/opt/apps/tuxedo/tuxedo12gR2/tuxedo12.2.2.0.0/bin/JSH-port 21164-TCP', '/usr/lib/systemd/systemd-port 111-UDP', '/opt/Tanium/TaniumClient/TaniumClient-port 17472-TCP', '/opt/apps/ptools/pt85914/bin/PSQCKSRV-port 41709-TCP', '/opt/apps/ptools/pt85914/bin/PSQRYSRV-port 38799-TCP', '/opt/apps/tuxedo/tuxedo12gR2/tuxedo12.2.2.0.0/bin/JSH-port 21136-TCP', '/usr/openv/netbackup/bin/bpcd-port 13782-TCP', '/opt/apps/ptools/pt85914/bin/PSQRYSRV-port 33201-TCP', '/opt/apps/ptools/pt85914/bin/PSAPPSRV-port 41075-TCP', '/usr/local/avamar/bin/avagent.bin-port 28002-TCP', '/opt/apps/ptools/pt85914/bin/PSQCKSRV-port 34323-TCP', '/opt/apps/ptools/pt85914/bin/PSAPPSRV-port 35431-TCP', '/opt/apps/ptools/pt85914/bin/PSQCKSRV-port 45791-TCP', '/usr/sbin/chronyd-port 123-UDP', '/opt/apps/ptools/pt85914/bin/PSAPPSRV-port 46565-TCP', '/opt/apps/ptools/pt85914/bin/PSQCKSRV-port 46801-TCP', '/opt/apps/ptools/pt85914/bin/PSAPPSRV-port 35691-TCP', '/apps/mwauto/java/jdk-11.0.29/bin/java-port 27101-TCP', '/opt/apps/ptools/pt85914/bin/PSAPPSRV-port 34975-TCP', '/opt/cdunix/ndm/bin/cdpmgr-port 1363-TCP', '/opt/apps/ptools/pt85914/bin/PSAPPSRV-port 39535-TCP', '/opt/apps/tuxedo/tuxedo12gR2/tuxedo12.2.2.0.0/bin/JSH-port 21167-TCP', '/opt/apps/tuxedo/tuxedo12gR2/tuxedo12.2.2.0.0/bin/JSH-port 21114-TCP', '/apps/mwauto/java/jdk-11.0.29/bin/java-port 27102-TCP', '/opt/apps/ptools/pt85914/bin/PSAPPSRV-port 40677-TCP', '/apps/mwauto/java/jdk-11.0.29/bin/rmiregistry-port 10100-TCP', '/opt/apps/tuxedo/tuxedo12gR2/tuxedo12.2.2.0.0/bin/JSH-port 21169-TCP', '/opt/apps/tuxedo/tuxedo12gR2/tuxedo12.2.2.0.0/bin/JSH-port 21102-TCP', '/opt/apps/ptools/pt85914/bin/PSQCKSRV-port 45577-TCP', '/opt/apps/tuxedo/tuxedo12gR2/tuxedo12.2.2.0.0/bin/JSH-port 21132-TCP', '/opt/apps/tuxedo/tuxedo12gR2/tuxedo12.2.2.0.0/bin/JSL-port 21130-TCP', '/opt/cdunix/install/agent/jre/bin/java-port 1365-TCP', '/opt/apps/ptools/pt85914/bin/PSQRYSRV-port 42777-TCP', '/opt/boksm/lib/boks_bridge-port 6703-TCP', '/opt/apps/tuxedo/tuxedo12gR2/tuxedo12.2.2.0.0/bin/JSH-port 21115-TCP', '/opt/apps/tuxedo/tuxedo12gR2/tuxedo12.2.2.0.0/bin/JSH-port 21108-TCP', '/opt/apps/ptools/pt85914/bin/PSAPPSRV-port 35921-TCP', '/opt/cdunix/ndm/bin/cdpmgr-port 1364-TCP', '/opt/apps/tuxedo/tuxedo12gR2/tuxedo12.2.2.0.0/bin/JSH-port 21113-TCP', '/opt/apps/tuxedo/tuxedo12gR2/tuxedo12.2.2.0.0/bin/JSH-port 21109-TCP', '/usr/lib/systemd/systemd-port 111-TCP', '/opt/apps/ptools/pt85914/bin/PSQRYSRV-port 39583-TCP', '/usr/openv/netbackup/bin/vnetd-port 13724-TCP', '/opt/apps/ptools/pt85914/bin/PSQCKSRV-port 34801-TCP', '/opt/apps/ptools/pt85914/bin/PSAPPSRV-port 43767-TCP', '/opt/CA/r12/SystemAgent/autosys_dev/cybAgent.bin-port 9490-TCP', '/opt/apps/ptools/pt85914/bin/PSQRYSRV-port 39221-TCP', '/opt/apps/ptools/pt85914/bin/PSQCKSRV-port 36333-TCP', '/apps/mwauto/java/jdk-11.0.29/bin/java-port 27106-TCP', '/opt/apps/tuxedo/tuxedo12gR2/tuxedo12.2.2.0.0/bin/JSH-port 21131-TCP', '/opt/apps/tuxedo/tuxedo12gR2/tuxedo12.2.2.0.0/bin/JSH-port 21110-TCP', '/opt/apps/ptools/pt85914/bin/PSAPPSRV-port 45899-TCP', '/opt/apps/tuxedo/tuxedo12gR2/tuxedo12.2.2.0.0/bin/JSH-port 21168-TCP', '/opt/apps/ptools/pt85914/bin/PSQCKSRV-port 45837-TCP', '/opt/apps/tuxedo/tuxedo12gR2/tuxedo12.2.2.0.0/bin/JSH-port 21139-TCP', '/opt/apps/tuxedo/tuxedo12gR2/tuxedo12.2.2.0.0/bin/JSH-port 21163-TCP'}",Production,NaN,1CTM,Automation Server,Label 1CTM was predicted due to the presence of process with value '/opt/CA/r12/SystemAgent/autosys_prod/cybAgent.bin'.,"The presence of the '/opt/CA/r12/SystemAgent/autosys_prod/cybAgent.bin' process running on port 9495-TCP indicates a CA AutoSys Workload Automation Agent, which aligns with the application label 1CTM. This label is likely due to the process being part of the automation and job scheduling software suite, suggesting a relation to AutoSys, which is compatible with the known application label 1CTM in this context. Combined with other indicators from the known processes and ports, this suggests a high likelihood of the label 1CTM being accurate.",Label Automation Server was predicted due to the presence of process with value '/opt/CA/r12/SystemAgent/autosys_prod/cybAgent.bin'.,"The '/opt/CA/r12/SystemAgent/autosys_prod/cybAgent.bin' process running on various ports suggests that this server is primarily operating to manage automation tasks, likely related to AutoSys functionalities. Combined with typical characteristics of workload automation services, this points towards an Automation Server role, dealing with handling automated tasks. Though no specifically labeled roles were previously noted, the functions of the available processes provide a confident prediction."
mo1-005e-ixb-of,"{'/usr/openv/netbackup/bin/vnetd-port 13724-TCP', '/opt/VRTSpbx/bin/pbx_exchange-port 1556-TCP', '/opt/CA/r12/SystemAgent/autosys_prod/cybAgent.bin-port 9495-TCP', '/opt/CA/r12/SystemAgent/autosys_dev/cybAgent.bin-port 9490-TCP', '/usr/sbin/chronyd-port 123-UDP', '/usr/openv/netbackup/bin/bpcd-port 13782-TCP', '/usr/sbin/chronyd-port 323-UDP', '/usr/lib/systemd/systemd-port 111-UDP', '/opt/boksm/lib/boks_bridge-port 6703-TCP', '/opt/Tanium/TaniumClient/TaniumClient-port 17472-TCP', '/usr/local/qualys/cloud-agent/bin/agentid-service-port 9293-TCP', '/usr/lib/systemd/systemd-port 111-TCP', '/usr/local/avamar/bin/avagent.bin-port 28002-TCP', '/opt/boksm/lib/boks_sshd-port 22-TCP'}",Production,NaN,1SCD2,Workload Automation Agent,Label 1SCD2 was predicted due to the presence of process with value '/opt/CA/r12/SystemAgent/autosys_prod/cybAgent.bin-port 9495-TCP'.,"The application label 1SCD2 was predicted based on the presence of the process '/opt/CA/r12/SystemAgent/autosys_prod/cybAgent.bin'. The mention of 'autosys_prod' in the process path, along with the specific port usage (9495-TCP), strongly suggests an association with workload automation, which aligns with the '1SCD2' label seen in the past network data.",Label Workload Automation Agent was predicted due to the presence of process with value '/opt/CA/r12/SystemAgent/autosys_prod/cybAgent.bin'.,"The role 'Workload Automation Agent' was predicted because the process '/opt/CA/r12/SystemAgent/autosys_prod/cybAgent.bin' corresponds to a common component used for workload automation tasks. The naming and structure of this process indicate it's part of a scheduling job or automation control system, which fits the characteristics of a workload automation role."
mo1-007c-ixb-of,"{'/usr/openv/netbackup/bin/vnetd-port 13724-TCP', '/opt/cdunix/ndm/bin/cdpmgr-port 1364-TCP', '/opt/cdunix/ndm/bin/cdpmgr-port 1363-TCP', '/opt/VRTSpbx/bin/pbx_exchange-port 1556-TCP', '/opt/CA/r12/SystemAgent/autosys_prod/cybAgent.bin-port 9495-TCP', '/opt/cdunix/install/agent/jre/bin/java-port 1365-TCP', '/opt/CA/r12/SystemAgent/autosys_dev/cybAgent.bin-port 9490-TCP', '/usr/sbin/chronyd-port 123-UDP', '/usr/openv/netbackup/bin/bpcd-port 13782-TCP', '/usr/sbin/chronyd-port 323-UDP', '/usr/lib/systemd/systemd-port 111-UDP', '/opt/boksm/lib/boks_bridge-port 6703-TCP', '/opt/Tanium/TaniumClient/TaniumClient-port 17472-TCP', '/usr/local/qualys/cloud-agent/bin/agentid-service-port 9293-TCP', '/usr/lib/systemd/systemd-port 111-TCP', '/usr/local/avamar/bin/avagent.bin-port 28002-TCP', '/opt/boksm/lib/boks_sshd-port 22-TCP'}",Production,NaN,1SCD2,File Transfer Server,Label 1SCD2 was predicted due to the presence of process with value '/opt/cdunix/ndm/bin/cdpmgr'.,"The application label ""1SCD2"" was chosen primarily because of the presence of the process `/opt/cdunix/ndm/bin/cdpmgr`. This process is indicative of the Connect:Direct software, which aligns with previous examples that labeled similar Connect:Direct processes as ""1SCD2"". Additionally, the combination of related processes, such as those under Autosys and Veritas NetBackup typically used in workload automation and backup management, helped to reinforce this prediction given its prior association with ""1SCD2"" labels in similar contexts.",Label File Transfer Server was predicted due to the presence of process with value '/opt/cdunix/ndm/bin/cdpmgr'.,"For the role prediction, ""File Transfer Server"" was selected due to the presence of processes such as `/opt/cdunix/ndm/bin/cdpmgr` which is known for handling file and data transfers using Connect:Direct. This tool is commonly employed for reliable data transfer between different mainframe and distributed systems, justifying the role classification."
wrvra100a0916,"{'/usr/sbin/rpc.statd-port 44595-UDP', '/opt/boksm/lib/boks_bridge-port 6503-TCP', '/usr/openv/netbackup/bin/vnetd-port 13724-TCP', '/opt/VRTSpbx/bin/pbx_exchange-port 1556-TCP', '/opt/CA/r12/SystemAgent/autosys_prod/cybAgent.bin-port 9495-TCP', '/opt/CA/r12/SystemAgent/autosys_dev/cybAgent.bin-port 9490-TCP', '/usr/sbin/chronyd-port 123-UDP', '/usr/openv/netbackup/bin/bpcd-port 13782-TCP', '/usr/sbin/chronyd-port 323-UDP', '/usr/sbin/rpc.statd-port 36087-TCP', '/usr/lib/systemd/systemd-port 111-UDP', '/opt/Tanium/TaniumClient/TaniumClient-port 17472-TCP', '/usr/local/qualys/cloud-agent/bin/agentid-service-port 9293-TCP', '/opt/qosmon/qostool/prd-netprobe-22011/geneos-netprobe-6.5.0-230825-linux-x64/bin/netprobe.linux_64-port 22011-TCP', '/usr/lib/systemd/systemd-port 111-TCP', '/usr/local/avamar/bin/avagent.bin-port 28002-TCP', '/opt/boksm/lib/boks_sshd-port 22-TCP'}",Production,NaN,1SCD2,Automation Server,Label 1SCD2 was predicted due to the presence of process with value 'cybAgent.bin'.,"The application label 1SCD2 was selected because the inventory includes the process '/opt/CA/r12/SystemAgent/autosys_dev/cybAgent.bin', which is indicative of an Autosys environment for workload automation. The reflected pattern in the historical data aligns with 1SCD2 when similar Autosys processes are present, making it a logical fit based on previously labeled data.",Label Automation Server was predicted due to the presence of process with value 'cybAgent.bin'.,"For the role prediction, 'Automation Server' was deemed appropriate because the process '/opt/CA/r12/SystemAgent/autosys_prod/cybAgent.bin' is a key component of the Autosys tool, commonly used for automating workloads in environments that schedule and manage jobs across distributed systems. This process dominates the provided inventory, indicating the server's primary role in automation."
lrvrw00a0083,"{'/usr/sbin/rpc.statd-port 51843-TCP', '/apps/mwauto/apache/2.4.65/bin/httpd-port 8080-TCP', '/usr/lib/systemd/systemd-port 111-UDP', '/opt/Tanium/TaniumClient/TaniumClient-port 17472-TCP', '/apps/mwauto/apache/2.4.65/bin/httpd-port 3080-TCP', '/apps/mwauto/apache/2.4.65/bin/httpd-port 8443-TCP', '/apps/mwauto/apache/2.4.65/bin/httpd-port 28080-TCP', '/apps/mwauto/java/jdk-17.0.17/bin/java-port 9998-TCP', '/opt/boksm/lib/boks_bridge-port 6503-TCP', '/usr/openv/netbackup/bin/bpcd-port 13782-TCP', '/usr/sbin/chronyd-port 323-UDP', '/apps/mwauto/apache/2.4.65/bin/httpd-port 3443-TCP', '/usr/lib/systemd/systemd-port 111-TCP', '/usr/local/avamar/bin/avagent.bin-port 28002-TCP', '/opt/boksm/lib/boks_sshd-port 22-TCP', '/apps/mwauto/apache/2.4.65/bin/httpd-port 4443-TCP', '/apps/mwauto/apache/2.4.65/bin/httpd-port 38443-TCP', '/usr/openv/netbackup/bin/vnetd-port 13724-TCP', '/apps/mwauto/apache/2.4.65/bin/httpd-port 5443-TCP', '/apps/mwauto/apache/2.4.65/bin/httpd-port 28443-TCP', '/usr/sbin/chronyd-port 123-UDP', '/usr/sbin/rpc.statd-port 51992-UDP', '/opt/qosmon/qostool/prd-netprobe-22011/geneos-netprobe-6.5.0-230825-linux-x64/bin/netprobe.linux_64-port 22011-TCP', '/opt/VRTSpbx/bin/pbx_exchange-port 1556-TCP', '/apps/mwauto/apache/2.4.65/bin/httpd-port 38080-TCP', '/apps/mwauto/apache/2.4.65/bin/httpd-port 5080-TCP', '/apps/mwauto/apache/2.4.65/bin/httpd-port 4080-TCP', '/usr/local/qualys/cloud-agent/bin/agentid-service-port 9293-TCP'}",Production,NaN,L7LIQ,Web Server,Label L7LIQ was predicted due to the presence of host name with value 'lrvrw00a0083'.,"The hostname 'lrvrw00a0083' was used to derive the application label. There is no direct association from the processes provided, so the decision was based on the hostname characteristics which might relate more to 'L7LIQ' than other application labels due to the absence of explicit matching processes from the known inventory.",Label Web Server was predicted due to the presence of httpd processes with various port values.,"The presence of multiple Apache HTTP Server (httpd) processes on various ports (8080, 8443, etc.) strongly indicates that the role of this machine is a Web Server, as it is commonly associated with hosting applications accessible via HTTP/S."
wpvra97a0832,"{'/opt/boksm/lib/boks_bridge-port 6503-TCP', '/apps/mwauto/java/jdk-17.0.17/bin/java-port 20002-TCP', '/opt/VRTSpbx/bin/pbx_exchange-port 1556-TCP', '/usr/sbin/chronyd-port 123-UDP', '/usr/sbin/chronyd-port 323-UDP', '/usr/lib/systemd/systemd-port 111-UDP', '/opt/Tanium/TaniumClient/TaniumClient-port 17472-TCP', '/usr/local/qualys/cloud-agent/bin/agentid-service-port 9293-TCP', '/opt/qosmon/qostool/prd-netprobe-22011/geneos-netprobe-6.5.0-230825-linux-x64/bin/netprobe.linux_64-port 22011-TCP', '/usr/lib/systemd/systemd-port 111-TCP', '/usr/local/avamar/bin/avagent.bin-port 28002-TCP', '/apps/mwauto/java/jdk-17.0.17/bin/java-port 11022-TCP', '/opt/boksm/lib/boks_sshd-port 22-TCP'}",Production,NaN,SSO,Monitoring,Label SSO was predicted due to the presence of process name with value '/apps/mwauto/java/jdk-17.0.17/bin/java'.,"The application label SSO was predicted based on the presence of multiple processes, particularly '/apps/mwauto/java/jdk-17.0.17/bin/java' which is associated with the SSO label in the historical data. This indicates that the resource is likely used in the context of SSO applications, given that similar environments previously observed had this label associated with such processes.",Label Monitoring was predicted due to the presence of process name with value '/opt/qosmon/qostool/prd-netprobe-22011/geneos-netprobe-6.5.0-230825-linux-x64/bin/netprobe.linux_64'.,"The role label Monitoring was predicted because of the presence of the process '/opt/qosmon/qostool/prd-netprobe-22011/geneos-netprobe-6.5.0-230825-linux-x64/bin/netprobe.linux_64', which is indicative of network monitoring activities. This process relates to tools typically used for performance and fault monitoring in network systems, signifying this role."
wpvra98a0832,"{'/opt/boksm/lib/boks_bridge-port 6503-TCP', '/apps/mwauto/java/jdk-17.0.17/bin/java-port 20002-TCP', '/opt/VRTSpbx/bin/pbx_exchange-port 1556-TCP', '/usr/sbin/chronyd-port 123-UDP', '/usr/sbin/chronyd-port 323-UDP', '/usr/lib/systemd/systemd-port 111-UDP', '/opt/Tanium/TaniumClient/TaniumClient-port 17472-TCP', '/usr/local/qualys/cloud-agent/bin/agentid-service-port 9293-TCP', '/opt/qosmon/qostool/prd-netprobe-22011/geneos-netprobe-6.5.0-230825-linux-x64/bin/netprobe.linux_64-port 22011-TCP', '/usr/lib/systemd/systemd-port 111-TCP', '/usr/local/avamar/bin/avagent.bin-port 28002-TCP', '/apps/mwauto/java/jdk-17.0.17/bin/java-port 11022-TCP', '/opt/boksm/lib/boks_sshd-port 22-TCP'}",Production,NaN,SSO,monitoring server,Label SSO was predicted due to the presence of process with value '/apps/mwauto/java/jdk-17.0.17/bin/java-port 11022-TCP'.,The application label SSO was predicted based on the presence of the process '/apps/mwauto/java/jdk-17.0.17/bin/java-port 11022-TCP'. This matches a pattern where similar applications have been labeled as SSO before in similar contexts. The usage of multiple Java processes and associated port numbers in the list follows a pattern that aligns with known SSO labeled configurations.,Label monitoring server was predicted due to the presence of process with value '/opt/qosmon/qostool/prd-netprobe-22011/geneos-netprobe-6.5.0-230825-linux-x64/bin/netprobe.linux_64-port 22011-TCP'.,"The role of monitoring server was predicted based on the presence of the process '/opt/qosmon/qostool/prd-netprobe-22011/geneos-netprobe-6.5.0-230825-linux-x64/bin/netprobe.linux_64-port 22011-TCP', which is typically associated with monitoring tools like Netprobe that are used to monitor and report on network performance, making it likely that this machine serves a monitoring role."
wpvra99a0832,"{'/opt/boksm/lib/boks_bridge-port 6503-TCP', '/apps/mwauto/java/jdk-17.0.17/bin/java-port 20002-TCP', '/opt/VRTSpbx/bin/pbx_exchange-port 1556-TCP', '/usr/sbin/chronyd-port 123-UDP', '/usr/sbin/chronyd-port 323-UDP', '/usr/lib/systemd/systemd-port 111-UDP', '/opt/Tanium/TaniumClient/TaniumClient-port 17472-TCP', '/usr/local/qualys/cloud-agent/bin/agentid-service-port 9293-TCP', '/opt/qosmon/qostool/prd-netprobe-22011/geneos-netprobe-6.5.0-230825-linux-x64/bin/netprobe.linux_64-port 22011-TCP', '/usr/lib/systemd/systemd-port 111-TCP', '/usr/local/avamar/bin/avagent.bin-port 28002-TCP', '/apps/mwauto/java/jdk-17.0.17/bin/java-port 11022-TCP', '/opt/boksm/lib/boks_sshd-port 22-TCP'}",Production,NaN,SSO,Monitoring Service,Label SSO was predicted due to the presence of hostname with value wpvra99a0832.,"The application label SSO has been predicted due to the presence of the hostname 'wpvra99a0832', which follows a similar pattern seen in previous cases where the SSO application was the correct label. Additionally, the presence of processes such as '/apps/mwauto/java/jdk-17.0.17/bin/java-port 20002-TCP' further supports this prediction, as these applications align with those typically used by SSO services.",Label Monitoring Service was predicted due to the presence of netprobe process with value /opt/qosmon/qostool/prd-netprobe-22011/geneos-netprobe-6.5.0-230825-linux-x64/bin/netprobe.linux_64.,"The role of Monitoring Service has been predicted owing to the presence of the netprobe process ('/opt/qosmon/qostool/prd-netprobe-22011/geneos-netprobe-6.5.0-230825-linux-x64/bin/netprobe.linux_64'). This process is typically associated with network monitoring and management tasks, suggesting that the resource likely plays a role in these activities."
mn2-012c-ixb-cu,"{'/opt/boksm/lib/boks_bridge-port 6503-TCP', '/usr/openv/netbackup/bin/vnetd-port 13724-TCP', '/opt/VRTSpbx/bin/pbx_exchange-port 1556-TCP', '/usr/openv/netbackup/bin/bpcd-port 13782-TCP', '/usr/sbin/chronyd-port 123-UDP', '/usr/lib/systemd/systemd-port 111-UDP', '/opt/Tanium/TaniumClient/TaniumClient-port 17472-TCP', '/usr/local/qualys/cloud-agent/bin/agentid-service-port 9293-TCP', '/opt/qosmon/qostool/prd-netprobe-22011/geneos-netprobe-6.5.0-230825-linux-x64/bin/netprobe.linux_64-port 22011-TCP', '/usr/lib/systemd/systemd-port 111-TCP', '/usr/local/avamar/bin/avagent.bin-port 28002-TCP', '/opt/boksm/lib/boks_sshd-port 22-TCP'}",Production,NaN,OPICP,Backup Server,Label OPICP was predicted due to the presence of hostname with value 'mn2-012c-ixb-cu'.,"The application label is likely to be OPICP based on the hostname 'mn2-012c-ixb-cu'. The 'ixb' component of the hostname could indicate a certain internal naming convention that aligns with the OPICP application label, as seen in previous patterns. Additionally, the services running on this host, such as backups and monitoring applications like Tanium and Avamar, often accompany application-related infrastructure.","Label Backup Server was predicted due to the presence of processes with value 'vnetd', 'bpcd', and 'avagent.bin'.","The role of this server is likely to be a Backup Server. This conclusion is drawn from the presence of processes such as vnetd and bpcd, which are associated with VERITAS NetBackup services, and avagent.bin, which is part of the Avamar backup solution. These processes suggest that the primary function of this server is handling backup tasks."
wpvwa87a1043,"{'C:\\Windows\\System32\\svchost.exe-SessionEnv-port 65245-TCP', 'D:\\apps\\mwauto\\tomcat\\apache-tomcat-10.1.50\\bin\\tomcat10.exe-tomcat_p3-port 8443-TCP', 'D:\\apps\\mwauto\\tomcat\\apache-tomcat-10.1.50\\bin\\tomcat10.exe-tomcat_p0-port 8440-TCP', 'C:\\Program Files (x86)\\Tanium\\Tanium Client\\TaniumClient.exe-port 17472-TCP', 'D:\\qosmon\\NetprobeNT-PRD-22011\\NetprobeNT-PRD-22011.exe-NetprobeNT-PRD-22011-port 22011-TCP', 'C:\\Windows\\System32\\svchost.exe-TermService-port 3389-UDP', 'System-WinRm-port 5985-TCP', 'D:\\apps\\mwauto\\tomcat\\apache-tomcat-10.1.50\\bin\\tomcat10.exe-tomcat_p5-port 8445-TCP', 'C:\\Windows\\System32\\lsass.exe-port 57512-TCP', 'C:\\Windows\\System32\\svchost.exe-Schedule-port 63325-TCP', 'C:\\Windows\\System32\\services.exe-port 53548-TCP', 'D:\\apps\\mwauto\\tomcat\\apache-tomcat-10.1.50\\bin\\tomcat10.exe-tomcat_ca2-port 8447-TCP', 'C:\\Program Files\\avs\\bin\\avagent.exe-avbackup-port 28002-TCP', 'C:\\Windows\\System32\\svchost.exe-Winmgmt-port 61974-TCP', 'C:\\Windows\\System32\\wininit.exe-port 49664-TCP', 'D:\\apps\\mwauto\\tomcat\\apache-tomcat-10.1.50\\bin\\tomcat10.exe-tomcat_p4-port 8444-TCP', 'D:\\apps\\mwauto\\tomcat\\apache-tomcat-10.1.50\\bin\\tomcat10.exe-tomcat_p1-port 8441-TCP', 'C:\\ProgramData\\Qualys\\SandboxRO\\agentid-service.exe-port 9293-TCP', 'C:\\Program Files (x86)\\BigFix Enterprise\\BES Client\\BESClient.exe-BESClient-port 52311-UDP', 'D:\\apps\\mwauto\\tomcat\\apache-tomcat-10.1.50\\bin\\tomcat10.exe-tomcat_p2-port 8442-TCP', 'System-SMB-port 445-TCP', 'C:\\Windows\\System32\\lsass.exe-Netlogon-port 65246-TCP', 'C:\\Windows\\System32\\svchost.exe-PolicyAgent-port 57485-TCP', 'C:\\Windows\\System32\\svchost.exe-TermService-port 3389-TCP', 'C:\\Program Files\\Symantec\\Symantec Endpoint Protection\\14.3.11216.9000.105\\Bin64\\ccSvcHst.exe-SepMasterService-port 2969-UDP', 'C:\\Windows\\System32\\svchost.exe-W32Time-port 123-UDP', 'System-WinRm-port 47001-TCP', 'C:\\Windows\\System32\\svchost.exe-RpcSs-port 135-TCP', 'System-port 2969-TCP', 'D:\\apps\\mwauto\\tomcat\\apache-tomcat-10.1.50\\bin\\tomcat10.exe-tomcat_ca1-port 8446-TCP', 'C:\\Windows\\System32\\svchost.exe-EventLog-port 49665-TCP'}",Production,NaN,ICMP,Web Server,Label ICMP was predicted due to the presence of processes related to Tomcat and Network Monitoring.,"The application label ICMP was chosen because the processes running on the resource such as 'NetprobeNT', various Tomcat process instances, and services like 'C:\Program Files (x86)\Tanium\Tanium Client\TaniumClient.exe' suggest a network utility or monitoring-related function. The presence of multiple Tomcat instances indicates HTTP/HTTPS application services consistent with web technologies being managed, that's why I leaned towards a network utility application category, matching the style of ICMP.",Label Web Server was predicted due to the presence of Tomcat application instances running on various ports.,The role label of Web Server is assigned because of the numerous Apache Tomcat processes detected running on distinct ports. Apache Tomcat is widely used as a server platform to deliver web applications and services.
nc3-002a-ixb-of,"{'/usr/openv/netbackup/bin/vnetd-port 13724-TCP', '/opt/VRTSpbx/bin/pbx_exchange-port 1556-TCP', '/opt/CA/r12/SystemAgent/autosys_prod/cybAgent.bin-port 9495-TCP', '/opt/CA/r12/SystemAgent/autosys_dev/cybAgent.bin-port 9490-TCP', '/usr/sbin/chronyd-port 123-UDP', '/usr/openv/netbackup/bin/bpcd-port 13782-TCP', '/usr/sbin/chronyd-port 323-UDP', '/usr/lib/systemd/systemd-port 111-UDP', '/opt/boksm/lib/boks_bridge-port 6703-TCP', '/opt/Tanium/TaniumClient/TaniumClient-port 17472-TCP', '/usr/local/qualys/cloud-agent/bin/agentid-service-port 9293-TCP', '/usr/lib/systemd/systemd-port 111-TCP', '/usr/local/avamar/bin/avagent.bin-port 28002-TCP', '/opt/boksm/lib/boks_sshd-port 22-TCP'}",Production,NaN,1SCD2,Job Scheduler Agent,Label 1SCD2 was predicted due to the presence of process with value '/opt/CA/r12/SystemAgent/autosys_prod/cybAgent.bin-port 9495-TCP'.,The application label '1SCD2' was identified due to the presence of the 'CA Workload Automation Agent' processes ('/opt/CA/r12/SystemAgent/autosys_prod/cybAgent.bin-port 9495-TCP' and '/opt/CA/r12/SystemAgent/autosys_dev/cybAgent.bin-port 9490-TCP'). These are strong indicators as similar processes have been associated with '1SCD2' in previous network data.,Label Job Scheduler Agent was predicted due to the presence of process with value '/opt/CA/r12/SystemAgent/autosys_prod/cybAgent.bin-port 9495-TCP'.,"The role 'Job Scheduler Agent' was predicted because the processes '/opt/CA/r12/SystemAgent/autosys_prod/cybAgent.bin-port 9495-TCP' and '/opt/CA/r12/SystemAgent/autosys_dev/cybAgent.bin-port 9490-TCP' are related to CA Workload Automation Agent, which is used for job scheduling and automation tasks. This aligns with the characteristics of a Job Scheduler Agent role."
opicp-w-app-u01,"{'C:\\Windows\\System32\\svchost.exe-Winmgmt-port 53317-TCP', 'D:\\AutoSys 11.3\\SystemAgent\\autosys_dev\\cybAgent.exe-CA Workload Automation Agent (autosys_dev)-port 9490-TCP', 'C:\\Windows\\System32\\mqsvc.exe-MSMQ-port 2103-TCP', 'D:\\Program Files\\Finastra\\Opics Plus Server V4.0\\Opics Plus ServicesV4.0\\OpicsPlusLoggingDistribution\\Bin\\Misys.OpicsPlus.Framework.Common.ApplicationLogging.LoggingDistributionService.exe-OpicsPlusLoggingDistribution4.0-port 47127-TCP', 'D:\\Program Files\\Finastra\\Opics Plus Server V4.0\\Opics Plus ServicesV4.0\\OpicsPlusPubSubHeartbeat\\bin\\Misys.OpicsPlus.Framework.Messaging.PubSub.HeartbeatServiceEngine.exe-OpicsPlusPubSubHeartbeat4.0-port 8007-TCP', 'C:\\Windows\\System32\\svchost.exe-SessionEnv-port 55150-TCP', 'C:\\Program Files (x86)\\Tanium\\Tanium Client\\TaniumClient.exe-port 17472-TCP', 'C:\\Program Files (x86)\\CA\\SC\\Csam\\SockAdapter\\bin64\\CSAMPmux64.exe-CA-SAM-Pmux-port 7163-TCP', 'C:\\Windows\\System32\\svchost.exe-TermService-port 3389-UDP', 'C:\\Windows\\System32\\mqsvc.exe-MSMQ-port 2105-TCP', 'System-WinRm-port 5985-TCP', 'C:\\Windows\\System32\\lsass.exe-port 52659-TCP', 'D:\\Program Files\\Finastra\\Opics Plus Server V4.0\\Opics Plus ServicesV4.0\\OpicsPlusPubSub\\bin\\Misys.OpicsPlus.Framework.Messaging.PubSub.EventManagementEngine.exe-OpicsPlusPubSub4.0-port 8005-TCP', 'C:\\Program Files\\avs\\bin\\avagent.exe-avbackup-port 28002-TCP', 'C:\\Windows\\System32\\wininit.exe-port 49664-TCP', 'C:\\Windows\\System32\\services.exe-port 54162-TCP', 'D:\\Program Files\\Finastra\\Opics Plus Server V4.0\\Opics Plus ServicesV4.0\\OpicsPlusConfirmations\\bin\\Misys.OpicsPlus.Framework.Confirmations.ConfirmationService.exe-OpicsPlusConfirmation4.0-port 8004-TCP', 'D:\\AutoSys 11.3\\SystemAgent\\autosys_prod\\cybAgent.exe-CA Workload Automation Agent (autosys_prod)-port 9495-TCP', 'C:\\Windows\\System32\\lsass.exe-Netlogon-port 55151-TCP', 'C:\\Windows\\System32\\mqsvc.exe-MSMQ-port 54037-TCP', 'D:\\Program Files\\Finastra\\Opics Plus Server V4.0\\Opics Plus ServicesV4.0\\OpicsPlusPubSubHeartbeat\\bin\\Misys.OpicsPlus.Framework.Messaging.PubSub.HeartbeatServiceEngine.exe-OpicsPlusPubSubHeartbeat4.0-port 8009-TCP', 'C:\\ProgramData\\Qualys\\SandboxRO\\agentid-service.exe-port 9293-TCP', 'D:\\Program Files\\Finastra\\Opics Plus Server V4.0\\Opics Plus ServicesV4.0\\OpicsPlusLoggingDistribution\\Bin\\Misys.OpicsPlus.Framework.Common.ApplicationLogging.LoggingDistributionService.exe-OpicsPlusLoggingDistribution4.0-port 8008-TCP', 'C:\\Program Files (x86)\\BigFix Enterprise\\BES Client\\BESClient.exe-BESClient-port 52311-UDP', 'D:\\Program Files\\Finastra\\Opics Plus Server V4.0\\Opics Plus ServicesV4.0\\OpicsPlusScheduler\\bin\\Misys.OpicsPlus.Framework.Scheduler.SchedulerService.exe-OpicsPlusScheduler4.0-port 8003-TCP', 'System-port 443-TCP', 'D:\\Program Files\\Finastra\\Opics Plus Server V4.0\\Opics Plus ServicesV4.0\\OpicsPlusPubSub\\bin\\Misys.OpicsPlus.Framework.Messaging.PubSub.EventManagementEngine.exe-OpicsPlusPubSub4.0-port 47124-TCP', 'C:\\Windows\\System32\\inetsrv\\inetinfo.exe-IISADMIN-port 51455-TCP', 'D:\\Program Files\\Finastra\\Opics Plus Server V4.0\\Opics Plus ServicesV4.0\\OpicsPlusMessaging\\Bin\\Misys.OpicsPlus.Framework.Messaging.OpicsPlusMessaging.exe-OpicsPlusMessaging4.0-port 47123-TCP', 'System-SMB-port 445-TCP', 'C:\\Windows\\System32\\svchost.exe-TermService-port 3389-TCP', 'C:\\Program Files\\Symantec\\Symantec Endpoint Protection\\14.3.11216.9000.105\\Bin64\\ccSvcHst.exe-SepMasterService-port 2969-UDP', 'System-port 80-TCP', 'System-WinRm-port 47001-TCP', 'C:\\Windows\\System32\\svchost.exe-Schedule-port 57942-TCP', 'C:\\Windows\\System32\\svchost.exe-w32time-port 123-UDP', 'C:\\Windows\\System32\\svchost.exe-RpcSs-port 135-TCP', 'System-port 2969-TCP', 'D:\\Program Files\\Finastra\\Opics Plus Server V4.0\\Opics Plus ServicesV4.0\\OpicsPlusMessaging\\Bin\\Misys.OpicsPlus.Framework.Messaging.OpicsPlusMessaging.exe-OpicsPlusMessaging4.0-port 8001-TCP', 'C:\\Windows\\System32\\mqsvc.exe-MSMQ-port 2107-TCP', 'C:\\Windows\\System32\\mqsvc.exe-MSMQ-port 1801-TCP', 'C:\\Windows\\System32\\svchost.exe-EventLog-port 49665-TCP'}",Production,NaN,OPICP,Application Server,Label OPICP was predicted due to the presence of hostname with value opicp-w-app-u01.,"The application label OPICP is predicted based on the hostname 'opicp-w-app-u01', where 'opicp' is a strong indicator for the 'OPICP' application label that has been seen in the network in the past. Furthermore, the presence of numerous processes associated with the Finastra Opics Plus suite, such as ""OpicsPlusMessaging"", ""OpicsPlusPubSub"", and ""OpicsPlusLoggingDistribution"" aligns with the 'OPICP' application use case, given that these processes suggest the machine is hosting applications tied to financial services frameworks, which is consistent with the historical use in the network.",Label Application Server was predicted due to the presence of process names with value Opics Plus Server.,"The role 'Application Server' is predicted because the machine is running multiple processes related to the Finastra Opics Plus framework, such as 'OpicsPlusMessaging', 'OpicsPlusPubSub', and 'OpicsPlusLoggingDistribution'. These processes indicate that this server is likely running applications or services related to financial transaction processing, typical of an application server role."
opicp-w-lic-u01,"{'D:\\AutoSys 11.3\\SystemAgent\\autosys_dev\\cybAgent.exe-CA Workload Automation Agent (autosys_dev)-port 9490-TCP', 'C:\\Windows\\System32\\mqsvc.exe-MSMQ-port 2103-TCP', 'C:\\Windows\\System32\\services.exe-port 50826-TCP', 'D:\\apps\\els_server\\els\\bin\\win\\elsd.exe-Finastra Entitlement Management-port 3315-TCP', 'C:\\Program Files (x86)\\Tanium\\Tanium Client\\TaniumClient.exe-port 17472-TCP', 'C:\\Windows\\System32\\inetsrv\\inetinfo.exe-IISADMIN-port 58127-TCP', 'D:\\apps\\els_server\\els\\bin\\win\\elsd.exe-Finastra Entitlement Management-port 54321-TCP', 'C:\\Program Files (x86)\\CA\\SC\\Csam\\SockAdapter\\bin64\\CSAMPmux64.exe-CA-SAM-Pmux-port 7163-TCP', 'C:\\Windows\\System32\\lsass.exe-Netlogon-port 49668-TCP', 'C:\\Windows\\System32\\svchost.exe-Winmgmt-port 54063-TCP', 'C:\\Windows\\System32\\svchost.exe-TermService-port 3389-UDP', 'System-port 8443-TCP', 'C:\\Windows\\System32\\svchost.exe-Schedule-port 49666-TCP', 'C:\\Windows\\System32\\mqsvc.exe-MSMQ-port 2105-TCP', 'System-WinRm-port 5985-TCP', 'C:\\Program Files\\avs\\bin\\avagent.exe-avbackup-port 28002-TCP', 'C:\\Windows\\System32\\wininit.exe-port 49664-TCP', 'D:\\AutoSys 11.3\\SystemAgent\\autosys_prod\\cybAgent.exe-CA Workload Automation Agent (autosys_prod)-port 9495-TCP', 'System-port 3333-TCP', 'C:\\ProgramData\\Qualys\\SandboxRO\\agentid-service.exe-port 9293-TCP', 'C:\\Program Files (x86)\\BigFix Enterprise\\BES Client\\BESClient.exe-BESClient-port 52311-UDP', 'D:\\apps\\els_server\\els\\bin\\win\\elsd.exe-Finastra Entitlement Management-port 54321-UDP', 'C:\\Windows\\System32\\svchost.exe-SessionEnv-port 49667-TCP', 'System-SMB-port 445-TCP', 'C:\\Windows\\System32\\svchost.exe-TermService-port 3389-TCP', 'C:\\Program Files\\Symantec\\Symantec Endpoint Protection\\14.3.11216.9000.105\\Bin64\\ccSvcHst.exe-SepMasterService-port 2969-UDP', 'System-WinRm-port 47001-TCP', 'C:\\Windows\\System32\\svchost.exe-w32time-port 123-UDP', 'C:\\Windows\\System32\\svchost.exe-RpcSs-port 135-TCP', 'System-port 2969-TCP', 'C:\\Windows\\System32\\mqsvc.exe-MSMQ-port 50823-TCP', 'C:\\Windows\\System32\\lsass.exe-port 55532-TCP', 'C:\\Windows\\System32\\mqsvc.exe-MSMQ-port 2107-TCP', 'C:\\Windows\\System32\\mqsvc.exe-MSMQ-port 1801-TCP', 'C:\\Windows\\System32\\svchost.exe-EventLog-port 49665-TCP'}",Production,NaN,OPICP,License Server,Label OPICP was predicted due to the presence of hostname with value 'opicp-w-lic-u01'.,The application label OPICP was predicted primarily due to the hostname 'opicp-w-lic-u01'. The presence of 'opicp' in the hostname matches directly with the known application label 'OPICP' from the historical data of applications that have been seen in this network. This direct match provides a high confidence in predicting this specific application label.,Label License Server was predicted due to the presence of process with value 'elsd.exe - Finastra Entitlement Management'.,"The role prediction as 'License Server' is primarily due to the presence of several processes related to the Finastra Entitlement Management (elsd.exe), which often refers to software management or licensing services. The use of 'lic' in the hostname suggests this machine's association with software licensing. The specific processes like 'MSMQ' (Microsoft Message Queuing service) related to port activities might support communication, queuing, and management functionalities typically associated with License Servers. Thus, the synthesis of hostname cues and process functions leads to a moderate confidence in predicting the role as a License Server, given no explicit role label is available from the seen history."
opicp-w-app-c03,"{'D:\\AutoSys 11.3\\SystemAgent\\autosys_dev\\cybAgent.exe-CA Workload Automation Agent (autosys_dev)-port 9490-TCP', 'C:\\Windows\\System32\\mqsvc.exe-MSMQ-port 58585-TCP', 'C:\\Windows\\System32\\mqsvc.exe-MSMQ-port 2103-TCP', 'D:\\Program Files\\Finastra\\Opics Plus Server V4.0\\Opics Plus ServicesV4.0\\OpicsPlusLoggingDistribution\\Bin\\Misys.OpicsPlus.Framework.Common.ApplicationLogging.LoggingDistributionService.exe-OpicsPlusLoggingDistribution4.0-port 47127-TCP', 'C:\\Windows\\System32\\lsass.exe-port 62387-TCP', 'C:\\Program Files (x86)\\Tanium\\Tanium Client\\TaniumClient.exe-port 17472-TCP', 'C:\\Program Files (x86)\\CA\\SC\\Csam\\SockAdapter\\bin64\\CSAMPmux64.exe-CA-SAM-Pmux-port 7163-TCP', 'C:\\Windows\\System32\\lsass.exe-Netlogon-port 49668-TCP', 'C:\\Windows\\System32\\svchost.exe-TermService-port 3389-UDP', 'C:\\Windows\\System32\\svchost.exe-Schedule-port 49666-TCP', 'C:\\Windows\\System32\\mqsvc.exe-MSMQ-port 2105-TCP', 'System-WinRm-port 5985-TCP', 'C:\\Windows\\System32\\services.exe-port 62363-TCP', 'C:\\Program Files\\avs\\bin\\avagent.exe-avbackup-port 28002-TCP', 'C:\\Windows\\System32\\wininit.exe-port 49664-TCP', 'D:\\AutoSys 11.3\\SystemAgent\\autosys_prod\\cybAgent.exe-CA Workload Automation Agent (autosys_prod)-port 9495-TCP', 'C:\\ProgramData\\Qualys\\SandboxRO\\agentid-service.exe-port 9293-TCP', 'D:\\Program Files\\Finastra\\Opics Plus Server V4.0\\Opics Plus ServicesV4.0\\OpicsPlusLoggingDistribution\\Bin\\Misys.OpicsPlus.Framework.Common.ApplicationLogging.LoggingDistributionService.exe-OpicsPlusLoggingDistribution4.0-port 8008-TCP', 'C:\\Program Files (x86)\\BigFix Enterprise\\BES Client\\BESClient.exe-BESClient-port 52311-UDP', 'System-port 443-TCP', 'C:\\Windows\\System32\\svchost.exe-Winmgmt-port 60329-TCP', 'C:\\Windows\\System32\\svchost.exe-SessionEnv-port 49667-TCP', 'System-SMB-port 445-TCP', 'C:\\Windows\\System32\\svchost.exe-TermService-port 3389-TCP', 'C:\\Program Files\\Symantec\\Symantec Endpoint Protection\\14.3.11216.9000.105\\Bin64\\ccSvcHst.exe-SepMasterService-port 2969-UDP', 'System-port 80-TCP', 'System-WinRm-port 47001-TCP', 'C:\\Windows\\System32\\svchost.exe-w32time-port 123-UDP', 'C:\\Windows\\System32\\svchost.exe-RpcSs-port 135-TCP', 'System-port 2969-TCP', 'C:\\Windows\\System32\\mqsvc.exe-MSMQ-port 2107-TCP', 'C:\\Windows\\System32\\inetsrv\\inetinfo.exe-IISADMIN-port 50341-TCP', 'C:\\Windows\\System32\\mqsvc.exe-MSMQ-port 1801-TCP', 'C:\\Windows\\System32\\svchost.exe-EventLog-port 49665-TCP'}",Production,NaN,OPICP,Application Server,Label OPICP was predicted due to the presence of hostname with value 'opicp-w-app-c03'.,"The application label OPICP is inferred from the hostname 'opicp-w-app-c03', which contains 'opicp', directly matching one of the application labels from the list provided, indicating a strong correlation. Additionally, the presence of processes related to Opics Plus suggests that this is the correct application label.",Label Application Server was predicted due to the presence of processes with value 'OpicsPlus'.,"The role of this compute machine is predicted to be an 'Application Server' given the presence of several processes related to 'OpicsPlus', which is part of the Finastra Opics Plus Server suite. The processes suggest the machine is running application-specific services, which is a key characteristic of an application server."
opicp-w-app-s01,"{'D:\\AutoSys 11.3\\SystemAgent\\autosys_dev\\cybAgent.exe-CA Workload Automation Agent (autosys_dev)-port 9490-TCP', 'C:\\Windows\\System32\\mqsvc.exe-MSMQ-port 2103-TCP', 'D:\\Program Files\\Finastra\\Opics Plus Server V4.0\\Opics Plus ServicesV4.0\\OpicsPlusLoggingDistribution\\Bin\\Misys.OpicsPlus.Framework.Common.ApplicationLogging.LoggingDistributionService.exe-OpicsPlusLoggingDistribution4.0-port 47127-TCP', 'D:\\Program Files\\Finastra\\Opics Plus Server V4.0\\Opics Plus ServicesV4.0\\OpicsPlusPubSubHeartbeat\\bin\\Misys.OpicsPlus.Framework.Messaging.PubSub.HeartbeatServiceEngine.exe-OpicsPlusPubSubHeartbeat4.0-port 8007-TCP', 'C:\\Windows\\System32\\lsass.exe-Netlogon-port 63384-TCP', 'C:\\Program Files (x86)\\Tanium\\Tanium Client\\TaniumClient.exe-port 17472-TCP', 'C:\\Program Files (x86)\\CA\\SC\\Csam\\SockAdapter\\bin64\\CSAMPmux64.exe-CA-SAM-Pmux-port 7163-TCP', 'D:\\Program Files\\Finastra\\Opics Plus Server V4.0\\Opics Plus ServicesV4.0\\OpicsPlusReporting\\Bin\\Misys.OpicsPlus.Framework.Reporting.ReportingService.exe-OpicsPlusReporting4.0-port 8002-TCP', 'C:\\Windows\\System32\\svchost.exe-Schedule-port 49666-TCP', 'C:\\Windows\\System32\\svchost.exe-TermService-port 3389-UDP', 'C:\\Windows\\System32\\mqsvc.exe-MSMQ-port 2105-TCP', 'System-WinRm-port 5985-TCP', 'C:\\Windows\\System32\\lsass.exe-port 51077-TCP', 'D:\\Program Files\\Finastra\\Opics Plus Server V4.0\\Opics Plus ServicesV4.0\\OpicsPlusPubSub\\bin\\Misys.OpicsPlus.Framework.Messaging.PubSub.EventManagementEngine.exe-OpicsPlusPubSub4.0-port 8005-TCP', 'C:\\Windows\\System32\\svchost.exe-SessionEnv-port 57571-TCP', 'C:\\Windows\\System32\\wininit.exe-port 49664-TCP', 'C:\\Program Files\\avs\\bin\\avagent.exe-avbackup-port 28002-TCP', 'D:\\Program Files\\Finastra\\Opics Plus Server V4.0\\Opics Plus ServicesV4.0\\OpicsPlusConfirmations\\bin\\Misys.OpicsPlus.Framework.Confirmations.ConfirmationService.exe-OpicsPlusConfirmation4.0-port 8004-TCP', 'C:\\Windows\\System32\\mqsvc.exe-MSMQ-port 61904-TCP', 'D:\\AutoSys 11.3\\SystemAgent\\autosys_prod\\cybAgent.exe-CA Workload Automation Agent (autosys_prod)-port 9495-TCP', 'D:\\Program Files\\Finastra\\Opics Plus Server V4.0\\Opics Plus ServicesV4.0\\OpicsPlusPubSubHeartbeat\\bin\\Misys.OpicsPlus.Framework.Messaging.PubSub.HeartbeatServiceEngine.exe-OpicsPlusPubSubHeartbeat4.0-port 8009-TCP', 'C:\\ProgramData\\Qualys\\SandboxRO\\agentid-service.exe-port 9293-TCP', 'D:\\Program Files\\Finastra\\Opics Plus Server V4.0\\Opics Plus ServicesV4.0\\OpicsPlusLoggingDistribution\\Bin\\Misys.OpicsPlus.Framework.Common.ApplicationLogging.LoggingDistributionService.exe-OpicsPlusLoggingDistribution4.0-port 8008-TCP', 'C:\\Windows\\System32\\svchost.exe-Winmgmt-port 64650-TCP', 'C:\\Program Files (x86)\\BigFix Enterprise\\BES Client\\BESClient.exe-BESClient-port 52311-UDP', 'D:\\Program Files\\Finastra\\Opics Plus Server V4.0\\Opics Plus ServicesV4.0\\OpicsPlusScheduler\\bin\\Misys.OpicsPlus.Framework.Scheduler.SchedulerService.exe-OpicsPlusScheduler4.0-port 8003-TCP', 'D:\\Program Files\\Finastra\\Opics Plus Server V4.0\\Opics Plus ServicesV4.0\\OpicsPlusPubSub\\bin\\Misys.OpicsPlus.Framework.Messaging.PubSub.EventManagementEngine.exe-OpicsPlusPubSub4.0-port 47124-TCP', 'System-port 443-TCP', 'D:\\Program Files\\Finastra\\Opics Plus Server V4.0\\Opics Plus ServicesV4.0\\OpicsPlusMessaging\\Bin\\Misys.OpicsPlus.Framework.Messaging.OpicsPlusMessaging.exe-OpicsPlusMessaging4.0-port 47123-TCP', 'System-SMB-port 445-TCP', 'C:\\Windows\\System32\\services.exe-port 61920-TCP', 'C:\\Windows\\System32\\svchost.exe-TermService-port 3389-TCP', 'C:\\Program Files\\Symantec\\Symantec Endpoint Protection\\14.3.11216.9000.105\\Bin64\\ccSvcHst.exe-SepMasterService-port 2969-UDP', 'System-port 80-TCP', 'System-WinRm-port 47001-TCP', 'C:\\Windows\\System32\\svchost.exe-w32time-port 123-UDP', 'C:\\Windows\\System32\\svchost.exe-RpcSs-port 135-TCP', 'System-port 2969-TCP', 'D:\\Program Files\\Finastra\\Opics Plus Server V4.0\\Opics Plus ServicesV4.0\\OpicsPlusMessaging\\Bin\\Misys.OpicsPlus.Framework.Messaging.OpicsPlusMessaging.exe-OpicsPlusMessaging4.0-port 8001-TCP', 'C:\\Windows\\System32\\mqsvc.exe-MSMQ-port 2107-TCP', 'C:\\Windows\\System32\\mqsvc.exe-MSMQ-port 1801-TCP', 'C:\\Windows\\System32\\svchost.exe-EventLog-port 49665-TCP'}",Production,NaN,OPICP,Application Server,Label OPICP was predicted due to the presence of hostname with value 'opicp-w-app-s01'.,"The hostname 'opicp-w-app-s01' contains 'opicp', which strongly suggests that the application this machine is associated with is OPICP. Additionally, the presence of multiple processes related to 'Opics Plus Server' by Finastra further supports the alignment with this application label, affirming that the primary function of this machine is related to the OPICP application.",Label Application Server was predicted due to the presence of application services with value 'Opics Plus Services 4.0'.,"The Finastra Opics Plus server and related services such as 'OpicsPlusMessaging', 'OpicsPlusReporting', and 'OpicsPlusScheduler' indicate that this resource is primarily used to host and execute application services. Hence, the role of this machine can be categorized as an 'Application Server', serving the business logic and processing needs of the Opics Plus applications it runs."
WXVWA98A0234,"{'C:\\Windows\\System32\\svchost.exe-port 5050-UDP', 'C:\\Program Files (x86)\\Tanium\\Tanium Client\\TaniumClient.exe-port 17472-TCP', 'C:\\Windows\\System32\\svchost.exe-SSDPSRV-port 55345-UDP', 'C:\\Windows\\System32\\svchost.exe-TermService-port 3389-UDP', 'System-WinRm-port 5985-TCP', 'C:\\Windows\\System32\\svchost.exe-PolicyAgent-port 63375-TCP', 'C:\\Program Files\\avs\\bin\\avagent.exe-avbackup-port 28002-TCP', 'C:\\Windows\\System32\\wininit.exe-port 49664-TCP', 'C:\\Windows\\System32\\svchost.exe-SSDPSRV-port 1900-UDP', 'D:\\AutoSys 11.3\\SystemAgent\\autosys_prod\\cybAgent.exe-CA Workload Automation Agent (autosys_prod)-port 9495-TCP', 'C:\\Windows\\System32\\svchost.exe-Schedule-port 65247-TCP', 'C:\\ProgramData\\Qualys\\SandboxRO\\agentid-service.exe-port 9293-TCP', 'C:\\Program Files (x86)\\BigFix Enterprise\\BES Client\\BESClient.exe-BESClient-port 52311-UDP', 'System-SMB-port 445-TCP', 'C:\\Windows\\System32\\svchost.exe-TermService-port 3389-TCP', 'C:\\Program Files\\Symantec\\Symantec Endpoint Protection\\14.3.11216.9000.105\\Bin64\\ccSvcHst.exe-SepMasterService-port 2969-UDP', 'System-WinRm-port 47001-TCP', 'C:\\Windows\\System32\\lsass.exe-Netlogon-port 54555-TCP', 'C:\\Windows\\System32\\svchost.exe-w32time-port 123-UDP', 'C:\\Windows\\System32\\services.exe-port 63379-TCP', 'C:\\Windows\\System32\\svchost.exe-RpcSs-port 135-TCP', 'System-port 2969-TCP', 'C:\\Windows\\System32\\lsass.exe-port 63412-TCP', 'C:\\Windows\\System32\\svchost.exe-EventLog-port 49665-TCP'}",Production,NaN,ICMP,Automation Server,Label ICMP was predicted due to the presence of process with value 'D:\\AutoSys 11.3\\SystemAgent\\autosys_prod\\cybAgent.exe'.,"The hostname 'WXVWA98A0234' does not provide an obvious indication towards a specific application label from our provided list. However, the presence of AutoSys processes like 'D:\AutoSys 11.3\SystemAgent\autosys_prod\cybAgent.exe' used for workload automation strongly suggests an association with ICMP, given similar examples where ICMP was a correct application label. Additionally, the processes running provide a variety of utility services that indirectly indicate monitoring and automation roles suitable for such applications.",Label Automation Server was predicted due to the presence of AutoSys process with value 'cybAgent.exe'.,"Given the processes running on the machine, we see services typically used in enterprise management and automation, such as AutoSys, which is specialized in job scheduling and automation tasks. The role prediction points towards an 'Automation Server' due to the central function of the AutoSys 'cybAgent.exe' process found. Although the role specification is not highly explicit without further data, it aligns with typical uses of such services, suggesting the machine operates as some form of automation server within the network."
WUVWA87A0234,"{'D:\\Program Files (x86)\\Sterling Commerce\\Connect Direct v6.3.0\\Server\\CDNT.exe-Connect Direct v6.3.0-port 1364-TCP', 'D:\\AutoSys 11.3\\SystemAgent\\autosys_dev\\cybAgent.exe-CA Workload Automation Agent (autosys_dev)-port 9490-TCP', 'C:\\Windows\\System32\\svchost.exe-port 5050-UDP', 'C:\\Program Files (x86)\\Tanium\\Tanium Client\\TaniumClient.exe-port 17472-TCP', 'C:\\Windows\\System32\\lsass.exe-Netlogon-port 62026-TCP', 'C:\\Program Files (x86)\\CA\\SC\\Csam\\SockAdapter\\bin\\CSAMPmux.exe-CA-SAM-Pmux-port 7163-TCP', 'C:\\Windows\\System32\\svchost.exe-TermService-port 3389-UDP', 'System-WinRm-port 5985-TCP', 'C:\\Windows\\System32\\svchost.exe-SSDPSRV-port 64005-UDP', 'C:\\Windows\\System32\\lsass.exe-port 64831-TCP', 'D:\\Program Files (x86)\\Sterling Commerce\\Connect Direct v6.3.0\\ibm_jre\\jre\\bin\\javaw.exe-port 1368-TCP', 'C:\\Program Files\\avs\\bin\\avagent.exe-avbackup-port 28002-TCP', 'C:\\Windows\\System32\\wininit.exe-port 49664-TCP', 'C:\\Windows\\System32\\svchost.exe-SSDPSRV-port 1900-UDP', 'C:\\Windows\\System32\\svchost.exe-PolicyAgent-port 64784-TCP', 'C:\\Windows\\System32\\svchost.exe-Schedule-port 65110-TCP', 'C:\\ProgramData\\Qualys\\SandboxRO\\agentid-service.exe-port 9293-TCP', 'C:\\Program Files (x86)\\BigFix Enterprise\\BES Client\\BESClient.exe-BESClient-port 52311-UDP', 'System-SMB-port 445-TCP', 'C:\\Windows\\System32\\svchost.exe-TermService-port 3389-TCP', 'C:\\Program Files\\Symantec\\Symantec Endpoint Protection\\14.3.11216.9000.105\\Bin64\\ccSvcHst.exe-SepMasterService-port 2969-UDP', 'C:\\Windows\\System32\\inetsrv\\inetinfo.exe-IISADMIN-port 60176-TCP', 'System-WinRm-port 47001-TCP', 'D:\\Program Files (x86)\\Sterling Commerce\\Connect Direct v6.3.0\\ibm_jre\\jre\\bin\\java.exe-port 1365-TCP', 'C:\\Windows\\System32\\svchost.exe-w32time-port 123-UDP', 'D:\\Program Files (x86)\\Sterling Commerce\\Connect Direct v6.3.0\\Server\\CDNT.exe-Connect Direct v6.3.0-port 1363-TCP', 'C:\\Windows\\System32\\svchost.exe-RpcSs-port 135-TCP', 'System-port 2969-TCP', 'C:\\Windows\\System32\\services.exe-port 64774-TCP', 'C:\\Windows\\System32\\svchost.exe-EventLog-port 49665-TCP'}",Development,NaN,1SCD2,File Transfer Server,Label 1SCD2 was predicted due to the presence of process with value 'CDNT.exe'.,"The application label '1SCD2' was chosen based on the presence of the 'Connect Direct' process, which is a notable indicator pointing towards the '1SCD2' application category. The presence of processes associated with Sterling Commerce (Connect Direct) in the observed dataset has previously aligned with the label '1SCD2'. Moreover, this application has appeared consistently in similar configurations in the past data provided.",Label File Transfer Server was predicted due to the presence of process with value 'CDNT.exe'.,"I predict the role to be 'File Transfer Server' due to the presence of the 'CDNT.exe', which belongs to Sterling Commerce Connect Direct version 6.3.0, commonly used for managed file transfer. This aligns well with the expected role of handling file transfers, a role which fits the typical use case for Connect Direct servers. However, since I don't have previous role labels seen for this network, the decision is not strongly confident but is based on domain knowledge about the application."
opicp-w-lic-x01,"{'D:\\AutoSys 11.3\\SystemAgent\\autosys_dev\\cybAgent.exe-CA Workload Automation Agent (autosys_dev)-port 9490-TCP', 'C:\\Windows\\System32\\services.exe-port 60862-TCP', 'C:\\Windows\\System32\\svchost.exe-SessionEnv-port 59458-TCP', 'C:\\Windows\\System32\\mqsvc.exe-MSMQ-port 2103-TCP', 'D:\\apps\\els_server\\els\\bin\\win\\elsd.exe-Finastra Entitlement Management-port 3315-TCP', 'C:\\Program Files (x86)\\Tanium\\Tanium Client\\TaniumClient.exe-port 17472-TCP', 'C:\\Program Files (x86)\\CA\\SC\\Csam\\SockAdapter\\bin64\\CSAMPmux64.exe-CA-SAM-Pmux-port 7163-TCP', 'D:\\apps\\els_server\\els\\bin\\win\\elsd.exe-Finastra Entitlement Management-port 54321-TCP', 'C:\\Windows\\System32\\svchost.exe-TermService-port 3389-UDP', 'System-port 8443-TCP', 'C:\\Windows\\System32\\mqsvc.exe-MSMQ-port 2105-TCP', 'System-WinRm-port 5985-TCP', 'C:\\Windows\\System32\\lsass.exe-Netlogon-port 59459-TCP', 'C:\\Windows\\System32\\svchost.exe-Winmgmt-port 55618-TCP', 'C:\\Program Files\\avs\\bin\\avagent.exe-avbackup-port 28002-TCP', 'C:\\Windows\\System32\\wininit.exe-port 49664-TCP', 'C:\\Windows\\System32\\lsass.exe-port 53196-TCP', 'D:\\AutoSys 11.3\\SystemAgent\\autosys_prod\\cybAgent.exe-CA Workload Automation Agent (autosys_prod)-port 9495-TCP', 'System-port 3333-TCP', 'C:\\ProgramData\\Qualys\\SandboxRO\\agentid-service.exe-port 9293-TCP', 'C:\\Program Files (x86)\\BigFix Enterprise\\BES Client\\BESClient.exe-BESClient-port 52311-UDP', 'C:\\Windows\\System32\\mqsvc.exe-MSMQ-port 60860-TCP', 'D:\\apps\\els_server\\els\\bin\\win\\elsd.exe-Finastra Entitlement Management-port 54321-UDP', 'System-SMB-port 445-TCP', 'C:\\Windows\\System32\\svchost.exe-TermService-port 3389-TCP', 'C:\\Program Files\\Symantec\\Symantec Endpoint Protection\\14.3.11216.9000.105\\Bin64\\ccSvcHst.exe-SepMasterService-port 2969-UDP', 'C:\\Windows\\System32\\svchost.exe-Schedule-port 50983-TCP', 'System-WinRm-port 47001-TCP', 'C:\\Windows\\System32\\inetsrv\\inetinfo.exe-IISADMIN-port 55554-TCP', 'C:\\Windows\\System32\\svchost.exe-w32time-port 123-UDP', 'C:\\Windows\\System32\\svchost.exe-RpcSs-port 135-TCP', 'System-port 2969-TCP', 'C:\\Windows\\System32\\mqsvc.exe-MSMQ-port 2107-TCP', 'C:\\Windows\\System32\\mqsvc.exe-MSMQ-port 1801-TCP', 'C:\\Windows\\System32\\svchost.exe-EventLog-port 49665-TCP', 'D:\\qosmon\\NetprobeNT-DEV-22211\\NetprobeNT-DEV-22211.exe-NetprobeNT-DEV-22211-port 22211-TCP'}",Production,NaN,OPICP,License Server,Label OPICP was predicted due to the presence of hostname with value 'opicp-w-lic-x01'.,The application label 'OPICP' was predicted based on the hostname 'opicp-w-lic-x01'. The 'opicp' prefix suggests a direct correlation with the OPICP label seen in the network. This matches the naming pattern and aligns directly with an existing label.,Label License Server was predicted due to the presence of a combination of name patterns in inventory and hostname.,The role 'License Server' is predicted based on the patterns observed in the hostname and several process patterns indicating licensing activities. Key processes include the 'elsd.exe' associated with Entitlement Management and the presence of specific ports linked to administrative functions and entitlement management services.
opicp-w-app-x06,"{'D:\\AutoSys 11.3\\SystemAgent\\autosys_dev\\cybAgent.exe-CA Workload Automation Agent (autosys_dev)-port 9490-TCP', 'C:\\Windows\\System32\\mqsvc.exe-MSMQ-port 2103-TCP', 'D:\\Program Files\\Finastra\\Opics Plus Server V4.0\\Opics Plus ServicesV4.0\\OpicsPlusLoggingDistribution\\Bin\\Misys.OpicsPlus.Framework.Common.ApplicationLogging.LoggingDistributionService.exe-OpicsPlusLoggingDistribution4.0-port 47127-TCP', 'C:\\Windows\\System32\\svchost.exe-Winmgmt-port 53184-TCP', 'C:\\Program Files (x86)\\Tanium\\Tanium Client\\TaniumClient.exe-port 17472-TCP', 'C:\\Program Files (x86)\\CA\\SC\\Csam\\SockAdapter\\bin64\\CSAMPmux64.exe-CA-SAM-Pmux-port 7163-TCP', 'C:\\Windows\\System32\\svchost.exe-TermService-port 3389-UDP', 'C:\\Windows\\System32\\mqsvc.exe-MSMQ-port 2105-TCP', 'System-WinRm-port 5985-TCP', 'C:\\Windows\\System32\\svchost.exe-SessionEnv-port 55965-TCP', 'C:\\Windows\\System32\\svchost.exe-Schedule-port 57673-TCP', 'C:\\Windows\\System32\\lsass.exe-port 50994-TCP', 'C:\\Program Files\\avs\\bin\\avagent.exe-avbackup-port 28002-TCP', 'C:\\Windows\\System32\\wininit.exe-port 49664-TCP', 'D:\\Program Files\\Finastra\\Opics Plus Server V4.0\\Opics Plus ServicesV4.0\\OpicsPlusConfirmations\\bin\\Misys.OpicsPlus.Framework.Confirmations.ConfirmationService.exe-OpicsPlusConfirmation4.0-port 8004-TCP', 'C:\\Windows\\System32\\services.exe-port 63845-TCP', 'D:\\AutoSys 11.3\\SystemAgent\\autosys_prod\\cybAgent.exe-CA Workload Automation Agent (autosys_prod)-port 9495-TCP', 'C:\\ProgramData\\Qualys\\SandboxRO\\agentid-service.exe-port 9293-TCP', 'D:\\Program Files\\Finastra\\Opics Plus Server V4.0\\Opics Plus ServicesV4.0\\OpicsPlusLoggingDistribution\\Bin\\Misys.OpicsPlus.Framework.Common.ApplicationLogging.LoggingDistributionService.exe-OpicsPlusLoggingDistribution4.0-port 8008-TCP', 'C:\\Program Files (x86)\\BigFix Enterprise\\BES Client\\BESClient.exe-BESClient-port 52311-UDP', 'System-port 443-TCP', 'C:\\Windows\\System32\\inetsrv\\inetinfo.exe-IISADMIN-port 53101-TCP', 'System-SMB-port 445-TCP', 'C:\\Windows\\System32\\svchost.exe-TermService-port 3389-TCP', 'C:\\Program Files\\Symantec\\Symantec Endpoint Protection\\14.3.11216.9000.105\\Bin64\\ccSvcHst.exe-SepMasterService-port 2969-UDP', 'System-port 80-TCP', 'System-WinRm-port 47001-TCP', 'C:\\Windows\\System32\\mqsvc.exe-MSMQ-port 63826-TCP', 'C:\\Windows\\System32\\svchost.exe-w32time-port 123-UDP', 'C:\\Windows\\System32\\svchost.exe-RpcSs-port 135-TCP', 'System-port 2969-TCP', 'C:\\Windows\\System32\\lsass.exe-Netlogon-port 55966-TCP', 'C:\\Windows\\System32\\mqsvc.exe-MSMQ-port 2107-TCP', 'C:\\Windows\\System32\\mqsvc.exe-MSMQ-port 1801-TCP', 'C:\\Windows\\System32\\svchost.exe-EventLog-port 49665-TCP'}",Production,NaN,OPICP,Application Server,Label OPICP was predicted due to the presence of hostname with value 'opicp-w-app-x06'.,"The hostname 'opicp-w-app-x06' strongly suggests that this resource is associated with the OPICP application label. The letters 'opicp' in the hostname are a direct indicator of the OPICP application, which matches one of the known application labels in the network. Additionally, the presence of processes related to Opics Plus services further corroborates this assignment, given their frequent association with OPICP applications.",Label Application Server was predicted due to the presence of processes like Misys OpicsPlus Framework services that generally indicate application handling activities.,"The presence of processes such as 'Misys.OpicsPlus.Framework.Common.ApplicationLogging.LoggingDistributionService.exe' and 'Misys.OpicsPlus.Framework.Confirmations.ConfirmationService.exe' suggests that this server is fulfilling an application server role. These services are related to Opics Plus, a financial service application, which often requires application servers for operations like logging and confirmations. Given the application's nature and server naming, it is likely tasked with handling detailed application logic processes, fitting the characteristics of an Application Server role."
opicp-w-app-d02,"{'D:\\AutoSys 11.3\\SystemAgent\\autosys_dev\\cybAgent.exe-CA Workload Automation Agent (autosys_dev)-port 9490-TCP', 'C:\\Windows\\System32\\mqsvc.exe-MSMQ-port 2103-TCP', 'C:\\Windows\\System32\\inetsrv\\inetinfo.exe-IISADMIN-port 60049-TCP', 'C:\\Program Files (x86)\\Tanium\\Tanium Client\\TaniumClient.exe-port 17472-TCP', 'C:\\Program Files (x86)\\CA\\SC\\Csam\\SockAdapter\\bin64\\CSAMPmux64.exe-CA-SAM-Pmux-port 7163-TCP', 'C:\\Windows\\System32\\lsass.exe-Netlogon-port 49668-TCP', 'C:\\Windows\\System32\\svchost.exe-TermService-port 3389-UDP', 'C:\\Windows\\System32\\svchost.exe-Schedule-port 49666-TCP', 'C:\\Windows\\System32\\mqsvc.exe-MSMQ-port 2105-TCP', 'System-WinRm-port 5985-TCP', 'C:\\Windows\\System32\\svchost.exe-Winmgmt-port 63041-TCP', 'C:\\Windows\\System32\\mqsvc.exe-MSMQ-port 49469-TCP', 'C:\\Program Files\\avs\\bin\\avagent.exe-avbackup-port 28002-TCP', 'C:\\Windows\\System32\\wininit.exe-port 49664-TCP', 'C:\\Windows\\System32\\lsass.exe-port 49481-TCP', 'D:\\AutoSys 11.3\\SystemAgent\\autosys_prod\\cybAgent.exe-CA Workload Automation Agent (autosys_prod)-port 9495-TCP', 'C:\\Windows\\System32\\services.exe-port 49474-TCP', 'C:\\ProgramData\\Qualys\\SandboxRO\\agentid-service.exe-port 9293-TCP', 'C:\\Program Files (x86)\\BigFix Enterprise\\BES Client\\BESClient.exe-BESClient-port 52311-UDP', 'System-port 443-TCP', 'C:\\Windows\\System32\\svchost.exe-SessionEnv-port 49667-TCP', 'System-SMB-port 445-TCP', 'C:\\Windows\\System32\\svchost.exe-TermService-port 3389-TCP', 'C:\\Program Files\\Symantec\\Symantec Endpoint Protection\\14.3.11216.9000.105\\Bin64\\ccSvcHst.exe-SepMasterService-port 2969-UDP', 'System-port 80-TCP', 'System-WinRm-port 47001-TCP', 'C:\\Windows\\System32\\svchost.exe-w32time-port 123-UDP', 'C:\\Windows\\System32\\svchost.exe-RpcSs-port 135-TCP', 'System-port 2969-TCP', 'C:\\Windows\\System32\\mqsvc.exe-MSMQ-port 2107-TCP', 'C:\\Windows\\System32\\mqsvc.exe-MSMQ-port 1801-TCP', 'C:\\Windows\\System32\\svchost.exe-EventLog-port 49665-TCP'}",Production,NaN,OPICP,IIS ADMIN,Label OPICP was predicted due to the presence of hostname with value 'opicp-w-app-d02'.,"The application label OPICP was predicted largely due to the presence of the hostname 'opicp-w-app-d02', which includes the string 'opicp'. Given the mapping of application names to hostname components, this suggests a strong correlation to the OPICP application label that has been recorded in the network previously. There are no conflicting application labels present in the provided processes, which adds to the confidence of this prediction.",Label IIS ADMIN was predicted due to the presence of process name with value 'inetinfo.exe'.,"The role label predicted is 'IIS ADMIN', which is derived from the presence of the process 'inetinfo.exe-IISADMIN' running on the server. The inetinfo.exe process is typically linked with Microsoft's Internet Information Services (IIS), specifically the administration component. Although a specific role was not outlined in your provided historical records, the presence of the IISADMIN operation provides an adequate signal to allocate the IIS ADMIN role for these server processes."
crvrw00a0127,"{'/apps/mwauto/java/jdk-11.0.29/bin/java-port 56443-TCP', '/opt/boksm/lib/boks_bridge-port 6503-TCP', '/apps/mwauto/java/jdk-11.0.29/bin/java-port 50443-TCP', '/apps/mwauto/java/jdk-11.0.29/bin/java-port 55080-TCP', '/usr/openv/netbackup/bin/vnetd-port 13724-TCP', '/apps/mwauto/java/jdk-11.0.29/bin/java-port 50080-TCP', '/opt/VRTSpbx/bin/pbx_exchange-port 1556-TCP', '/usr/openv/netbackup/bin/bpcd-port 13782-TCP', '/apps/mwauto/java/jdk-11.0.29/bin/java-port 55443-TCP', '/usr/lib/systemd/systemd-port 111-UDP', '/apps/mwauto/java/jdk-11.0.29/bin/java-port 56080-TCP', '/opt/Tanium/TaniumClient/TaniumClient-port 17472-TCP', '/usr/local/qualys/cloud-agent/bin/agentid-service-port 9293-TCP', '/opt/qosmon/qostool/prd-netprobe-22011/geneos-netprobe-6.5.0-230825-linux-x64/bin/netprobe.linux_64-port 22011-TCP', '/usr/lib/systemd/systemd-port 111-TCP', '/usr/local/avamar/bin/avagent.bin-port 28002-TCP', '/opt/boksm/lib/boks_sshd-port 22-TCP'}",Production,NaN,L7LIQ,Web Server,Label L7LIQ was predicted due to the presence of process with value '/apps/mwauto/java/jdk-11.0.29/bin/java'.,"The application label 'L7LIQ' was predicted due to the presence of several 'java' processes running under '/apps/mwauto/java/jdk-11.0.29/bin'. The existence of these java processes might suggest that it's running a particular proprietary or custom application that aligns with the L7LIQ label. Based on pattern recognition from prior examples, the presence of specific applications or services setup under Tomcat or a Java environment usually aligns with such labels.",Label Web Server was predicted due to the presence of process with value 'java running on TCP port 80'.,"The role was predicted to be 'Web Server' because multiple instances of Java processes are configured to run on HTTP-related ports (50080, 55080, 56080), which are typical ports used for web server applications hosted on Java containers. The usage of different ports for java processes suggests a multi-instance or clustered web server setup, which is common in enterprise environments using Java."
crvrw00a0126,"{'/apps/mwauto/java/jdk-11.0.29/bin/java-port 56443-TCP', '/opt/boksm/lib/boks_bridge-port 6503-TCP', '/apps/mwauto/java/jdk-11.0.29/bin/java-port 55080-TCP', '/apps/mwauto/java/jdk-11.0.29/bin/java-port 50443-TCP', '/usr/openv/netbackup/bin/vnetd-port 13724-TCP', '/apps/mwauto/java/jdk-11.0.29/bin/java-port 50080-TCP', '/opt/VRTSpbx/bin/pbx_exchange-port 1556-TCP', '/usr/openv/netbackup/bin/bpcd-port 13782-TCP', '/apps/mwauto/java/jdk-11.0.29/bin/java-port 56080-TCP', '/apps/mwauto/java/jdk-11.0.29/bin/java-port 55443-TCP', '/usr/lib/systemd/systemd-port 111-UDP', '/opt/Tanium/TaniumClient/TaniumClient-port 17472-TCP', '/usr/local/qualys/cloud-agent/bin/agentid-service-port 9293-TCP', '/opt/qosmon/qostool/prd-netprobe-22011/geneos-netprobe-6.5.0-230825-linux-x64/bin/netprobe.linux_64-port 22011-TCP', '/usr/lib/systemd/systemd-port 111-TCP', '/usr/local/avamar/bin/avagent.bin-port 28002-TCP', '/opt/boksm/lib/boks_sshd-port 22-TCP'}",Production,NaN,1SCD2,Monitoring,Label 1SCD2 was predicted due to the presence of process with value '/opt/qosmon/qostool/prd-netprobe-22011/geneos-netprobe-6.5.0-230825-linux-x64/bin/netprobe.linux_64'.,"The application ""1SCD2"" was predicted based on the presence of the Netprobe process from the Geneos suite ('/opt/qosmon/qostool/prd-netprobe-22011/geneos-netprobe-6.5.0-230825-linux-x64/bin/netprobe.linux_64'). This is often associated with performance monitoring applications and similar systems which previously have been labeled as ""1SCD2"" in this network context.",Label Monitoring was predicted due to the presence of process with value '/opt/qosmon/qostool/prd-netprobe-22011/geneos-netprobe-6.5.0-230825-linux-x64/bin/netprobe.linux_64'.,"The role ""Monitoring"" was assigned due to the key process '/opt/qosmon/qostool/prd-netprobe-22011/geneos-netprobe-6.5.0-230825-linux-x64/bin/netprobe.linux_64', which is part of the Geneos Netprobe system commonly used for monitoring purposes. This process, coupled with a variety of Java processes, supports the notion that this resource is primarily used within a monitoring or performance analysis capacity."
crvra97a1133,"{'/apps/DCTM/EDMS/product/21.4/bin/documentum-port 16422-TCP', '/apps/mwauto/java/jdk-11.0.29/bin/java-port 9080-TCP', '/opt/cdunix/install/agent/jre/bin/java-port 1365-TCP', '/usr/lib/systemd/systemd-port 111-UDP', '/apps/mwauto/java/jdk-11.0.29/bin/java-port 8080-TCP', '/apps/DCTM/EDMS/product/21.4/bin/documentum-port 14311-TCP', '/apps/mwauto/java/jdk-11.0.29/bin/java-port 9081-TCP', '/apps/DCTM/EDMS/product/21.4/bin/documentum-port 14317-TCP', '/opt/boksm/lib/boks_bridge-port 6503-TCP', '/opt/cdunix/ndm/bin/cdpmgr-port 1364-TCP', '/apps/DCTM/EDMS/product/21.4/bin/documentum-port 16432-TCP', '/apps/DCTM/EDMS/product/21.4/bin/documentum-port 14307-TCP', '/usr/openv/netbackup/bin/bpcd-port 13782-TCP', '/apps/mwauto/java/jdk-11.0.29/bin/java-port 8443-TCP', '/apps/mwauto/java/jdk-11.0.29/bin/java-port 9099-TCP', '/usr/lib/systemd/systemd-port 111-TCP', '/usr/local/avamar/bin/avagent.bin-port 28002-TCP', '/apps/DCTM/EDMS/product/21.4/bin/documentum-port 16424-TCP', '/opt/boksm/lib/boks_sshd-port 22-TCP', '/usr/openv/netbackup/bin/vnetd-port 13724-TCP', '/apps/mwauto/java/jdk-17.0.17/bin/java-port 8888-TCP', '/apps/DCTM/EDMS/product/21.4/bin/dmdocbroker-port 1489-TCP', '/apps/mwauto/java/jdk-11.0.29/bin/java-port 9143-TCP', '/apps/mwauto/java/jdk-11.0.29/bin/java-port 9084-TCP', '/apps/DCTM/EDMS/product/21.4/bin/documentum-port 16434-TCP', '/apps/DCTM/EDMS/product/21.4/bin/documentum-port 16430-TCP', '/apps/DCTM/EDMS/product/21.4/bin/documentum-port 16426-TCP', '/opt/qosmon/qostool/prd-netprobe-22011/geneos-netprobe-6.5.0-230825-linux-x64/bin/netprobe.linux_64-port 22011-TCP', '/apps/mwauto/java/jdk-11.0.29/bin/java-port 9443-TCP', '/opt/cdunix/ndm/bin/cdpmgr-port 1363-TCP', '/opt/VRTSpbx/bin/pbx_exchange-port 1556-TCP', '/apps/mwauto/java/jdk-17.0.17/bin/java-port 8444-TCP', '/apps/mwauto/java/jdk-11.0.29/bin/java-port 9180-TCP', '/usr/local/qualys/cloud-agent/bin/agentid-service-port 9293-TCP'}",Production,NaN,1EDM,Document Management Server,Label 1EDM was predicted due to the presence of process with value '/apps/DCTM/EDMS/product/21.4/bin/documentum'.,"The application label '1EDM' was predicted due to the presence of multiple processes related to Documentum, which is commonly associated with EDM (Enterprise Document Management) systems. The processes such as '/apps/DCTM/EDMS/product/21.4/bin/documentum-port 16422-TCP' are indicative of a Documentum system, suggesting a strong likelihood of the application falling under the 1EDM category. Despite no direct previous identification with this label in the network, the Documentum process matches the known application label 1EDM.",Label Document Management Server was predicted due to the presence of process with value '/apps/DCTM/EDMS/product/21.4/bin/documentum'.,"The presence of multiple processes related to Documentum development, such as '/apps/DCTM/EDMS/product/21.4/bin/documentum-port 16422-TCP', suggests that this resource functions primarily as a Document Management Server. Documentation processes generally point towards this server role distinctly, highlighting its management-oriented function in handling, processing, and serving document-related tasks and software to users or other services."
crvra94a1133,"{'/apps/DCTM/EDMS/product/21.4/bin/documentum-port 16422-TCP', '/apps/mwauto/java/jdk-11.0.29/bin/java-port 9080-TCP', '/usr/lib/systemd/systemd-port 111-UDP', '/apps/mwauto/java/jdk-11.0.29/bin/java-port 8080-TCP', '/apps/DCTM/EDMS/product/21.4/bin/documentum-port 14311-TCP', '/opt/Tanium/TaniumClient/TaniumClient-port 17472-TCP', '/apps/mwauto/java/jdk-11.0.29/bin/java-port 9081-TCP', '/opt/boksm/lib/boks_bridge-port 6503-TCP', '/apps/DCTM/EDMS/product/21.4/bin/documentum-port 16432-TCP', '/apps/DCTM/EDMS/product/21.4/bin/documentum-port 14307-TCP', '/usr/openv/netbackup/bin/bpcd-port 13782-TCP', '/apps/mwauto/java/jdk-11.0.29/bin/java-port 8443-TCP', '/apps/mwauto/java/jdk-11.0.29/bin/java-port 9099-TCP', '/usr/lib/systemd/systemd-port 111-TCP', '/usr/local/avamar/bin/avagent.bin-port 28002-TCP', '/apps/DCTM/EDMS/product/21.4/bin/documentum-port 16424-TCP', '/opt/boksm/lib/boks_sshd-port 22-TCP', '/usr/openv/netbackup/bin/vnetd-port 13724-TCP', '/apps/mwauto/java/jdk-17.0.17/bin/java-port 8888-TCP', '/apps/DCTM/EDMS/product/21.4/bin/dmdocbroker-port 1489-TCP', '/apps/mwauto/java/jdk-11.0.29/bin/java-port 9143-TCP', '/apps/mwauto/java/jdk-11.0.29/bin/java-port 9084-TCP', '/apps/DCTM/EDMS/product/21.4/bin/documentum-port 16434-TCP', '/apps/DCTM/EDMS/product/21.4/bin/documentum-port 16430-TCP', '/apps/DCTM/EDMS/product/21.4/bin/documentum-port 16426-TCP', '/opt/qosmon/qostool/prd-netprobe-22011/geneos-netprobe-6.5.0-230825-linux-x64/bin/netprobe.linux_64-port 22011-TCP', '/apps/mwauto/java/jdk-11.0.29/bin/java-port 9443-TCP', '/opt/VRTSpbx/bin/pbx_exchange-port 1556-TCP', '/apps/mwauto/java/jdk-17.0.17/bin/java-port 8444-TCP', '/apps/mwauto/java/jdk-11.0.29/bin/java-port 9180-TCP', '/usr/local/qualys/cloud-agent/bin/agentid-service-port 9293-TCP'}",Production,NaN,1EDM,Application Server,Label 1EDM was predicted due to the presence of process names with value 'documentum'.,"The application label '1EDM' is predicted based on the presence of several 'documentum' processes, such as '/apps/DCTM/EDMS/product/21.4/bin/documentum-port 16422-TCP', which strongly indicates that the application is related to document management or enterprise content management tools, commonly associated with '1EDM'. The consistency of DCTM (Documentum) processes reinforces this prediction as it points towards an Enterprise Document Management system.",Label Application Server was predicted due to the presence of java processes with value '/apps/mwauto/java/jdk-11.0.29/bin/java'.,"The role prediction for this resource is an 'Application Server' due to the presence of several Java processes like '/apps/mwauto/java/jdk-11.0.29/bin/java-port 9080-TCP' running on ports commonly used for application services (e.g., 8080, 8443). These processes are indicative of a server hosting applications, especially since they tie into middleware or automated applications, suggesting an environment set for interaction and integration of applications which is typical for an application server role."
al1-013c-ixb-cu,"{'/opt/apps/tuxedo/tuxedo12gR2/tuxedo12.2.2.0.0/bin/JSH-port 21134-TCP', '/opt/apps/ptools/pt85914/bin/PSAPPSRV-port 46219-TCP', '/opt/apps/ptools/pt85914/bin/PSQCKSRV-port 38063-TCP', '/opt/apps/tuxedo/tuxedo12gR2/tuxedo12.2.2.0.0/bin/JSH-port 21170-TCP', '/opt/apps/ptools/pt85914/bin/PSQRYSRV-port 46475-TCP', '/opt/apps/ptools/pt85914/bin/PSAPPSRV-port 46615-TCP', '/apps/mwauto/java/jdk-11.0.29/bin/java-port 27109-TCP', '/opt/apps/ptools/pt85914/bin/PSQCKSRV-port 36743-TCP', '/opt/boksm/lib/boks_sshd-port 22-TCP', '/opt/apps/tuxedo/tuxedo12gR2/tuxedo12.2.2.0.0/bin/JSH-port 21105-TCP', '/opt/apps/tuxedo/tuxedo12gR2/tuxedo12.2.2.0.0/bin/JSH-port 21111-TCP', '/apps/mwauto/java/jdk-11.0.29/bin/java-port 27110-TCP', '/opt/apps/ptools/pt85914/bin/PSQRYSRV-port 40975-TCP', '/opt/apps/ptools/pt85914/bin/PSAPPSRV-port 42713-TCP', '/opt/apps/tuxedo/tuxedo12gR2/tuxedo12.2.2.0.0/bin/JSH-port 21133-TCP', '/opt/apps/tuxedo/tuxedo12gR2/tuxedo12.2.2.0.0/bin/JSH-port 21137-TCP', '/opt/apps/ptools/pt85914/bin/PSAPPSRV-port 39027-TCP', '/opt/apps/ptools/pt85914/bin/PSAPPSRV-port 43659-TCP', '/opt/apps/ptools/pt85914/bin/PSAPPSRV-port 35337-TCP', '/opt/apps/ptools/pt85914/bin/PSAPPSRV-port 33465-TCP', '/opt/apps/tuxedo/tuxedo12gR2/tuxedo12.2.2.0.0/bin/JSL-port 21160-TCP', '/opt/apps/tuxedo/tuxedo12gR2/tuxedo12.2.2.0.0/bin/JSH-port 21106-TCP', '/opt/apps/ptools/pt85914/bin/PSQRYSRV-port 41451-TCP', '/opt/apps/tuxedo/tuxedo12gR2/tuxedo12.2.2.0.0/bin/JSH-port 21101-TCP', '/opt/apps/ptools/pt85914/bin/PSAPPSRV-port 37909-TCP', '/opt/apps/tuxedo/tuxedo12gR2/tuxedo12.2.2.0.0/bin/JSH-port 21138-TCP', '/opt/apps/tuxedo/tuxedo12gR2/tuxedo12.2.2.0.0/bin/JSH-port 21104-TCP', '/opt/boksm/lib/boks_bridge-port 6503-TCP', '/opt/apps/tuxedo/tuxedo12gR2/tuxedo12.2.2.0.0/bin/JSL-port 21100-TCP', '/apps/mwauto/java/jdk-11.0.29/bin/java-port 27100-TCP', '/opt/apps/tuxedo/tuxedo12gR2/tuxedo12.2.2.0.0/bin/JSH-port 21166-TCP', '/opt/apps/tuxedo/tuxedo12gR2/tuxedo12.2.2.0.0/bin/JSH-port 21162-TCP', '/opt/apps/ptools/pt85914/bin/PSAPPSRV-port 42339-TCP', '/opt/apps/ptools/pt85914/bin/PSMONITORSRV-port 10101-TCP', '/opt/apps/ptools/pt85914/bin/PSQCKSRV-port 45129-TCP', '/opt/apps/ptools/pt85914/bin/PSQRYSRV-port 39083-TCP', '/opt/apps/tuxedo/tuxedo12gR2/tuxedo12.2.2.0.0/bin/JSH-port 21135-TCP', '/opt/qosmon/qostool/prd-netprobe-22011/geneos-netprobe-6.5.0-230825-linux-x64/bin/netprobe.linux_64-port 22011-TCP', '/opt/apps/tuxedo/tuxedo12gR2/tuxedo12.2.2.0.0/bin/JSH-port 21161-TCP', '/apps/mwauto/java/jdk-11.0.29/bin/java-port 27105-TCP', '/opt/VRTSpbx/bin/pbx_exchange-port 1556-TCP', '/opt/apps/tuxedo/tuxedo12gR2/tuxedo12.2.2.0.0/bin/JSH-port 21140-TCP', '/opt/apps/tuxedo/tuxedo12gR2/tuxedo12.2.2.0.0/bin/JSH-port 21103-TCP', '/usr/local/qualys/cloud-agent/bin/agentid-service-port 9293-TCP', '/opt/apps/tuxedo/tuxedo12gR2/tuxedo12.2.2.0.0/bin/JSH-port 21165-TCP', '/opt/apps/tuxedo/tuxedo12gR2/tuxedo12.2.2.0.0/bin/JSH-port 21107-TCP', '/opt/apps/ptools/pt85914/bin/PSQCKSRV-port 33999-TCP', '/opt/apps/ptools/pt85914/bin/PSAPPSRV-port 34031-TCP', '/opt/apps/ptools/pt85914/bin/PSQCKSRV-port 33463-TCP', '/opt/apps/tuxedo/tuxedo12gR2/tuxedo12.2.2.0.0/bin/JSH-port 21164-TCP', '/opt/apps/tuxedo/tuxedo12gR2/tuxedo12.2.2.0.0/bin/JSH-port 21112-TCP', '/usr/lib/systemd/systemd-port 111-UDP', '/opt/apps/ptools/pt85914/bin/PSQCKSRV-port 33337-TCP', '/opt/Tanium/TaniumClient/TaniumClient-port 17472-TCP', '/opt/apps/ptools/pt85914/bin/PSAPPSRV-port 42569-TCP', '/opt/apps/ptools/pt85914/bin/PSAPPSRV-port 35553-TCP', '/opt/apps/ptools/pt85914/bin/PSQRYSRV-port 38467-TCP', '/opt/apps/ptools/pt85914/bin/PSQRYSRV-port 46519-TCP', '/opt/apps/tuxedo/tuxedo12gR2/tuxedo12.2.2.0.0/bin/JSH-port 21136-TCP', '/usr/openv/netbackup/bin/bpcd-port 13782-TCP', '/usr/local/avamar/bin/avagent.bin-port 28002-TCP', '/opt/apps/ptools/pt85914/bin/PSQCKSRV-port 36613-TCP', '/opt/apps/ptools/pt85914/bin/PSAPPSRV-port 41591-TCP', '/usr/sbin/chronyd-port 123-UDP', '/opt/apps/ptools/pt85914/bin/PSQCKSRV-port 38229-TCP', '/apps/mwauto/java/jdk-11.0.29/bin/java-port 27101-TCP', '/opt/apps/ptools/pt85914/bin/PSAPPSRV-port 43347-TCP', '/opt/apps/tuxedo/tuxedo12gR2/tuxedo12.2.2.0.0/bin/JSH-port 21167-TCP', '/opt/apps/tuxedo/tuxedo12gR2/tuxedo12.2.2.0.0/bin/JSH-port 21114-TCP', '/opt/apps/ptools/pt85914/bin/PSQRYSRV-port 34733-TCP', '/apps/mwauto/java/jdk-11.0.29/bin/java-port 27102-TCP', '/opt/apps/ptools/pt85914/bin/PSAPPSRV-port 34229-TCP', '/opt/apps/tuxedo/tuxedo12gR2/tuxedo12.2.2.0.0/bin/JSH-port 21169-TCP', '/apps/mwauto/java/jdk-11.0.29/bin/rmiregistry-port 10100-TCP', '/opt/apps/ptools/pt85914/bin/PSAPPSRV-port 43017-TCP', '/opt/apps/tuxedo/tuxedo12gR2/tuxedo12.2.2.0.0/bin/JSH-port 21102-TCP', '/opt/apps/ptools/pt85914/bin/PSQCKSRV-port 41319-TCP', '/opt/apps/tuxedo/tuxedo12gR2/tuxedo12.2.2.0.0/bin/JSH-port 21132-TCP', '/opt/apps/ptools/pt85914/bin/PSQRYSRV-port 35315-TCP', '/opt/apps/ptools/pt85914/bin/PSAPPSRV-port 43955-TCP', '/opt/apps/tuxedo/tuxedo12gR2/tuxedo12.2.2.0.0/bin/JSL-port 21130-TCP', '/opt/apps/tuxedo/tuxedo12gR2/tuxedo12.2.2.0.0/bin/JSH-port 21115-TCP', '/opt/apps/tuxedo/tuxedo12gR2/tuxedo12.2.2.0.0/bin/JSH-port 21108-TCP', '/opt/apps/tuxedo/tuxedo12gR2/tuxedo12.2.2.0.0/bin/JSH-port 21113-TCP', '/opt/apps/tuxedo/tuxedo12gR2/tuxedo12.2.2.0.0/bin/JSH-port 21109-TCP', '/opt/apps/ptools/pt85914/bin/PSAPPSRV-port 34033-TCP', '/usr/lib/systemd/systemd-port 111-TCP', '/opt/apps/ptools/pt85914/bin/PSQCKSRV-port 34123-TCP', '/usr/openv/netbackup/bin/vnetd-port 13724-TCP', '/opt/apps/ptools/pt85914/bin/PSQRYSRV-port 36127-TCP', '/apps/mwauto/java/jdk-11.0.29/bin/java-port 27106-TCP', '/opt/apps/ptools/pt85914/bin/PSAPPSRV-port 46039-TCP', '/opt/apps/ptools/pt85914/bin/PSQCKSRV-port 40893-TCP', '/opt/apps/tuxedo/tuxedo12gR2/tuxedo12.2.2.0.0/bin/JSH-port 21131-TCP', '/opt/apps/tuxedo/tuxedo12gR2/tuxedo12.2.2.0.0/bin/JSH-port 21110-TCP', '/opt/apps/ptools/pt85914/bin/PSAPPSRV-port 38205-TCP', '/opt/apps/tuxedo/tuxedo12gR2/tuxedo12.2.2.0.0/bin/JSH-port 21168-TCP', '/opt/apps/ptools/pt85914/bin/PSAPPSRV-port 46459-TCP', '/opt/apps/tuxedo/tuxedo12gR2/tuxedo12.2.2.0.0/bin/JSH-port 21139-TCP', '/opt/apps/tuxedo/tuxedo12gR2/tuxedo12.2.2.0.0/bin/JSH-port 21163-TCP', '/opt/apps/ptools/pt85914/bin/PSAPPSRV-port 45119-TCP'}",Production,NaN,1CMX,Application Server,Label 1CMX was predicted due to the presence of processes with value Tuxedo and PeopleSoft.,"The processes running on this machine include Tuxedo JSH and JSL processes as well as PeopleSoft (PSAPPSRV, PSQRYSRV, PSQCKSRV) processes, which are indicative of an integration environment that might be using custom or less known applications. Given the list of known application labels ['1SCD2', 'SSO', 'L7LIQ', 'OFX', 'ATHEN', 'ICMP', '1CTM', 'CCM', 'MULE', 'OPICP', '1EDM', '1CMX', 'WMBUS'], the application label '1CMX' is the best fit for this type of setup as it could denote a configuration management or similar environment utilizing PeopleSoft and Tuxedo technologies.","Label Application Server was predicted due to the presence of PeopleSoft and Tuxedo processes with value PeopleSoft (PSAPPSRV, PSQRYSRV, PSQCKSRV) and Tuxedo.","The presence of several PeopleSoft server processes like PSAPPSRV, PSQRYSRV, and PSQCKSRV suggest that this machine is primarily serving requests or handling background processes typical of an application server role. Additionally, the presence of multiple Tuxedo server handler processes (JSH, JSL) is strongly indicative of an application server environment, as Tuxedo is often used as the middleware in such architectures."
al1-002d-ixb-cu,"{'/opt/apps/tuxedo/tuxedo12gR2/tuxedo12.2.2.0.0/bin/JSH-port 21134-TCP', '/opt/apps/ptools/pt85914/bin/PSQCKSRV-port 46451-TCP', '/opt/apps/ptools/pt85914/bin/PSAPPSRV-port 43553-TCP', '/opt/apps/tuxedo/tuxedo12gR2/tuxedo12.2.2.0.0/bin/JSH-port 21170-TCP', '/opt/apps/ptools/pt85914/bin/PSAPPSRV-port 46145-TCP', '/opt/apps/ptools/pt85914/bin/PSQRYSRV-port 37947-TCP', '/opt/apps/ptools/pt85914/bin/PSQCKSRV-port 35987-TCP', '/opt/apps/ptools/pt85914/bin/PSQCKSRV-port 33717-TCP', '/opt/apps/ptools/pt85914/bin/PSQCKSRV-port 37823-TCP', '/opt/apps/ptools/pt85914/bin/PSQCKSRV-port 42141-TCP', '/apps/mwauto/java/jdk-11.0.29/bin/java-port 27109-TCP', '/opt/boksm/lib/boks_sshd-port 22-TCP', '/opt/apps/tuxedo/tuxedo12gR2/tuxedo12.2.2.0.0/bin/JSH-port 21105-TCP', '/opt/apps/ptools/pt85914/bin/PSAPPSRV-port 40123-TCP', '/opt/apps/tuxedo/tuxedo12gR2/tuxedo12.2.2.0.0/bin/JSH-port 21111-TCP', '/apps/mwauto/java/jdk-11.0.29/bin/java-port 27110-TCP', '/opt/apps/tuxedo/tuxedo12gR2/tuxedo12.2.2.0.0/bin/JSH-port 21133-TCP', '/opt/apps/tuxedo/tuxedo12gR2/tuxedo12.2.2.0.0/bin/JSH-port 21137-TCP', '/opt/apps/ptools/pt85914/bin/PSAPPSRV-port 39163-TCP', '/opt/apps/ptools/pt85914/bin/PSAPPSRV-port 39793-TCP', '/opt/apps/ptools/pt85914/bin/PSAPPSRV-port 42993-TCP', '/opt/apps/tuxedo/tuxedo12gR2/tuxedo12.2.2.0.0/bin/JSL-port 21160-TCP', '/opt/CA/r12/SystemAgent/autosys_prod/cybAgent.bin-port 9495-TCP', '/opt/apps/tuxedo/tuxedo12gR2/tuxedo12.2.2.0.0/bin/JSH-port 21106-TCP', '/opt/apps/tuxedo/tuxedo12gR2/tuxedo12.2.2.0.0/bin/JSH-port 21101-TCP', '/opt/apps/tuxedo/tuxedo12gR2/tuxedo12.2.2.0.0/bin/JSH-port 21138-TCP', '/opt/apps/tuxedo/tuxedo12gR2/tuxedo12.2.2.0.0/bin/JSH-port 21104-TCP', '/opt/apps/ptools/pt85914/bin/PSQRYSRV-port 33225-TCP', '/opt/apps/ptools/pt85914/bin/PSQCKSRV-port 43385-TCP', '/opt/boksm/lib/boks_bridge-port 6503-TCP', '/opt/apps/ptools/pt85914/bin/PSAPPSRV-port 44877-TCP', '/opt/apps/tuxedo/tuxedo12gR2/tuxedo12.2.2.0.0/bin/JSL-port 21100-TCP', '/opt/apps/ptools/pt85914/bin/PSQCKSRV-port 44765-TCP', '/opt/apps/ptools/pt85914/bin/PSAPPSRV-port 33395-TCP', '/apps/mwauto/java/jdk-11.0.29/bin/java-port 27100-TCP', '/opt/apps/tuxedo/tuxedo12gR2/tuxedo12.2.2.0.0/bin/JSH-port 21166-TCP', '/opt/apps/tuxedo/tuxedo12gR2/tuxedo12.2.2.0.0/bin/JSH-port 21162-TCP', '/opt/apps/ptools/pt85914/bin/PSQRYSRV-port 34639-TCP', '/opt/apps/ptools/pt85914/bin/PSMONITORSRV-port 10101-TCP', '/opt/apps/tuxedo/tuxedo12gR2/tuxedo12.2.2.0.0/bin/JSH-port 21135-TCP', '/opt/qosmon/qostool/prd-netprobe-22011/geneos-netprobe-6.5.0-230825-linux-x64/bin/netprobe.linux_64-port 22011-TCP', '/opt/apps/tuxedo/tuxedo12gR2/tuxedo12.2.2.0.0/bin/JSH-port 21161-TCP', '/apps/mwauto/java/jdk-11.0.29/bin/java-port 27105-TCP', '/opt/apps/ptools/pt85914/bin/PSQRYSRV-port 39003-TCP', '/opt/VRTSpbx/bin/pbx_exchange-port 1556-TCP', '/opt/apps/tuxedo/tuxedo12gR2/tuxedo12.2.2.0.0/bin/JSH-port 21140-TCP', '/opt/apps/tuxedo/tuxedo12gR2/tuxedo12.2.2.0.0/bin/JSH-port 21103-TCP', '/usr/local/qualys/cloud-agent/bin/agentid-service-port 9293-TCP', '/opt/apps/ptools/pt85914/bin/PSAPPSRV-port 43355-TCP', '/opt/apps/tuxedo/tuxedo12gR2/tuxedo12.2.2.0.0/bin/JSH-port 21165-TCP', '/opt/apps/ptools/pt85914/bin/PSAPPSRV-port 45449-TCP', '/opt/apps/tuxedo/tuxedo12gR2/tuxedo12.2.2.0.0/bin/JSH-port 21107-TCP', '/opt/apps/tuxedo/tuxedo12gR2/tuxedo12.2.2.0.0/bin/JSH-port 21112-TCP', '/opt/apps/ptools/pt85914/bin/PSQRYSRV-port 45489-TCP', '/opt/apps/tuxedo/tuxedo12gR2/tuxedo12.2.2.0.0/bin/JSH-port 21164-TCP', '/usr/lib/systemd/systemd-port 111-UDP', '/opt/apps/ptools/pt85914/bin/PSAPPSRV-port 38779-TCP', '/opt/Tanium/TaniumClient/TaniumClient-port 17472-TCP', '/opt/apps/tuxedo/tuxedo12gR2/tuxedo12.2.2.0.0/bin/JSH-port 21136-TCP', '/usr/openv/netbackup/bin/bpcd-port 13782-TCP', '/opt/apps/ptools/pt85914/bin/PSQRYSRV-port 39787-TCP', '/usr/local/avamar/bin/avagent.bin-port 28002-TCP', '/opt/apps/ptools/pt85914/bin/PSAPPSRV-port 34819-TCP', '/opt/apps/ptools/pt85914/bin/PSAPPSRV-port 33301-TCP', '/usr/sbin/chronyd-port 123-UDP', '/apps/mwauto/java/jdk-11.0.29/bin/java-port 27101-TCP', '/opt/cdunix/ndm/bin/cdpmgr-port 1363-TCP', '/opt/apps/tuxedo/tuxedo12gR2/tuxedo12.2.2.0.0/bin/JSH-port 21167-TCP', '/opt/apps/ptools/pt85914/bin/PSQRYSRV-port 44453-TCP', '/opt/apps/ptools/pt85914/bin/PSAPPSRV-port 40729-TCP', '/opt/apps/tuxedo/tuxedo12gR2/tuxedo12.2.2.0.0/bin/JSH-port 21114-TCP', '/opt/apps/ptools/pt85914/bin/PSQRYSRV-port 44799-TCP', '/apps/mwauto/java/jdk-11.0.29/bin/java-port 27102-TCP', '/opt/apps/ptools/pt85914/bin/PSAPPSRV-port 39191-TCP', '/apps/mwauto/java/jdk-11.0.29/bin/rmiregistry-port 10100-TCP', '/opt/apps/tuxedo/tuxedo12gR2/tuxedo12.2.2.0.0/bin/JSH-port 21169-TCP', '/opt/apps/tuxedo/tuxedo12gR2/tuxedo12.2.2.0.0/bin/JSH-port 21102-TCP', '/opt/apps/tuxedo/tuxedo12gR2/tuxedo12.2.2.0.0/bin/JSH-port 21132-TCP', '/opt/apps/ptools/pt85914/bin/PSQCKSRV-port 34395-TCP', '/opt/apps/ptools/pt85914/bin/PSAPPSRV-port 42239-TCP', '/opt/apps/tuxedo/tuxedo12gR2/tuxedo12.2.2.0.0/bin/JSL-port 21130-TCP', '/opt/cdunix/install/agent/jre/bin/java-port 1365-TCP', '/opt/apps/ptools/pt85914/bin/PSAPPSRV-port 37759-TCP', '/opt/apps/tuxedo/tuxedo12gR2/tuxedo12.2.2.0.0/bin/JSH-port 21115-TCP', '/opt/apps/ptools/pt85914/bin/PSQRYSRV-port 44205-TCP', '/opt/apps/tuxedo/tuxedo12gR2/tuxedo12.2.2.0.0/bin/JSH-port 21108-TCP', '/opt/cdunix/ndm/bin/cdpmgr-port 1364-TCP', '/opt/apps/ptools/pt85914/bin/PSAPPSRV-port 43437-TCP', '/usr/sbin/chronyd-port 323-UDP', '/opt/apps/tuxedo/tuxedo12gR2/tuxedo12.2.2.0.0/bin/JSH-port 21113-TCP', '/opt/apps/ptools/pt85914/bin/PSQCKSRV-port 34641-TCP', '/opt/apps/tuxedo/tuxedo12gR2/tuxedo12.2.2.0.0/bin/JSH-port 21109-TCP', '/usr/lib/systemd/systemd-port 111-TCP', '/opt/apps/ptools/pt85914/bin/PSQCKSRV-port 40859-TCP', '/opt/apps/ptools/pt85914/bin/PSAPPSRV-port 36309-TCP', '/usr/openv/netbackup/bin/vnetd-port 13724-TCP', '/opt/CA/r12/SystemAgent/autosys_dev/cybAgent.bin-port 9490-TCP', '/apps/mwauto/java/jdk-11.0.29/bin/java-port 27106-TCP', '/opt/apps/tuxedo/tuxedo12gR2/tuxedo12.2.2.0.0/bin/JSH-port 21131-TCP', '/opt/apps/tuxedo/tuxedo12gR2/tuxedo12.2.2.0.0/bin/JSH-port 21110-TCP', '/opt/apps/ptools/pt85914/bin/PSAPPSRV-port 42121-TCP', '/opt/apps/tuxedo/tuxedo12gR2/tuxedo12.2.2.0.0/bin/JSH-port 21168-TCP', '/opt/apps/ptools/pt85914/bin/PSAPPSRV-port 43839-TCP', '/opt/apps/ptools/pt85914/bin/PSQCKSRV-port 41053-TCP', '/opt/apps/ptools/pt85914/bin/PSAPPSRV-port 36107-TCP', '/opt/apps/tuxedo/tuxedo12gR2/tuxedo12.2.2.0.0/bin/JSH-port 21139-TCP', '/opt/apps/tuxedo/tuxedo12gR2/tuxedo12.2.2.0.0/bin/JSH-port 21163-TCP'}",Production,NaN,1SCD2,Application Server,Label 1SCD2 was predicted due to the presence of process with value '/opt/apps/ptools/pt85914/bin/PSAPPSRV'.,"The application label '1SCD2' was predicted primarily due to the presence of process patterns associated with PeopleTools applications, such as 'PSAPPSRV', 'PSQRYSRV', and others. These process names and their associations with high port numbers are indicative of application servers used in PeopleSoft environments. The past data showing the label '1SCD2' and these processes are likely correlated, which strongly suggests this label as the most appropriate.",Label Application Server was predicted due to the presence of process with value '/opt/apps/ptools/pt85914/bin/PSAPPSRV'.,"The role of 'Application Server' is predicted because of the prominent presence of processes related to PeopleSoft applications, specifically 'PSAPPSRV' and 'PSQRYSRV', which typically run on application servers that handle business logic and application processing. These processes are usually part of the application server tier in enterprise architectures, particularly within Oracle PeopleSoft deployments."
wrvwa95a1056,"{'D:\\apps\\mwauto\\Java\\jdk-21.0.9\\bin\\java.exe-port 8412-TCP', 'D:\\LoanIQ\\Server\\sleep.exe-port 61632-UDP', 'D:\\LoanIQ\\Server\\xrsxmlparsermain.exe-port 59105-UDP', 'D:\\LoanIQ\\Server\\xrsxmlparsermain.exe-port 53796-UDP', 'D:\\LoanIQ\\Server\\portdaem.exe-port 62196-UDP', 'D:\\apps\\mwauto\\Java\\jdk-21.0.9\\bin\\java.exe-port 8422-TCP', 'C:\\Program Files\\avs\\bin\\avagent.exe-avbackup-port 28002-TCP', 'C:\\Windows\\System32\\wininit.exe-port 49664-TCP', 'D:\\apps\\mwauto\\Java\\jdk-21.0.9\\bin\\java.exe-port 8411-TCP', 'D:\\LoanIQ\\Server\\batchdq.exe-port 58540-UDP', 'D:\\LoanIQ\\Server\\batchdq.exe-port 50786-TCP', 'D:\\LoanIQ\\Server\\batchdq.exe-port 49884-UDP', 'D:\\LoanIQ\\Server\\procmon.exe-port 50882-TCP', 'D:\\LoanIQ\\Server\\batchdq.exe-port 50665-TCP', 'D:\\LoanIQ\\Server\\batchdq.exe-port 51079-UDP', 'D:\\LoanIQ\\Server\\batchdq.exe-port 50567-TCP', 'C:\\Program Files (x86)\\BigFix Enterprise\\BES Client\\BESClient.exe-BESClient-port 52311-UDP', 'D:\\LoanIQ\\Server\\batchdq.exe-port 54376-UDP', 'D:\\LoanIQ\\Server\\logger.exe-port 2021-UDP', 'C:\\Windows\\System32\\svchost.exe-SSDPSRV-port 49549-UDP', 'D:\\LoanIQ\\Server\\procreg.exe-port 50235-TCP', 'D:\\LoanIQ\\Server\\xrsxmlparsermain.exe-port 6668-TCP', 'D:\\LoanIQ\\Server\\xrsxmlparsermain.exe-port 6667-TCP', 'D:\\LoanIQ\\Server\\procmon.exe-port 60068-UDP', 'D:\\LoanIQ\\Server\\procmon.exe-port 64686-UDP', 'D:\\LoanIQ\\Server\\procmon.exe-port 50484-TCP', 'D:\\apps\\mwauto\\Java\\jdk-21.0.9\\bin\\java.exe-port 8424-TCP', 'C:\\Windows\\System32\\svchost.exe-PolicyAgent-port 65116-TCP', 'C:\\Windows\\System32\\svchost.exe-TermService-port 3389-TCP', 'D:\\LoanIQ\\Server\\procmon.exe-port 63910-UDP', 'D:\\LoanIQ\\Server\\batchdq.exe-port 51088-TCP', 'D:\\LoanIQ\\Server\\batchdq.exe-port 60287-UDP', 'D:\\LoanIQ\\Server\\xrsxmlparsermain.exe-port 6670-TCP', 'D:\\LoanIQ\\Server\\batchdq.exe-port 50491-TCP', 'C:\\Windows\\System32\\svchost.exe-EventLog-port 49665-TCP', 'D:\\LoanIQ\\Server\\xrsxmlparsermain.exe-port 6666-TCP', 'D:\\LoanIQ\\Server\\procmon.exe-port 64372-UDP', 'D:\\LoanIQ\\Server\\logger.exe-port 57094-UDP', 'D:\\LoanIQ\\Server\\batchdq.exe-port 57091-UDP', 'D:\\LoanIQ\\Server\\procreg.exe-port 50524-UDP', 'D:\\apps\\mwauto\\Java\\jdk-21.0.9\\bin\\java.exe-port 8432-TCP', 'D:\\LoanIQ\\Server\\batchdq.exe-port 51738-TCP', 'D:\\LoanIQ\\Server\\xrsxmlparsermain.exe-port 60962-UDP', 'D:\\LoanIQ\\Server\\procmon.exe-port 50762-TCP', 'D:\\LoanIQ\\Server\\batchdq.exe-port 60313-UDP', 'D:\\apps\\mwauto\\Java\\jdk-21.0.9\\bin\\java.exe-port 8433-TCP', 'D:\\LoanIQ\\Server\\alertmon.exe-port 61470-UDP', 'D:\\LoanIQ\\Server\\logger.exe-port 50206-TCP', 'D:\\apps\\mwauto\\Java\\jdk-21.0.9\\bin\\java.exe-port 8421-TCP', 'C:\\Windows\\System32\\svchost.exe-SSDPSRV-port 1900-UDP', 'D:\\LoanIQ\\Server\\regmon.exe-port 50229-TCP', 'D:\\LoanIQ\\Server\\procmon.exe-port 50607-TCP', 'D:\\LoanIQ\\Server\\servmon.exe-port 50373-TCP', 'D:\\LoanIQ\\Server\\procmon.exe-port 50849-TCP', 'C:\\ProgramData\\Qualys\\SandboxRO\\agentid-service.exe-port 9293-TCP', 'D:\\LoanIQ\\Server\\batchdq.exe-port 50895-TCP', 'D:\\LoanIQ\\Server\\procmon.exe-port 52593-UDP', 'D:\\LoanIQ\\Server\\batchdq.exe-port 51195-TCP', 'D:\\LoanIQ\\Server\\procmon.exe-port 50427-TCP', 'D:\\LoanIQ\\Server\\logrmon.exe-port 53205-UDP', 'D:\\LoanIQ\\Server\\batchdq.exe-port 57789-UDP', 'D:\\LoanIQ\\Server\\batchdq.exe-port 54448-UDP', 'D:\\apps\\mwauto\\Java\\jdk-21.0.9\\bin\\java.exe-port 8443-TCP', 'D:\\LoanIQ\\Server\\servmon.exe-port 50374-TCP', 'D:\\LoanIQ\\Server\\startliq.exe-port 50120-TCP', 'D:\\LoanIQ\\Server\\logrmon.exe-port 50199-TCP', 'D:\\LoanIQ\\Server\\procmon.exe-port 50970-TCP', 'C:\\Windows\\System32\\svchost.exe-w32time-port 123-UDP', 'C:\\Windows\\System32\\svchost.exe-RpcSs-port 135-TCP', 'D:\\LoanIQ\\Server\\batchdq.exe-port 50952-TCP', 'D:\\LoanIQ\\Server\\regmon.exe-port 50522-UDP', 'D:\\LoanIQ\\Server\\batchdq.exe-port 50435-TCP', 'D:\\LoanIQ\\Server\\procmon.exe-port 60127-UDP', 'D:\\LoanIQ\\Server\\procmon.exe-port 50007-UDP', 'D:\\LoanIQ\\Server\\xrsxmlparsermain.exe-port 62191-UDP', 'C:\\Windows\\System32\\services.exe-port 65128-TCP', 'C:\\Windows\\System32\\lsass.exe-port 65139-TCP', 'D:\\LoanIQ\\Server\\procmon.exe-port 51029-TCP', 'D:\\LoanIQ\\Server\\procmon.exe-port 50461-TCP', 'D:\\qosmon\\NetprobeNT-PRD-22011\\NetprobeNT-PRD-22011.exe-NetprobeNT-PRD-22011-port 22011-TCP', 'C:\\Windows\\System32\\svchost.exe-TermService-port 3389-UDP', 'D:\\apps\\mwauto\\Java\\jdk-21.0.9\\bin\\java.exe-port 8434-TCP', 'System-WinRm-port 5985-TCP', 'D:\\LoanIQ\\Server\\portdaem.exe-port 2020-UDP', 'D:\\LoanIQ\\Server\\batchdq.exe-port 52694-UDP', 'D:\\LoanIQ\\Server\\procmon.exe-port 50928-TCP', 'D:\\LoanIQ\\Server\\procmon.exe-port 50523-TCP', 'D:\\LoanIQ\\Server\\portdmon.exe-port 54655-UDP', 'D:\\LoanIQ\\Server\\ls2alert.exe-port 50263-TCP', 'D:\\LoanIQ\\Server\\batchdq.exe-port 51672-TCP', 'D:\\LoanIQ\\Server\\portdaem.exe-port 50175-TCP', 'D:\\apps\\mwauto\\Java\\jdk-21.0.9\\bin\\java.exe-port 8423-TCP', 'D:\\LoanIQ\\Server\\xrsxmlparsermain.exe-port 52662-UDP', 'D:\\LoanIQ\\Server\\logger.exe-port 50207-TCP', 'D:\\LoanIQ\\Server\\batchdq.exe-port 63564-UDP', 'D:\\LoanIQ\\Server\\batchdq.exe-port 51337-TCP', 'D:\\LoanIQ\\Server\\procmon.exe-port 61338-UDP', 'C:\\Program Files\\Symantec\\Symantec Endpoint Protection\\14.3.11216.9000.105\\Bin64\\ccSvcHst.exe-SepMasterService-port 2969-UDP', 'System-WinRm-port 47001-TCP', 'System-port 2969-TCP', 'D:\\LoanIQ\\Server\\batchdq.exe-port 60525-UDP', 'D:\\LoanIQ\\Server\\xrsxmlparsermain.exe-port 6672-TCP', 'D:\\LoanIQ\\Server\\batchdq.exe-port 50381-TCP', 'D:\\LoanIQ\\Server\\startliq.exe-port 54656-UDP', 'D:\\LoanIQ\\Server\\xrsxmlparsermain.exe-port 56703-UDP', 'D:\\LoanIQ\\Server\\procmon.exe-port 57798-UDP', 'C:\\Windows\\System32\\svchost.exe-port 5050-UDP', 'C:\\Windows\\System32\\svchost.exe-Schedule-port 50912-TCP', 'C:\\Program Files (x86)\\Tanium\\Tanium Client\\TaniumClient.exe-port 17472-TCP', 'D:\\LoanIQ\\Server\\procmon.exe-port 62138-UDP', 'D:\\apps\\mwauto\\Java\\jdk-21.0.9\\bin\\java.exe-port 8414-TCP', 'D:\\LoanIQ\\Server\\xrsxmlparsermain.exe-port 6671-TCP', 'D:\\apps\\mwauto\\Java\\jdk-21.0.9\\bin\\java.exe-port 8431-TCP', 'D:\\LoanIQ\\Server\\batchdq.exe-port 56420-UDP', 'D:\\LoanIQ\\Server\\batchdq.exe-port 51439-TCP', 'D:\\LoanIQ\\Server\\batchdq.exe-port 51559-TCP', 'D:\\LoanIQ\\Server\\servmon.exe-port 55258-UDP', 'D:\\LoanIQ\\Server\\portdmon.exe-port 50167-TCP', 'D:\\LoanIQ\\Server\\xrsxmlparsermain.exe-port 60533-UDP', 'D:\\LoanIQ\\Server\\procmon.exe-port 60013-UDP', 'D:\\LoanIQ\\Server\\procmon.exe-port 50682-TCP', 'D:\\LoanIQ\\Server\\ls2alert.exe-port 63107-UDP', 'D:\\LoanIQ\\Server\\xrsxmlparsermain.exe-port 6669-TCP', 'D:\\LoanIQ\\Server\\batchdq.exe-port 61950-UDP', 'D:\\LoanIQ\\Server\\xrsxmlparsermain.exe-port 6673-TCP', 'D:\\LoanIQ\\Server\\xrsxmlparsermain.exe-port 52696-UDP', 'C:\\Windows\\System32\\lsass.exe-Netlogon-port 50705-TCP', 'System-SMB-port 445-TCP', 'D:\\LoanIQ\\Server\\alertmon.exe-port 50257-TCP', 'D:\\LoanIQ\\Server\\portdaem.exe-port 2020-TCP', 'D:\\apps\\mwauto\\Java\\jdk-21.0.9\\bin\\java.exe-port 8413-TCP', 'D:\\LoanIQ\\Server\\procmon.exe-port 50448-UDP', 'D:\\LoanIQ\\Server\\procmon.exe-port 50638-UDP', 'D:\\LoanIQ\\Server\\batchdq.exe-port 54424-UDP', 'D:\\LoanIQ\\Server\\procmon.exe-port 50407-TCP'}",Production,NaN,L7LIQ,Application Server,Label L7LIQ was predicted due to the presence of process name with value 'LoanIQ'.,"The application label 'L7LIQ' was predicted based on the repeated occurrence of processes that are associated with 'LoanIQ', such as 'xrsxmlparsermain.exe', 'portdaem.exe', 'batchdq.exe', 'startliq.exe', which all reference LoanIQ. It strongly indicates the resource is part of the LoanIQ infrastructure, commonly used in financial applications.",Label Application Server was predicted due to the presence of multiple Java processes and LoanIQ-related processes indicating application hosting.,"The role 'Application Server' was identified because the machine is running multiple instances of Java processes ('java.exe' across different ports) along with LoanIQ processes. Such an environment typically indicates the server functions as an application server, handling application processes and operations. The diversity of processes and specific tools in use are consistent with application hosting roles."
WRVWA78A1077,"{'C:\\Windows\\System32\\lsass.exe-port 55277-TCP', 'D:\\Program Files (x86)\\Sterling Commerce\\Connect Direct v6.3.0\\Server\\CDNT.exe-Connect Direct v6.3.0-port 1364-TCP', 'C:\\Windows\\System32\\svchost.exe-port 5050-UDP', 'C:\\Program Files (x86)\\Tanium\\Tanium Client\\TaniumClient.exe-port 17472-TCP', 'D:\\qosmon\\NetprobeNT-PRD-22011\\NetprobeNT-PRD-22011.exe-NetprobeNT-PRD-22011-port 22011-TCP', 'C:\\Windows\\System32\\svchost.exe-TermService-port 3389-UDP', 'System-WinRm-port 5985-TCP', 'D:\\Program Files (x86)\\Sterling Commerce\\Connect Direct v6.3.0\\ibm_jre\\jre\\bin\\javaw.exe-port 1368-TCP', 'C:\\Windows\\System32\\services.exe-port 55270-TCP', 'C:\\Program Files\\avs\\bin\\avagent.exe-avbackup-port 28002-TCP', 'C:\\Windows\\System32\\wininit.exe-port 49664-TCP', 'C:\\Windows\\System32\\svchost.exe-SSDPSRV-port 1900-UDP', 'C:\\Windows\\System32\\svchost.exe-PolicyAgent-port 55275-TCP', 'C:\\ProgramData\\Qualys\\SandboxRO\\agentid-service.exe-port 9293-TCP', 'C:\\Program Files (x86)\\BigFix Enterprise\\BES Client\\BESClient.exe-BESClient-port 52311-UDP', 'System-SMB-port 445-TCP', 'C:\\Windows\\System32\\svchost.exe-SSDPSRV-port 49712-UDP', 'C:\\Windows\\System32\\svchost.exe-Schedule-port 61743-TCP', 'C:\\Windows\\System32\\svchost.exe-TermService-port 3389-TCP', 'C:\\Program Files\\Symantec\\Symantec Endpoint Protection\\14.3.11216.9000.105\\Bin64\\ccSvcHst.exe-SepMasterService-port 2969-UDP', 'System-WinRm-port 47001-TCP', 'D:\\Program Files (x86)\\Sterling Commerce\\Connect Direct v6.3.0\\ibm_jre\\jre\\bin\\java.exe-port 1365-TCP', 'C:\\Windows\\System32\\svchost.exe-w32time-port 123-UDP', 'D:\\Program Files (x86)\\Sterling Commerce\\Connect Direct v6.3.0\\Server\\CDNT.exe-Connect Direct v6.3.0-port 1363-TCP', 'C:\\Windows\\System32\\svchost.exe-RpcSs-port 135-TCP', 'System-port 2969-TCP', 'C:\\Windows\\System32\\lsass.exe-Netlogon-port 52492-TCP', 'C:\\Windows\\System32\\svchost.exe-EventLog-port 49665-TCP'}",Production,NaN,1SCD2,File Transfer Server,Label 1SCD2 was predicted due to the presence of processes with value 'D:\Program Files (x86)\Sterling Commerce\Connect Direct v6.3.0\Server\CDNT.exe'.,"The application label '1SCD2' was predicted based on the presence of the 'Connect Direct v6.3.0' processes running on the server, which is indicative of file transfer and integration scenarios typically associated with such applications. This aligns with prior patterns in similar setups where '1SCD2' has been used.",Label File Transfer Server was predicted due to the presence of processes with value 'D:\Program Files (x86)\Sterling Commerce\Connect Direct v6.3.0\Server\CDNT.exe'.,"The role 'File Transfer Server' was predicted due to the presence of the 'Connect Direct v6.3.0' service known for orchestrating file transfers, indicating this server's primary function is related to managing file sessions and transfers, which is in line with the observed process names."
opicp-w-app-r10,"{'D:\\AutoSys 11.3\\SystemAgent\\autosys_dev\\cybAgent.exe-CA Workload Automation Agent (autosys_dev)-port 9490-TCP', 'C:\\Windows\\System32\\mqsvc.exe-MSMQ-port 2103-TCP', 'D:\\Program Files\\Finastra\\Opics Plus Server V4.0\\Opics Plus ServicesV4.0\\OpicsPlusLoggingDistribution\\Bin\\Misys.OpicsPlus.Framework.Common.ApplicationLogging.LoggingDistributionService.exe-OpicsPlusLoggingDistribution4.0-port 47127-TCP', 'D:\\Program Files\\Finastra\\Opics Plus Server V4.0\\Opics Plus ServicesV4.0\\OpicsPlusPubSubHeartbeat\\bin\\Misys.OpicsPlus.Framework.Messaging.PubSub.HeartbeatServiceEngine.exe-OpicsPlusPubSubHeartbeat4.0-port 8007-TCP', 'C:\\Program Files (x86)\\Tanium\\Tanium Client\\TaniumClient.exe-port 17472-TCP', 'C:\\Program Files (x86)\\CA\\SC\\Csam\\SockAdapter\\bin64\\CSAMPmux64.exe-CA-SAM-Pmux-port 7163-TCP', 'D:\\qosmon\\NetprobeNT-PRD-22011\\NetprobeNT-PRD-22011.exe-NetprobeNT-PRD-22011-port 22011-TCP', 'C:\\Windows\\System32\\svchost.exe-TermService-port 3389-UDP', 'C:\\Windows\\System32\\svchost.exe-Schedule-port 49666-TCP', 'C:\\Windows\\System32\\inetsrv\\inetinfo.exe-IISADMIN-port 57559-TCP', 'C:\\Windows\\System32\\mqsvc.exe-MSMQ-port 2105-TCP', 'System-WinRm-port 5985-TCP', 'D:\\Program Files\\Finastra\\Opics Plus Server V4.0\\Opics Plus ServicesV4.0\\OpicsPlusPubSub\\bin\\Misys.OpicsPlus.Framework.Messaging.PubSub.EventManagementEngine.exe-OpicsPlusPubSub4.0-port 8005-TCP', 'C:\\Windows\\System32\\lsass.exe-port 59325-TCP', 'C:\\Windows\\System32\\mqsvc.exe-MSMQ-port 60712-TCP', 'C:\\Program Files\\avs\\bin\\avagent.exe-avbackup-port 28002-TCP', 'C:\\Windows\\System32\\wininit.exe-port 49664-TCP', 'D:\\AutoSys 11.3\\SystemAgent\\autosys_prod\\cybAgent.exe-CA Workload Automation Agent (autosys_prod)-port 9495-TCP', 'D:\\Program Files\\Finastra\\Opics Plus Server V4.0\\Opics Plus ServicesV4.0\\OpicsPlusPubSubHeartbeat\\bin\\Misys.OpicsPlus.Framework.Messaging.PubSub.HeartbeatServiceEngine.exe-OpicsPlusPubSubHeartbeat4.0-port 8009-TCP', 'D:\\qosmon\\NetprobeNT-PRD-22014\\NetprobeNT-PRD-22014.exe-NetprobeNT-PRD-22014-port 22014-TCP', 'C:\\ProgramData\\Qualys\\SandboxRO\\agentid-service.exe-port 9293-TCP', 'C:\\Windows\\System32\\svchost.exe-Winmgmt-port 57642-TCP', 'C:\\Windows\\System32\\lsass.exe-Netlogon-port 61867-TCP', 'D:\\Program Files\\Finastra\\Opics Plus Server V4.0\\Opics Plus ServicesV4.0\\OpicsPlusLoggingDistribution\\Bin\\Misys.OpicsPlus.Framework.Common.ApplicationLogging.LoggingDistributionService.exe-OpicsPlusLoggingDistribution4.0-port 8008-TCP', 'C:\\Program Files (x86)\\BigFix Enterprise\\BES Client\\BESClient.exe-BESClient-port 52311-UDP', 'System-port 443-TCP', 'D:\\Program Files\\Finastra\\Opics Plus Server V4.0\\Opics Plus ServicesV4.0\\OpicsPlusPubSub\\bin\\Misys.OpicsPlus.Framework.Messaging.PubSub.EventManagementEngine.exe-OpicsPlusPubSub4.0-port 47124-TCP', 'C:\\Windows\\System32\\svchost.exe-SessionEnv-port 49667-TCP', 'System-SMB-port 445-TCP', 'C:\\Windows\\System32\\svchost.exe-TermService-port 3389-TCP', 'C:\\Program Files\\Symantec\\Symantec Endpoint Protection\\14.3.11216.9000.105\\Bin64\\ccSvcHst.exe-SepMasterService-port 2969-UDP', 'System-port 80-TCP', 'System-WinRm-port 47001-TCP', 'C:\\Windows\\System32\\svchost.exe-w32time-port 123-UDP', 'C:\\Windows\\System32\\svchost.exe-RpcSs-port 135-TCP', 'System-port 2969-TCP', 'C:\\Windows\\System32\\mqsvc.exe-MSMQ-port 2107-TCP', 'C:\\Windows\\System32\\mqsvc.exe-MSMQ-port 1801-TCP', 'C:\\Windows\\System32\\svchost.exe-EventLog-port 49665-TCP', 'C:\\Windows\\System32\\services.exe-port 60718-TCP'}",Production,NaN,OPICP,Application Server,Label OPICP was predicted due to the presence of hostname with value 'opicp-w-app-r10'.,"The application label OPICP was predicted based on the hostname 'opicp-w-app-r10' which directly indicates the application. The prefix 'opicp' in the hostname matches the application label 'OPICP' seen in the past, providing a clear indication that this compute machine is involved in activities related to the OPICP application.",Label Application Server was predicted due to the presence of process with value 'Misys.OpicsPlus.Framework.Messaging.PubSub.HeartbeatServiceEngine.exe'.,"The role of 'Application Server' was predicted based on the presence of processes related to the Opics Plus platform, such as 'Misys.OpicsPlus.Framework.Messaging.PubSub.HeartbeatServiceEngine.exe', which typically indicate application server functionalities involving business logic execution and message processing in the Opics Plus environment."
WRVWA87A1077,"{'C:\\Windows\\System32\\svchost.exe-port 5050-UDP', 'C:\\Windows\\System32\\services.exe-port 49714-TCP', 'C:\\Program Files (x86)\\Tanium\\Tanium Client\\TaniumClient.exe-port 17472-TCP', 'D:\\qosmon\\NetprobeNT-PRD-22011\\NetprobeNT-PRD-22011.exe-NetprobeNT-PRD-22011-port 22011-TCP', 'C:\\Windows\\System32\\svchost.exe-TermService-port 3389-UDP', 'System-WinRm-port 5985-TCP', 'C:\\Program Files\\avs\\bin\\avagent.exe-avbackup-port 28002-TCP', 'C:\\Windows\\System32\\wininit.exe-port 49664-TCP', 'C:\\Windows\\System32\\svchost.exe-SSDPSRV-port 1900-UDP', 'C:\\Windows\\System32\\svchost.exe-SSDPSRV-port 61749-UDP', 'C:\\Windows\\System32\\svchost.exe-PolicyAgent-port 49718-TCP', 'C:\\ProgramData\\Qualys\\SandboxRO\\agentid-service.exe-port 9293-TCP', 'C:\\Windows\\System32\\svchost.exe-Schedule-port 62398-TCP', 'C:\\Program Files (x86)\\BigFix Enterprise\\BES Client\\BESClient.exe-BESClient-port 52311-UDP', 'C:\\Windows\\System32\\lsass.exe-port 49728-TCP', 'C:\\Windows\\System32\\lsass.exe-Netlogon-port 55705-TCP', 'System-SMB-port 445-TCP', 'C:\\Windows\\System32\\svchost.exe-TermService-port 3389-TCP', 'C:\\Program Files\\Symantec\\Symantec Endpoint Protection\\14.3.11216.9000.105\\Bin64\\ccSvcHst.exe-SepMasterService-port 2969-UDP', 'System-WinRm-port 47001-TCP', 'C:\\Windows\\System32\\svchost.exe-w32time-port 123-UDP', 'C:\\Windows\\System32\\svchost.exe-RpcSs-port 135-TCP', 'System-port 2969-TCP', 'C:\\Windows\\System32\\svchost.exe-EventLog-port 49665-TCP'}",Production,NaN,L7LIQ,Web Server,Label L7LIQ was predicted due to the presence of hostname with value WRVWA87A1077.,"The hostname 'WRVWA87A1077' was used to predict the app label 'L7LIQ' because it seems to follow a similar naming pattern to other hostnames corresponding to the L7LIQ application (not explicitly provided but inferred from lack of specific process associations). Without explicit process names matching past patterns, the hostname offers the best clue as it is not directly linked to known process-app label correlations encountered in other examples. The match is not highly confident but is the best assumption based on the available data.",Label Web Server was predicted due to the presence of svchost.exe processes.,"The role 'Web Server' was predicted because of the presence of 'svchost.exe' processes, which are typically linked with serving functionalities and common in hosting environments. Although not overly definitive without a specific known service name in the processes, this is the most fitting assumption given the nature of services like 'TaniumClient' and 'System-WinRm', which suggest administrative control and remote operations, often associated with server roles instead of end-user machines."
cspra00a0332,"{'/apps/mwauto/java/jdk1.8.0_471/jre/bin/java-port 8009-TCP', '/apps/mwauto/java/jdk1.8.0_471/jre/bin/java-port 1110-TCP', '/opt/CA/r12/SystemAgent/autosys_prod/cybAgent.bin-port 9495-TCP', '/apps/mwauto/java/jdk1.8.0_471/jre/bin/java-port 35945-TCP', '/opt/boksm/lib/boks_bridge-port 6703-TCP', '/usr/sbin/rpcbind-port 111-UDP', '/opt/Tanium/TaniumClient/TaniumClient-port 17472-TCP', '/usr/sbin/rpcbind-port 849-UDP', '/usr/sbin/rpcbind-port 111-TCP', '/usr/sbin/in.vxrsyncd-port 8989-TCP', '/usr/sbin/rpc.statd-port 46519-UDP', '/usr/openv/netbackup/bin/bpcd-port 13782-TCP', '/usr/sbin/snmpd-port 161-UDP', '/usr/sbin/vradmind-port 8199-TCP', '/usr/local/avamar/bin/avagent.bin-port 28002-TCP', '/opt/boksm/lib/boks_sshd-port 22-TCP', '/usr/sbin/rpc.statd-port 56255-TCP', '/apps/mwauto/java/jdk1.8.0_471/jre/bin/java-port 33562-TCP', '/usr/openv/netbackup/bin/vnetd-port 13724-TCP', '/opt/VRTSvcs/bin/had-port 14141-TCP', '/opt/CA/r12/SystemAgent/autosys_dev/cybAgent.bin-port 9490-TCP', '/opt/VRTSpbx/bin/pbx_exchange-port 1556-TCP', '/apps/mwauto/java/jdk1.8.0_471/jre/bin/java-port 8109-TCP', '/usr/local/qualys/cloud-agent/bin/agentid-service-port 9293-TCP', '/apps/mwauto/java/jdk1.8.0_471/jre/bin/java-port 45021-TCP'}",Production,NaN,1SCD2,Web Server,Label 1SCD2 was predicted due to the presence of process with value '/opt/CA/r12/SystemAgent/autosys_prod/cybAgent.bin-port 9495-TCP'.,"The presence of '/opt/CA/r12/SystemAgent/autosys_prod/cybAgent.bin' suggests that this might be related to the application label '1SCD2' because it appears to align with the pattern seen in the inventory where '1SCD2' is associated with CA Workload Automation processes. Moreover, this kind of software is generally run in environments where 1SCD2 might be a familiar or expected label.",Label Web Server was predicted due to the presence of process with value '/apps/mwauto/java/jdk1.8.0_471/jre/bin/java-port 8009-TCP'.,"Given the numerous Java processes running on well-known web development ports like 8009 and 8109, it's reasonable to deduce that this resource is performing a role consistent with a web server. Java applications running on these ports often suggest web server duties owing to common configurations seen in enterprise environments, supporting a variety of such applications via Java servlets or similar means."
crpra00a0335,"{'/usr/sbin/rpc.statd-port 56131-UDP', '/opt/boksm/lib/boks_bridge-port 6503-TCP', '/usr/sbin/rpc.statd-port 49122-TCP', '/usr/openv/netbackup/bin/vnetd-port 13724-TCP', '/opt/VRTSpbx/bin/pbx_exchange-port 1556-TCP', '/opt/CA/r12/SystemAgent/autosys_prod/cybAgent.bin-port 9495-TCP', '/usr/sbin/rpcbind-port 111-TCP', '/usr/sbin/rpcbind-port 947-UDP', '/opt/CA/r12/SystemAgent/autosys_dev/cybAgent.bin-port 9490-TCP', '/usr/openv/netbackup/bin/bpcd-port 13782-TCP', '/usr/sbin/snmpd-port 161-UDP', '/usr/sbin/rpcbind-port 111-UDP', '/opt/Tanium/TaniumClient/TaniumClient-port 17472-TCP', '/usr/local/avamar/bin/avagent.bin-port 28002-TCP', '/opt/boksm/lib/boks_sshd-port 22-TCP'}",Production,NaN,1SCD2,Backup Server,Label 1SCD2 was predicted due to the presence of process with value '/opt/CA/r12/SystemAgent/autosys_prod/cybAgent.bin'.,"The process '/opt/CA/r12/SystemAgent/autosys_prod/cybAgent.bin' indicates an Autosys System Agent, which correlates with workloads involving schedule-based job automation. This particular agent matches with the application label '1SCD2', which has been seen in correlation with such workloads in this network previously, hence the application is predicted as '1SCD2'.",Label Backup Server was predicted due to the presence of process with value '/usr/openv/netbackup/bin/vnetd'.,"The presence of processes such as '/usr/openv/netbackup/bin/vnetd' and '/usr/openv/netbackup/bin/bpcd' suggests that this server is involved in backup and restore operations, likely facilitated by Veritas NetBackup software. Therefore, it is predicted to take on the role of a Backup Server. This is deduced based on these processes commonly being used in environments where backup servers are prominent."
anvww00a0430,"{'D:\\AutoSys 11.3\\SystemAgent\\autosys_dev\\cybAgent.exe-CA Workload Automation Agent (autosys_dev)-port 9490-TCP', 'C:\\Windows\\System32\\svchost.exe-port 5050-UDP', 'C:\\Windows\\System32\\svchost.exe-PolicyAgent-port 49702-TCP', 'C:\\Program Files (x86)\\Tanium\\Tanium Client\\TaniumClient.exe-port 17472-TCP', 'C:\\Program Files (x86)\\CA\\SC\\Csam\\SockAdapter\\bin64\\CSAMPmux64.exe-CA-SAM-Pmux-port 7163-TCP', 'C:\\Program Files\\dotnet\\dotnet.exe-port 48802-TCP', 'C:\\Windows\\System32\\svchost.exe-TermService-port 3389-UDP', 'C:\\Windows\\System32\\lsass.exe-Netlogon-port 49670-TCP', 'System-WinRm-port 5985-TCP', 'C:\\Program Files\\avs\\bin\\avagent.exe-avbackup-port 28002-TCP', 'C:\\Windows\\System32\\wininit.exe-port 49664-TCP', 'C:\\Windows\\System32\\inetsrv\\inetinfo.exe-IISADMIN-port 60215-TCP', 'C:\\Windows\\System32\\svchost.exe-SSDPSRV-port 1900-UDP', 'D:\\AutoSys 11.3\\SystemAgent\\autosys_prod\\cybAgent.exe-CA Workload Automation Agent (autosys_prod)-port 9495-TCP', 'C:\\ProgramData\\Qualys\\SandboxRO\\agentid-service.exe-port 9293-TCP', 'C:\\Windows\\System32\\svchost.exe-Schedule-port 49668-TCP', 'C:\\Program Files (x86)\\BigFix Enterprise\\BES Client\\BESClient.exe-BESClient-port 52311-UDP', 'System-SMB-port 445-TCP', 'C:\\Windows\\System32\\lsass.exe-port 49706-TCP', 'C:\\Windows\\System32\\svchost.exe-TermService-port 3389-TCP', 'C:\\Program Files\\Symantec\\Symantec Endpoint Protection\\14.3.11216.9000.105\\Bin64\\ccSvcHst.exe-SepMasterService-port 2969-UDP', 'System-port 80-TCP', 'System-WinRm-port 47001-TCP', 'C:\\Windows\\System32\\services.exe-port 49705-TCP', 'C:\\Windows\\System32\\svchost.exe-w32time-port 123-UDP', 'C:\\Windows\\System32\\svchost.exe-RpcSs-port 135-TCP', 'System-port 2969-TCP', 'C:\\Windows\\System32\\svchost.exe-SSDPSRV-port 62696-UDP', 'C:\\Windows\\System32\\svchost.exe-EventLog-port 49665-TCP'}",Production,NaN,1SCD2,Web Server,Label 1SCD2 was predicted due to the presence of process name with value 'D:\\AutoSys 11.3\\SystemAgent\\autosys_dev\\cybAgent.exe'.,"The process 'D:\\AutoSys 11.3\\SystemAgent\\autosys_dev\\cybAgent.exe' is related to CA Workload Automation, which aligns with the application label '1SCD2' that has been seen on this network. This association provides a strong signal, thus making '1SCD2' a confident prediction for the application label.",Label Web Server was predicted due to the presence of process name with value 'C:\\Windows\\System32\\inetsrv\\inetinfo.exe'.,"The presence of the process 'C:\\Windows\\System32\\inetsrv\\inetinfo.exe-IISADMIN-port 60215-TCP' indicates it is likely running IIS, a web server application. While there were no specific predefined role labels, the presence of IIS is a strong indicator of a web server. Thus, 'Web Server' is predicted as the role of this machine."
asvww00a0423,"{'D:\\AutoSys 11.3\\SystemAgent\\autosys_dev\\cybAgent.exe-CA Workload Automation Agent (autosys_dev)-port 9490-TCP', 'C:\\Windows\\System32\\svchost.exe-port 5050-UDP', 'D:\\apps\\Tridion\\bin\\TcmSearchIndexer.exe-TcmSearchIndexer-port 1152-UDP', 'C:\\Program Files (x86)\\Tanium\\Tanium Client\\TaniumClient.exe-port 17472-TCP', 'C:\\Program Files (x86)\\CA\\SC\\Csam\\SockAdapter\\bin64\\CSAMPmux64.exe-CA-SAM-Pmux-port 7163-TCP', 'C:\\Windows\\System32\\svchost.exe-TermService-port 3389-UDP', 'C:\\Windows\\System32\\lsass.exe-Netlogon-port 49670-TCP', 'System-WinRm-port 5985-TCP', 'System-port 48800-TCP', 'C:\\Program Files\\avs\\bin\\avagent.exe-avbackup-port 28002-TCP', 'C:\\Windows\\System32\\wininit.exe-port 49664-TCP', 'C:\\Windows\\System32\\lsass.exe-port 49704-TCP', 'C:\\Windows\\System32\\svchost.exe-SSDPSRV-port 1900-UDP', 'D:\\AutoSys 11.3\\SystemAgent\\autosys_prod\\cybAgent.exe-CA Workload Automation Agent (autosys_prod)-port 9495-TCP', 'C:\\Windows\\System32\\svchost.exe-PolicyAgent-port 49699-TCP', 'C:\\Windows\\System32\\msdtc.exe-MSDTC-port 49702-TCP', 'D:\\apps\\Tridion\\bin\\TcmWorkflowAgent.exe-TCMWorkflow-port 1153-UDP', 'C:\\ProgramData\\Qualys\\SandboxRO\\agentid-service.exe-port 9293-TCP', 'C:\\Windows\\System32\\svchost.exe-Schedule-port 49668-TCP', 'C:\\Windows\\System32\\services.exe-port 49724-TCP', 'C:\\Program Files (x86)\\BigFix Enterprise\\BES Client\\BESClient.exe-BESClient-port 52311-UDP', 'System-port 443-TCP', 'D:\\apps\\Tridion\\bin\\TcmBatchProcessor.exe-TcmBatchProcessor-port 1154-UDP', 'System-SMB-port 445-TCP', 'System-port 81-TCP', 'D:\\apps\\oracle\\product\\19.4.0\\client64_custom\\bin\\omtsreco.exe-OracleOraClient19Home1MTSRecoveryService-port 2030-TCP', 'C:\\Windows\\System32\\svchost.exe-TermService-port 3389-TCP', 'C:\\Program Files\\Symantec\\Symantec Endpoint Protection\\14.3.11216.9000.105\\Bin64\\ccSvcHst.exe-SepMasterService-port 2969-UDP', 'System-port 80-TCP', 'System-WinRm-port 47001-TCP', 'C:\\Windows\\System32\\svchost.exe-w32time-port 123-UDP', 'C:\\Windows\\System32\\svchost.exe-RpcSs-port 135-TCP', 'System-port 2969-TCP', 'C:\\Windows\\System32\\svchost.exe-SSDPSRV-port 59855-UDP', 'D:\\apps\\Tridion\\bin\\cd_monitor.exe-TCDmonitor-port 20131-UDP', 'D:\\apps\\Tridion\\bin\\TcmServiceHost.exe-TcmServiceHost-port 2660-TCP', 'C:\\Windows\\System32\\svchost.exe-EventLog-port 49665-TCP'}",Production,NaN,1SCD2,Web Server,Label 1SCD2 was predicted due to the presence of hostname with value asvww00a0423.,"The prediction for the application label as '1SCD2' is mainly derived from analyzing the hostname 'asvww00a0423'. This pattern aligns with existing application labels seen in this network, where a structured naming convention often corresponds to specific applications. Although there's no distinct mention of a pattern like '1SCD2' directly linked to the processes, the recurrence of numerical elements in the hostname pattern matches previously identified labels such as '1SCD2'.",Label Web Server was predicted due to the presence of TcmServiceHost.exe with value 'port 2660-TCP'.,"The prediction that the role label could be 'Web Server' is based on the presence of 'TcmServiceHost.exe' operating on port 2660-TCP. In web content management environments like Tridion, components such as service hosts and indexing agents commonly run on servers fulfilling a web server role. As no clear role labels are predefined for this network, this deduction is based on typical roles associated with the active software elements visible here."
arvww00a0433,"{'C:\\Windows\\System32\\lsass.exe-Netlogon-port 49673-TCP', 'D:\\apps\\Tridion\\Services\\1CTM_49502_DIS_STG\\bin\\procrun.exe-TridionDiscoveryService1CTMStaging-port 49502-TCP', 'D:\\AutoSys 11.3\\SystemAgent\\autosys_dev\\cybAgent.exe-CA Workload Automation Agent (autosys_dev)-port 9490-TCP', 'C:\\Windows\\System32\\svchost.exe-port 5050-UDP', 'D:\\apps\\Tridion\\Services\\1CTM_49500_DIS_ACT\\bin\\procrun.exe-TridionDiscoveryService1CTMActive-port 49500-TCP', 'C:\\Windows\\System32\\svchost.exe-SSDPSRV-port 59944-UDP', 'C:\\Program Files (x86)\\Tanium\\Tanium Client\\TaniumClient.exe-port 17472-TCP', 'C:\\Program Files (x86)\\CA\\SC\\Csam\\SockAdapter\\bin64\\CSAMPmux64.exe-CA-SAM-Pmux-port 7163-TCP', 'System-port 48700-TCP', 'C:\\Windows\\System32\\svchost.exe-TermService-port 3389-UDP', 'System-WinRm-port 5985-TCP', 'C:\\Windows\\System32\\services.exe-port 51586-TCP', 'System-port 48701-TCP', 'C:\\Program Files\\avs\\bin\\avagent.exe-avbackup-port 28002-TCP', 'D:\\apps\\Tridion\\Services\\1CTM_49602_CON_STG\\bin\\procrun.exe-TridionSessionContentService1CTMStaging-port 49602-TCP', 'D:\\apps\\oracle\\product\\19.4.0\\client64_custom\\bin\\tnslsnr.exe-OracleOraClient19Home1TNSListener-port 1521-TCP', 'C:\\Windows\\System32\\wininit.exe-port 49664-TCP', 'D:\\apps\\Tridion\\Services\\1CTM_49702_CTX_STG\\bin\\procrun.exe-TridionContextService1CTMStaging-port 49702-TCP', 'C:\\Windows\\System32\\svchost.exe-SSDPSRV-port 1900-UDP', 'D:\\AutoSys 11.3\\SystemAgent\\autosys_prod\\cybAgent.exe-CA Workload Automation Agent (autosys_prod)-port 9495-TCP', 'C:\\ProgramData\\Qualys\\SandboxRO\\agentid-service.exe-port 9293-TCP', 'C:\\Windows\\System32\\svchost.exe-Schedule-port 49669-TCP', 'C:\\Program Files (x86)\\BigFix Enterprise\\BES Client\\BESClient.exe-BESClient-port 52311-UDP', 'System-SMB-port 445-TCP', 'D:\\apps\\Tridion\\Services\\1CTM_49600_CON_ACT\\bin\\procrun.exe-TridionContentService1CTMActive-port 49600-TCP', 'D:\\apps\\oracle\\product\\19.4.0\\client64_custom\\bin\\omtsreco.exe-OracleOraClient19Home1MTSRecoveryService-port 2030-TCP', 'C:\\Windows\\System32\\svchost.exe-TermService-port 3389-TCP', 'C:\\Program Files\\Symantec\\Symantec Endpoint Protection\\14.3.11216.9000.105\\Bin64\\ccSvcHst.exe-SepMasterService-port 2969-UDP', 'System-WinRm-port 47001-TCP', 'C:\\Windows\\System32\\svchost.exe-w32time-port 123-UDP', 'C:\\Windows\\System32\\inetsrv\\inetinfo.exe-IISADMIN-port 49205-TCP', 'System-port 2969-TCP', 'C:\\Windows\\System32\\svchost.exe-RpcSs-port 135-TCP', 'D:\\apps\\Tridion\\Services\\1CTM_49700_CTX_ACT\\bin\\procrun.exe-TridionContextService1CTMActive-port 49700-TCP', 'C:\\Windows\\System32\\lsass.exe-port 51559-TCP', 'C:\\Windows\\System32\\svchost.exe-PolicyAgent-port 49671-TCP', 'C:\\Windows\\System32\\svchost.exe-EventLog-port 49665-TCP'}",Production,NaN,1CTM,Application Server,Label 1CTM was predicted due to the presence of process names containing 1CTM,"Based on the process names provided in the inventory, multiple service executables contain the keyword '1CTM' such as 'TridionDiscoveryService1CTMStaging', 'TridionDiscoveryService1CTMActive', 'TridionSessionContentService1CTMStaging', etc. This pattern strongly suggests that the application label associated with this inventory is '1CTM'. The inclusion of '1CTM' in the process paths correlates directly to the application naming pattern seen in this network before.",Label Application Server was predicted due to the presence of process names related to application services indicating hosting duties.,"The processes indicate a variety of services that appear to be running different instances of application servers and middleware like Tridion which suggests a role related to application hosting. Given that middleware and application servers typically host processes and services for comprehensive server operations, it is logical to classify this machine's role as an 'Application Server'. There isn't a predefined role label from the provided options, but the nature of the processes supports this as an appropriate role."
arvww00a0424,"{'D:\\AutoSys 11.3\\SystemAgent\\autosys_dev\\cybAgent.exe-CA Workload Automation Agent (autosys_dev)-port 9490-TCP', 'C:\\Windows\\System32\\svchost.exe-port 5050-UDP', 'D:\\Program Files (x86)\\Sterling Commerce\\Connect Direct v6.2.0\\ibm_jre\\jre\\bin\\java.exe-port 1365-TCP', 'C:\\Program Files (x86)\\Tanium\\Tanium Client\\TaniumClient.exe-port 17472-TCP', 'C:\\Program Files (x86)\\CA\\SC\\Csam\\SockAdapter\\bin64\\CSAMPmux64.exe-CA-SAM-Pmux-port 7163-TCP', 'C:\\Windows\\System32\\inetsrv\\inetinfo.exe-IISADMIN-port 52069-TCP', 'C:\\Windows\\System32\\svchost.exe-TermService-port 3389-UDP', 'C:\\Windows\\System32\\lsass.exe-Netlogon-port 49670-TCP', 'System-WinRm-port 5985-TCP', 'C:\\Program Files\\avs\\bin\\avagent.exe-avbackup-port 28002-TCP', 'D:\\apps\\oracle\\product\\19.4.0\\client64_custom\\bin\\tnslsnr.exe-OracleOraClient19Home1TNSListener-port 1521-TCP', 'C:\\Windows\\System32\\wininit.exe-port 49664-TCP', 'C:\\Windows\\System32\\svchost.exe-SSDPSRV-port 1900-UDP', 'D:\\AutoSys 11.3\\SystemAgent\\autosys_prod\\cybAgent.exe-CA Workload Automation Agent (autosys_prod)-port 9495-TCP', 'C:\\Windows\\System32\\msdtc.exe-MSDTC-port 49702-TCP', 'C:\\Windows\\System32\\services.exe-port 49698-TCP', 'C:\\ProgramData\\Qualys\\SandboxRO\\agentid-service.exe-port 9293-TCP', 'D:\\Program Files (x86)\\Sterling Commerce\\Connect Direct v6.2.0\\Server\\CDNT.exe-Connect Direct v6.2.0-port 1363-TCP', 'C:\\Windows\\System32\\svchost.exe-Schedule-port 49668-TCP', 'C:\\Program Files (x86)\\BigFix Enterprise\\BES Client\\BESClient.exe-BESClient-port 52311-UDP', 'C:\\Windows\\System32\\svchost.exe-PolicyAgent-port 49701-TCP', 'System-SMB-port 445-TCP', 'System-port 81-TCP', 'D:\\apps\\oracle\\product\\19.4.0\\client64_custom\\bin\\omtsreco.exe-OracleOraClient19Home1MTSRecoveryService-port 2030-TCP', 'C:\\Windows\\System32\\svchost.exe-TermService-port 3389-TCP', 'C:\\Program Files\\Symantec\\Symantec Endpoint Protection\\14.3.11216.9000.105\\Bin64\\ccSvcHst.exe-SepMasterService-port 2969-UDP', 'C:\\Windows\\System32\\svchost.exe-SSDPSRV-port 59166-UDP', 'System-WinRm-port 47001-TCP', 'C:\\Windows\\System32\\svchost.exe-w32time-port 123-UDP', 'C:\\Windows\\System32\\lsass.exe-port 49715-TCP', 'C:\\Windows\\System32\\svchost.exe-RpcSs-port 135-TCP', 'System-port 2969-TCP', 'C:\\Windows\\System32\\svchost.exe-EventLog-port 49665-TCP', 'D:\\Program Files (x86)\\Sterling Commerce\\Connect Direct v6.2.0\\Server\\CDNT.exe-Connect Direct v6.2.0-port 1364-TCP'}",Production,NaN,1SCD2,Database,"Label 1SCD2 was predicted due to the presence of processes with value {'D:\\AutoSys 11.3\\SystemAgent\\autosys_dev\\cybAgent.exe-CA Workload Automation Agent (autosys_dev)-port 9490-TCP', 'D:\\AutoSys 11.3\\SystemAgent\\autosys_prod\\cybAgent.exe-CA Workload Automation Agent (autosys_prod)-port 9495-TCP'}.","The application label '1SCD2' was predicted based on the presence of the AutoSys SystemAgent processes for both development (autosys_dev) and production (autosys_prod) environments. These processes are indicative of workload automation, which is a function of AutoSys, often associated with jobs and workflows labeled under '1SCD2'.",Label Database was predicted due to the presence of processes with value 'tnslsnr.exe-OracleOraClient19Home1TNSListener'.,"The role 'Database' was predicted because the process 'tnslsnr.exe' (OracleOraClient19Home1TNSListener) is a TNS (Transparent Network Substrate) listener associated with Oracle databases, making it clear that this machine is fulfilling a database role through Oracle services."
arvww00a0437,"{'C:\\Windows\\System32\\lsass.exe-Netlogon-port 49673-TCP', 'D:\\apps\\Tridion\\Services\\1CTM_49502_DIS_STG\\bin\\procrun.exe-TridionDiscoveryService1CTMStaging-port 49502-TCP', 'D:\\AutoSys 11.3\\SystemAgent\\autosys_dev\\cybAgent.exe-CA Workload Automation Agent (autosys_dev)-port 9490-TCP', 'C:\\Windows\\System32\\svchost.exe-port 5050-UDP', 'D:\\apps\\Tridion\\Services\\1CTM_49500_DIS_ACT\\bin\\procrun.exe-TridionDiscoveryService1CTMActive-port 49500-TCP', 'C:\\Program Files (x86)\\Tanium\\Tanium Client\\TaniumClient.exe-port 17472-TCP', 'C:\\Program Files (x86)\\CA\\SC\\Csam\\SockAdapter\\bin64\\CSAMPmux64.exe-CA-SAM-Pmux-port 7163-TCP', 'System-port 48700-TCP', 'C:\\Windows\\System32\\svchost.exe-TermService-port 3389-UDP', 'C:\\Windows\\System32\\inetsrv\\inetinfo.exe-IISADMIN-port 54350-TCP', 'System-WinRm-port 5985-TCP', 'System-port 48701-TCP', 'C:\\Program Files\\avs\\bin\\avagent.exe-avbackup-port 28002-TCP', 'D:\\apps\\Tridion\\Services\\1CTM_49602_CON_STG\\bin\\procrun.exe-TridionSessionContentService1CTMStaging-port 49602-TCP', 'D:\\apps\\oracle\\product\\19.4.0\\client64_custom\\bin\\tnslsnr.exe-OracleOraClient19Home1TNSListener-port 1521-TCP', 'C:\\Windows\\System32\\services.exe-port 62498-TCP', 'D:\\apps\\Tridion\\Services\\1CTM_49702_CTX_STG\\bin\\procrun.exe-TridionContextService1CTMStaging-port 49702-TCP', 'C:\\Windows\\System32\\wininit.exe-port 49664-TCP', 'C:\\Windows\\System32\\svchost.exe-SSDPSRV-port 1900-UDP', 'D:\\AutoSys 11.3\\SystemAgent\\autosys_prod\\cybAgent.exe-CA Workload Automation Agent (autosys_prod)-port 9495-TCP', 'C:\\ProgramData\\Qualys\\SandboxRO\\agentid-service.exe-port 9293-TCP', 'C:\\Windows\\System32\\svchost.exe-Schedule-port 49669-TCP', 'C:\\Program Files (x86)\\BigFix Enterprise\\BES Client\\BESClient.exe-BESClient-port 52311-UDP', 'System-SMB-port 445-TCP', 'D:\\apps\\Tridion\\Services\\1CTM_49600_CON_ACT\\bin\\procrun.exe-TridionContentService1CTMActive-port 49600-TCP', 'D:\\apps\\oracle\\product\\19.4.0\\client64_custom\\bin\\omtsreco.exe-OracleOraClient19Home1MTSRecoveryService-port 2030-TCP', 'C:\\Windows\\System32\\svchost.exe-TermService-port 3389-TCP', 'C:\\Program Files\\Symantec\\Symantec Endpoint Protection\\14.3.11216.9000.105\\Bin64\\ccSvcHst.exe-SepMasterService-port 2969-UDP', 'System-WinRm-port 47001-TCP', 'C:\\Windows\\System32\\lsass.exe-port 49674-TCP', 'C:\\Windows\\System32\\svchost.exe-w32time-port 123-UDP', 'C:\\Windows\\System32\\svchost.exe-RpcSs-port 135-TCP', 'C:\\Windows\\System32\\svchost.exe-SSDPSRV-port 60977-UDP', 'System-port 2969-TCP', 'D:\\apps\\Tridion\\Services\\1CTM_49700_CTX_ACT\\bin\\procrun.exe-TridionContextService1CTMActive-port 49700-TCP', 'C:\\Windows\\System32\\svchost.exe-PolicyAgent-port 49671-TCP', 'C:\\Windows\\System32\\svchost.exe-EventLog-port 49665-TCP'}",Production,NaN,1CTM,,Label 1CTM was predicted due to the presence of process name with value 'Tridion' in the format indicating 1CTM services.,"The application label '1CTM' was chosen based on the presence of numerous 'Tridion' related processes running on the machine. These processes include 'TridionDiscoveryService1CTMStaging', 'TridionSessionContentService1CTMStaging', 'TridionContentService1CTMActive', and others, which are distinct and named in a way that suggests they are part of an application or system associated with '1CTM'. The naming convention of these processes, alongside the fact that '1CTM' is a known label in this network, makes me confident in predicting 1CTM as the application label.",Role not predicted as there was no specific role indicator found.,"The role label could not be confidently predicted as there is no distinct or conventional role indicator from the provided process names or known naming patterns that typically indicate a specific role. Without a reference for role labels in this context, it's not possible to confidently assign a role to this machine."
cpvrw00a0124,"{'/apps/mwauto/java/jdk1.8.0_471/bin/java-port 38443-TCP', '/usr/lib/systemd/systemd-port 111-UDP', '/opt/Tanium/TaniumClient/TaniumClient-port 17472-TCP', '/opt/boksm/lib/boks_bridge-port 6503-TCP', '/usr/openv/netbackup/bin/bpcd-port 13782-TCP', '/apps/mwauto/java/jdk-11.0.29/bin/java-port 55443-TCP', '/usr/lib/systemd/systemd-port 111-TCP', '/usr/local/avamar/bin/avagent.bin-port 28002-TCP', '/opt/boksm/lib/boks_sshd-port 22-TCP', '/usr/openv/netbackup/bin/vnetd-port 13724-TCP', '/apps/mwauto/java/jdk-11.0.29/bin/java-port 55080-TCP', '/apps/mwauto/java/jdk-11.0.29/bin/java-port 50080-TCP', '/opt/BESClient/bin/BESClient-port 52311-UDP', '/apps/mwauto/java/jdk1.8.0_471/bin/java-port 38080-TCP', '/opt/qosmon/qostool/prd-netprobe-22011/geneos-netprobe-6.5.0-230825-linux-x64/bin/netprobe.linux_64-port 22011-TCP', '/apps/mwauto/java/jdk-11.0.29/bin/java-port 56443-TCP', '/apps/mwauto/java/jdk-11.0.29/bin/java-port 50443-TCP', '/opt/VRTSpbx/bin/pbx_exchange-port 1556-TCP', '/apps/mwauto/java/jdk-11.0.29/bin/java-port 56080-TCP', '/usr/local/qualys/cloud-agent/bin/agentid-service-port 9293-TCP'}",Production,NaN,ICMP,Application Server,Label ICMP was predicted due to the presence of process with value '/apps/mwauto/java/jdk1.8.0_471/bin/java-port 38443-TCP'.,"The presence of Java processes on ports typically associated with application servers, like 38443-TCP, along with other high TCP ports for Java, suggests integration with a network monitoring or analysis tool, which aligns with ICMP as known to be protocol-based or related to network diagnostics. While ICMP typically refers to a protocol, here it can indicate the use of a diagnostic or monitoring tool that works at an application layer. Additionally, coupling with processes like '/opt/qosmon/qostool/prd-netprobe-22011/geneos-netprobe-6.5.0-230825-linux-x64/bin/netprobe.linux_64-port 22011-TCP' further supports a network or protocol-centric application label.",Label Application Server was predicted due to the presence of process with value '/apps/mwauto/java/jdk-11.0.29/bin/java-port 55443-TCP'.,"The server hosts Java processes listening on various high ports, including numbers traditionally used in secured web traffic and application servers (e.g., 55443-TCP and 50443-TCP). Such configurations are commonly found in environments where Java application servers are running, supporting an Application Server role prediction."
cpvrw00a0126,"{'/apps/mwauto/java/jdk-11.0.29/bin/java-port 56443-TCP', '/opt/boksm/lib/boks_bridge-port 6503-TCP', '/apps/mwauto/java/jdk-11.0.29/bin/java-port 50443-TCP', '/apps/mwauto/java/jdk-11.0.29/bin/java-port 55080-TCP', '/usr/openv/netbackup/bin/vnetd-port 13724-TCP', '/apps/mwauto/java/jdk-11.0.29/bin/java-port 50080-TCP', '/opt/VRTSpbx/bin/pbx_exchange-port 1556-TCP', '/opt/BESClient/bin/BESClient-port 52311-UDP', '/usr/openv/netbackup/bin/bpcd-port 13782-TCP', '/apps/mwauto/java/jdk-11.0.29/bin/java-port 55443-TCP', '/usr/lib/systemd/systemd-port 111-UDP', '/apps/mwauto/java/jdk-11.0.29/bin/java-port 56080-TCP', '/opt/Tanium/TaniumClient/TaniumClient-port 17472-TCP', '/usr/local/qualys/cloud-agent/bin/agentid-service-port 9293-TCP', '/opt/qosmon/qostool/prd-netprobe-22011/geneos-netprobe-6.5.0-230825-linux-x64/bin/netprobe.linux_64-port 22011-TCP', '/usr/lib/systemd/systemd-port 111-TCP', '/usr/local/avamar/bin/avagent.bin-port 28002-TCP', '/opt/boksm/lib/boks_sshd-port 22-TCP'}",Production,NaN,MULE,Application Server,Label MULE was predicted due to the presence of processes with specific Java applications and port interactions suggesting custom middleware related tasks.,"Based on the processes listed for the resource with hostname 'cpvrw00a0126', there are multiple instances of Java processes indicated by the entries '/apps/mwauto/java' and specialization towards Java-based applications on non-standard ports like 56443-TCP, 50443-TCP, etc. This often suggests the presence of middleware or specialized application servers. Given the labels previously seen on the network and the likelihood of Java middleware or similar infrastructure, the application label 'MULE' aligns with this setup as it could represent a business process management or integration application such as MuleSoft, which fits the observed activity.",Label Application Server was predicted due to the presence of multiple Java processes indicating application hosting capabilities.,"The role of the resource in question was determined to be an 'Application Server' based on the significant presence of multiple Java processes running on a variety of different ports including 50443, 55080, etc. These patterns are consistent with environments that host and serve applications, typically seen with application server roles supporting middleware and business applications. Such environments usually engage with Java application servers which manage and run enterprise-level applications and services, hence the label 'Application Server' was deemed most appropriate."
lxvra93a0001,"{'/apps/pmg/8.5/base/java/jre/bin/java-port 38207-TCP', '/apps/pmg/8.5/base/java/jre/bin/java-port 4931-TCP', '/apps/pmg/8.5/base/java/jre/bin/java-port 43059-TCP', '/apps/pmg/8.5/base/java/jre/bin/java-port 5291-TCP', '/apps/pmg/8.5/base/java/jre/bin/java-port 11011-UDP', '/apps/pmg/8.5/base/java/jre/bin/java-port 38071-TCP', '/apps/pmg/8.5/base/java/jre/bin/java-port 9368-TCP', '/apps/pmg/8.5/base/java/jre/bin/java-port 11024-TCP', '/apps/pmg/8.5/base/java/jre/bin/java-port 9102-TCP', '/apps/pmg/8.5/base/java/jre/bin/java-port 4841-TCP', '/apps/pmg/8.5/base/java/jre/bin/java-port 9075-TCP', '/apps/pmg/8.5/base/java/jre/bin/java-port 4431-TCP', '/apps/pmg/8.5/base/java/jre/bin/java-port 32775-TCP', '/opt/boksm/lib/boks_sshd-port 22-TCP', '/apps/pmg/8.5/base/java/jre/bin/java-port 5241-TCP', '/apps/pmg/8.5/base/java/jre/bin/java-port 11007-UDP', '/apps/pmg/8.5/base/java/jre/bin/java-port 4801-TCP', '/apps/pmg/8.5/base/java/jre/bin/java-port 5991-TCP', '/apps/pmg/8.5/base/java/jre/bin/java-port 37145-TCP', '/apps/pmg/8.5/base/java/jre/bin/java-port 9115-TCP', '/apps/pmg/8.5/base/java/jre/bin/java-port 9361-TCP', '/apps/pmg/8.5/base/java/jre/bin/java-port 9355-TCP', '/apps/pmg/8.5/base/java/jre/bin/java-port 9045-TCP', '/apps/pmg/8.5/base/java/jre/bin/java-port 38719-TCP', '/apps/pmg/8.5/base/java/jre/bin/java-port 2809-TCP', '/apps/pmg/8.5/base/java/jre/bin/java-port 4201-TCP', '/apps/pmg/8.5/base/java/jre/bin/java-port 9051-TCP', '/apps/pmg/8.5/base/java/jre/bin/java-port 11038-TCP', '/apps/pmg/8.5/base/java/jre/bin/java-port 45359-TCP', '/apps/pmg/8.5/base/java/jre/bin/java-port 4231-TCP', '/apps/pmg/8.5/base/java/jre/bin/java-port 37539-TCP', '/apps/pmg/8.5/base/java/jre/bin/java-port 7272-TCP', '/apps/pmg/8.5/base/java/jre/bin/java-port 45357-TCP', '/apps/pmg/8.5/base/java/jre/bin/java-port 9057-TCP', '/apps/pmg/8.5/base/java/jre/bin/java-port 5901-TCP', '/apps/pmg/8.5/base/java/jre/bin/java-port 9067-TCP', '/apps/pmg/8.5/base/java/jre/bin/java-port 9114-TCP', '/apps/pmg/8.5/base/java/jre/bin/java-port 9354-TCP', '/apps/pmg/8.5/base/java/jre/bin/java-port 9061-TCP', '/apps/pmg/8.5/base/java/jre/bin/java-port 5841-TCP', '/apps/pmg/8.5/base/java/jre/bin/java-port 9056-TCP', '/apps/pmg/8.5/base/java/jre/bin/java-port 8878-TCP', '/apps/pmg/8.5/base/java/jre/bin/java-port 11036-TCP', '/apps/pmg/8.5/base/java/jre/bin/java-port 9113-TCP', '/apps/pmg/8.5/base/java/jre/bin/java-port 9062-TCP', '/apps/pmg/8.5/base/java/jre/bin/java-port 4441-TCP', '/apps/pmg/8.5/base/java/jre/bin/java-port 9073-TCP', '/apps/pmg/8.5/base/java/jre/bin/java-port 36585-TCP', '/apps/pmg/8.5/base/java/jre/bin/java-port 37193-TCP', '/apps/pmg/8.5/base/java/jre/bin/java-port 39739-TCP', '/apps/pmg/8.5/base/java/jre/bin/java-port 4991-TCP', '/opt/VRTSpbx/bin/pbx_exchange-port 1556-TCP', '/apps/pmg/8.5/base/java/jre/bin/java-port 5491-TCP', '/apps/pmg/8.5/base/java/jre/bin/java-port 11035-UDP', '/apps/pmg/8.5/base/java/jre/bin/java-port 9068-TCP', '/usr/local/qualys/cloud-agent/bin/agentid-service-port 9293-TCP', '/apps/pmg/8.5/base/java/jre/bin/java-port 5231-TCP', '/apps/pmg/8.5/base/java/jre/bin/java-port 9044-TCP', '/apps/pmg/8.5/base/java/jre/bin/java-port 5831-TCP', '/apps/pmg/8.5/base/java/jre/bin/java-port 4291-TCP', '/apps/pmg/8.5/base/java/jre/bin/java-port 5931-TCP', '/opt/qosmon/qostool/dev-netprobe-22211/geneos-netprobe-6.5.0-230825-linux-x64/bin/netprobe.linux_64-port 22211-TCP', '/apps/pmg/8.5/base/java/jre/bin/java-port 4241-TCP', '/usr/lib/systemd/systemd-port 111-UDP', '/apps/pmg/8.5/base/java/jre/bin/java-port 9900-TCP', '/apps/pmg/8.5/base/java/jre/bin/java-port 5401-TCP', '/opt/Tanium/TaniumClient/TaniumClient-port 17472-TCP', '/apps/pmg/8.5/base/java/jre/bin/java-port 9367-TCP', '/apps/pmg/8.5/base/java/jre/bin/java-port 11010-TCP', '/apps/pmg/8.5/base/java/jre/bin/java-port 11005-TCP', '/usr/openv/netbackup/bin/bpcd-port 13782-TCP', '/apps/pmg/8.5/base/java/jre/bin/java-port 9352-TCP', '/apps/pmg/8.5/base/java/jre/bin/java-port 38497-TCP', '/apps/pmg/8.5/base/java/jre/bin/java-port 11033-UDP', '/usr/local/avamar/bin/avagent.bin-port 28002-TCP', '/apps/pmg/8.5/base/java/jre/bin/java-port 4491-TCP', '/apps/pmg/8.5/base/java/jre/bin/java-port 9353-TCP', '/apps/pmg/8.5/base/java/jre/bin/java-port 4831-TCP', '/apps/pmg/8.5/base/java/jre/bin/java-port 9058-TCP', '/usr/sbin/chronyd-port 123-UDP', '/apps/pmg/8.5/base/java/jre/bin/java-port 11023-UDP', '/apps/pmg/8.5/base/java/jre/bin/java-port 42173-TCP', '/apps/pmg/8.5/base/java/jre/bin/java-port 5941-TCP', '/apps/pmg/8.5/base/java/jre/bin/java-port 43061-TCP', '/apps/pmg/8.5/base/java/jre/bin/java-port 5441-TCP', '/apps/pmg/8.5/base/java/jre/bin/java-port 4401-TCP', '/apps/pmg/8.5/base/java/jre/bin/java-port 11009-UDP', '/apps/pmg/8.5/base/java/jre/bin/java-port 7062-TCP', '/apps/pmg/8.5/base/java/jre/bin/java-port 9043-TCP', '/apps/pmg/8.5/base/java/jre/bin/java-port 5891-TCP', '/apps/pmg/8.5/base/java/jre/bin/java-port 11012-TCP', '/apps/pmg/8.5/base/java/jre/bin/java-port 11021-UDP', '/opt/boksm/lib/boks_bridge-port 6703-TCP', '/apps/pmg/8.5/base/java/jre/bin/java-port 37033-TCP', '/apps/pmg/8.5/base/java/jre/bin/java-port 9108-TCP', '/apps/pmg/8.5/base/java/jre/bin/java-port 5201-TCP', '/apps/pmg/8.5/base/java/jre/bin/java-port 9050-TCP', '/apps/pmg/8.5/base/java/jre/bin/java-port 9101-TCP', '/apps/pmg/8.5/base/java/jre/bin/java-port 4901-TCP', '/apps/pmg/8.5/base/java/jre/bin/java-port 38461-TCP', '/usr/sbin/chronyd-port 323-UDP', '/apps/pmg/8.5/base/java/jre/bin/java-port 11022-TCP', '/apps/pmg/8.5/base/java/jre/bin/java-port 9060-TCP', '/usr/lib/systemd/systemd-port 111-TCP', '/apps/pmg/8.5/base/java/jre/bin/java-port 4941-TCP', '/apps/pmg/8.5/base/java/jre/bin/java-port 43111-TCP', '/usr/openv/netbackup/bin/vnetd-port 13724-TCP', '/apps/pmg/8.5/base/java/jre/bin/java-port 9100-TCP', '/apps/pmg/8.5/base/java/jre/bin/java-port 11006-UDP', '/apps/pmg/8.5/base/java/jre/bin/java-port 11034-TCP', '/apps/pmg/8.5/base/java/jre/bin/java-port 5431-TCP', '/apps/pmg/8.5/base/java/jre/bin/java-port 9360-TCP', '/apps/pmg/8.5/base/java/jre/bin/java-port 11037-UDP', '/apps/pmg/8.5/base/java/jre/bin/java-port 11008-TCP', '/apps/pmg/8.5/base/java/jre/bin/java-port 5801-TCP', '/apps/pmg/8.5/base/java/jre/bin/java-port 9107-TCP', '/apps/pmg/8.5/base/java/jre/bin/java-port 9366-TCP', '/apps/pmg/8.5/base/java/jre/bin/java-port 9074-TCP', '/apps/pmg/8.5/base/java/jre/bin/java-port 4891-TCP'}",Development,NaN,1CMX,Application Server,Label 1CMX was predicted due to the presence of java processes with value '/apps/pmg/8.5/base/java/jre/bin/java'.,"The application label 1CMX is predicted based on presence of numerous Java processes originating from '/apps/pmg/8.5/base/java/jre/bin/java'. Other tasks showing integration services or application servers might run Java, suggesting a specific departmental or business unit application labeled as 1CMX. Since 1CMX is known in this network and the Java processes seem to align with a custom application nature, it fits the context well.",Label Application Server was predicted due to the presence of significant Java process with value '/apps/pmg/8.5/base/java/jre/bin/java'.,"Here, the role label prediction is Application Server because the vast presence of Java processes across many ports is indicative of an application server environment. Application servers frequently host a wide range of Java applications and communicate over multiple ports, which aligns well with the observed data. However, without historical roles for this network, the prediction lacks historical correlation confidence."
opicp-w-app-p13,"{'C:\\Windows\\System32\\svchost.exe-Schedule-port 59777-TCP', 'D:\\AutoSys 11.3\\SystemAgent\\autosys_dev\\cybAgent.exe-CA Workload Automation Agent (autosys_dev)-port 9490-TCP', 'C:\\Windows\\System32\\mqsvc.exe-MSMQ-port 2103-TCP', 'C:\\Windows\\System32\\lsass.exe-port 52827-TCP', 'C:\\Program Files (x86)\\Tanium\\Tanium Client\\TaniumClient.exe-port 17472-TCP', 'D:\\qosmon\\NetprobeNT-PRD-22011\\NetprobeNT-PRD-22011.exe-NetprobeNT-PRD-22011-port 22011-TCP', 'C:\\Program Files (x86)\\CA\\SC\\Csam\\SockAdapter\\bin\\CSAMPmux.exe-CA-SAM-Pmux-port 7163-TCP', 'C:\\Windows\\System32\\svchost.exe-TermService-port 3389-UDP', 'C:\\Windows\\System32\\mqsvc.exe-MSMQ-port 2105-TCP', 'System-WinRm-port 5985-TCP', 'C:\\Windows\\System32\\inetsrv\\inetinfo.exe-IISADMIN-port 56751-TCP', 'C:\\Windows\\System32\\mqsvc.exe-MSMQ-port 61060-TCP', 'C:\\Program Files\\avs\\bin\\avagent.exe-avbackup-port 28002-TCP', 'C:\\Windows\\System32\\wininit.exe-port 49664-TCP', 'D:\\AutoSys 11.3\\SystemAgent\\autosys_prod\\cybAgent.exe-CA Workload Automation Agent (autosys_prod)-port 9495-TCP', 'D:\\qosmon\\NetprobeNT-PRD-22014\\NetprobeNT-PRD-22014.exe-NetprobeNT-PRD-22014-port 22014-TCP', 'C:\\ProgramData\\Qualys\\SandboxRO\\agentid-service.exe-port 9293-TCP', 'C:\\Program Files (x86)\\BigFix Enterprise\\BES Client\\BESClient.exe-BESClient-port 52311-UDP', 'C:\\Windows\\System32\\svchost.exe-SessionEnv-port 59341-TCP', 'System-port 443-TCP', 'System-SMB-port 445-TCP', 'C:\\Windows\\System32\\svchost.exe-TermService-port 3389-TCP', 'C:\\Program Files\\Symantec\\Symantec Endpoint Protection\\14.3.11216.9000.105\\Bin64\\ccSvcHst.exe-SepMasterService-port 2969-UDP', 'System-port 80-TCP', 'C:\\Windows\\System32\\svchost.exe-Winmgmt-port 56830-TCP', 'System-WinRm-port 47001-TCP', 'C:\\Windows\\System32\\services.exe-port 61071-TCP', 'C:\\Windows\\System32\\svchost.exe-w32time-port 123-UDP', 'C:\\Windows\\System32\\lsass.exe-Netlogon-port 59343-TCP', 'System-port 2969-TCP', 'C:\\Windows\\System32\\svchost.exe-RpcSs-port 135-TCP', 'C:\\Windows\\System32\\mqsvc.exe-MSMQ-port 2107-TCP', 'C:\\Windows\\System32\\mqsvc.exe-MSMQ-port 1801-TCP', 'C:\\Windows\\System32\\svchost.exe-EventLog-port 49665-TCP'}",Production,NaN,OPICP,Messaging Server,Label OPICP was predicted due to the presence of hostname with value 'opicp-w-app-p13'.,The application label is predicted to be OPICP primarily due to the strong correlation between the hostname 'opicp-w-app-p13' and the known application labels for this network. The 'opicp' prefix in the hostname matches the known application label OPICP. This direct match gives strong confidence about the application label prediction.,Label Messaging Server was predicted due to the presence of process with value 'mqsvc.exe'.,"The role is predicted to be a Messaging Server based on the presence of multiple 'mqsvc.exe' processes, which are associated with Microsoft Message Queuing (MSMQ). MSMQ is a role typically associated with messaging services that handle queuing and delivery of messages. The presence of these processes on multiple ports suggests this machine is facilitating messaging operations, characteristic of a messaging server role."
opicp-w-app-p11,"{'D:\\AutoSys 11.3\\SystemAgent\\autosys_dev\\cybAgent.exe-CA Workload Automation Agent (autosys_dev)-port 9490-TCP', 'C:\\Windows\\System32\\mqsvc.exe-MSMQ-port 2103-TCP', 'C:\\Windows\\System32\\svchost.exe-Schedule-port 55648-TCP', 'C:\\Program Files (x86)\\Tanium\\Tanium Client\\TaniumClient.exe-port 17472-TCP', 'C:\\Program Files (x86)\\CA\\SC\\Csam\\SockAdapter\\bin64\\CSAMPmux64.exe-CA-SAM-Pmux-port 7163-TCP', 'D:\\qosmon\\NetprobeNT-PRD-22011\\NetprobeNT-PRD-22011.exe-NetprobeNT-PRD-22011-port 22011-TCP', 'C:\\Windows\\System32\\svchost.exe-TermService-port 3389-UDP', 'C:\\Windows\\System32\\mqsvc.exe-MSMQ-port 2105-TCP', 'System-WinRm-port 5985-TCP', 'C:\\Windows\\System32\\services.exe-port 56952-TCP', 'C:\\Windows\\System32\\lsass.exe-Netlogon-port 55534-TCP', 'C:\\Program Files\\avs\\bin\\avagent.exe-avbackup-port 28002-TCP', 'C:\\Windows\\System32\\wininit.exe-port 49664-TCP', 'D:\\AutoSys 11.3\\SystemAgent\\autosys_prod\\cybAgent.exe-CA Workload Automation Agent (autosys_prod)-port 9495-TCP', 'D:\\qosmon\\NetprobeNT-PRD-22014\\NetprobeNT-PRD-22014.exe-NetprobeNT-PRD-22014-port 22014-TCP', 'C:\\ProgramData\\Qualys\\SandboxRO\\agentid-service.exe-port 9293-TCP', 'C:\\Program Files (x86)\\BigFix Enterprise\\BES Client\\BESClient.exe-BESClient-port 52311-UDP', 'System-port 443-TCP', 'System-SMB-port 445-TCP', 'C:\\Windows\\System32\\svchost.exe-TermService-port 3389-TCP', 'C:\\Program Files\\Symantec\\Symantec Endpoint Protection\\14.3.11216.9000.105\\Bin64\\ccSvcHst.exe-SepMasterService-port 2969-UDP', 'System-port 80-TCP', 'C:\\Windows\\System32\\mqsvc.exe-MSMQ-port 56937-TCP', 'System-WinRm-port 47001-TCP', 'C:\\Windows\\System32\\lsass.exe-port 57076-TCP', 'C:\\Windows\\System32\\svchost.exe-w32time-port 123-UDP', 'C:\\Windows\\System32\\svchost.exe-RpcSs-port 135-TCP', 'System-port 2969-TCP', 'C:\\Windows\\System32\\svchost.exe-SessionEnv-port 55533-TCP', 'C:\\Windows\\System32\\mqsvc.exe-MSMQ-port 2107-TCP', 'C:\\Windows\\System32\\mqsvc.exe-MSMQ-port 1801-TCP', 'C:\\Windows\\System32\\svchost.exe-EventLog-port 49665-TCP'}",Production,NaN,OPICP,Application Server,Label OPICP was predicted due to the presence of hostname with value 'opicp-w-app-p11'.,"The detection of the application label 'OPICP' is strongly based on the hostname, 'opicp-w-app-p11'. This matches directly with a known application label in the network. Additionally, no significant indicators in the process list contradicted this assignment. Therefore, the confidence in this prediction is very high.",Label Application Server was predicted due to the presence of process with value 'cybAgent.exe-CA Workload Automation Agent'.,"The role of 'Application Server' is indicated by the presence of CA Workload Automation Agent processes ('cybAgent.exe') which are often associated with task scheduling or automation functionality typical of application servers. Numerous MSMQ processes, such as 'mqsvc.exe', also suggest a role focused on message queuing, which supports the application server functionality. This combination of indicators provides a moderate level of confidence in predicting the role as 'Application Server'."
auvra00a0305,"{'/usr/openv/netbackup/bin/vnetd-port 13724-TCP', '/opt/VRTSpbx/bin/pbx_exchange-port 1556-TCP', '/opt/CA/r12/SystemAgent/autosys_prod/cybAgent.bin-port 9495-TCP', '/opt/CA/r12/SystemAgent/autosys_dev/cybAgent.bin-port 9490-TCP', '/usr/sbin/chronyd-port 123-UDP', '/usr/openv/netbackup/bin/bpcd-port 13782-TCP', '/usr/sbin/chronyd-port 323-UDP', '/usr/lib/systemd/systemd-port 111-UDP', '/opt/boksm/lib/boks_bridge-port 6703-TCP', '/opt/Tanium/TaniumClient/TaniumClient-port 17472-TCP', '/usr/local/qualys/cloud-agent/bin/agentid-service-port 9293-TCP', '/usr/lib/systemd/systemd-port 111-TCP', '/usr/local/avamar/bin/avagent.bin-port 28002-TCP', '/opt/boksm/lib/boks_sshd-port 22-TCP'}",Production,NaN,1SCD2,Backup Server,Label 1SCD2 was predicted due to the presence of process with value '/opt/CA/r12/SystemAgent/autosys_dev/cybAgent.bin-port 9490-TCP'.,"The application label 1SCD2 was chosen because the processes running include '/opt/CA/r12/SystemAgent/autosys_dev/cybAgent.bin-port 9490-TCP' and '/opt/CA/r12/SystemAgent/autosys_prod/cybAgent.bin-port 9495-TCP'. These processes relate to the CA Workload Automation, which is often associated with label 1SCD2 in the given dataset. Previous examples like CUPWA91A1000 were labeled 1SCD2 when containing similar process names, suggesting a consistent pattern.",Label Backup Server was predicted due to the presence of process with value '/usr/openv/netbackup/bin/vnetd-port 13724-TCP'.,"The role label Backup Server was predicted because the processes include multiple instances related to Veritas NetBackup, such as '/usr/openv/netbackup/bin/vnetd-port 13724-TCP' and '/usr/openv/netbackup/bin/bpcd-port 13782-TCP'. These processes are indicative of backup activities and align with typical characteristics of a Backup Server."
advra00a0303,"{'/apps/mwauto/java/jdk1.8.0_471/bin/java-port 30920-UDP', '/opt/CA/r12/SystemAgent/autosys_prod/cybAgent.bin-port 9495-TCP', '/apps/mwauto/java/jdk1.8.0_471/bin/java-port 7001-TCP', '/usr/lib/systemd/systemd-port 111-UDP', '/opt/boksm/lib/boks_bridge-port 6703-TCP', '/opt/Tanium/TaniumClient/TaniumClient-port 17472-TCP', '/usr/openv/netbackup/bin/bpcd-port 13782-TCP', '/usr/sbin/chronyd-port 323-UDP', '/apps/mwauto/java/jdk1.8.0_471/bin/java-port 30720-UDP', '/usr/lib/systemd/systemd-port 111-TCP', '/usr/local/avamar/bin/avagent.bin-port 28002-TCP', '/apps/mwauto/java/jdk1.8.0_471/bin/java-port 30320-TCP', '/opt/boksm/lib/boks_sshd-port 22-TCP', '/apps/mwauto/java/jdk1.8.0_471/bin/java-port 30520-UDP', '/usr/openv/netbackup/bin/vnetd-port 13724-TCP', '/apps/mwauto/java/jdk1.8.0_471/bin/java-port 30920-TCP', '/apps/mwauto/java/jdk1.8.0_471/bin/java-port 7002-TCP', '/apps/mwauto/java/jdk1.8.0_471/bin/java-port 7574-TCP', '/opt/CA/r12/SystemAgent/autosys_dev/cybAgent.bin-port 9490-TCP', '/usr/sbin/chronyd-port 123-UDP', '/apps/mwauto/java/jdk1.8.0_471/bin/java-port 30820-TCP', '/apps/mwauto/java/jdk1.8.0_471/bin/java-port 30620-TCP', '/apps/mwauto/java/jdk1.8.0_471/bin/java-port 30620-UDP', '/apps/mwauto/java/jdk1.8.0_471/bin/java-port 30720-TCP', '/apps/mwauto/apache/2.4.65/bin/httpd-port 8002-TCP', '/apps/mwauto/java/jdk1.8.0_471/bin/java-port 6002-TCP', '/opt/VRTSpbx/bin/pbx_exchange-port 1556-TCP', '/apps/mwauto/java/jdk1.8.0_471/bin/java-port 30520-TCP', '/usr/local/qualys/cloud-agent/bin/agentid-service-port 9293-TCP', '/apps/mwauto/java/jdk1.8.0_471/bin/java-port 30820-UDP'}",Production,NaN,SSO,Web Server,Label SSO was predicted due to the presence of autosys_prod process with value '/opt/CA/r12/SystemAgent/autosys_prod/cybAgent.bin-port 9495-TCP'.,"The application label SSO was chosen based on the presence of the Autosys process '/opt/CA/r12/SystemAgent/autosys_prod/cybAgent.bin', which is often associated with workload automation and scheduling solutions. The support of network management processes similar to those included in SSO, like Tanium Client and various Java processes for automation, indicated an application environment suitable for SSO solutions.",Label Web Server was predicted due to the presence of httpd process with value '/apps/mwauto/apache/2.4.65/bin/httpd-port 8002-TCP'.,"The server role 'Web Server' was predicted due to the presence of the Apache HTTP server process at port 8002. Apache is a widely used web server application, and its presence usually signifies that the server is primarily configured to serve web pages or applications over HTTP."
asvra00a0304,"{'/apps/mwauto/java/jdk1.8.0_471/bin/java-port 30355-UDP', '/apps/mwauto/java/jdk1.8.0_471/bin/java-port 30455-UDP', '/apps/mwauto/java/jdk1.8.0_471/bin/java-port 30155-TCP', '/opt/CA/r12/SystemAgent/autosys_prod/cybAgent.bin-port 9495-TCP', '/apps/mwauto/java/jdk1.8.0_471/bin/java-port 30755-UDP', '/apps/mwauto/java/jdk1.8.0_471/bin/java-port 7001-TCP', '/apps/mwauto/java/jdk1.8.0_471/bin/java-port 31055-TCP', '/apps/mwauto/java/jdk1.8.0_471/bin/java-port 30555-TCP', '/usr/lib/systemd/systemd-port 111-UDP', '/opt/boksm/lib/boks_bridge-port 6703-TCP', '/opt/Tanium/TaniumClient/TaniumClient-port 17472-TCP', '/apps/mwauto/java/jdk1.8.0_471/bin/java-port 30156-TCP', '/apps/mwauto/java/jdk1.8.0_471/bin/java-port 30156-UDP', '/apps/mwauto/java/jdk1.8.0_471/bin/java-port 30555-UDP', '/apps/mwauto/java/jdk1.8.0_471/bin/java-port 7574-UDP', '/apps/mwauto/java/jdk1.8.0_471/bin/java-port 30855-TCP', '/apps/mwauto/java/jdk1.8.0_471/bin/java-port 30955-TCP', '/usr/openv/netbackup/bin/bpcd-port 13782-TCP', '/usr/sbin/chronyd-port 323-UDP', '/apps/mwauto/java/jdk1.8.0_471/bin/java-port 30755-TCP', '/usr/lib/systemd/systemd-port 111-TCP', '/usr/local/avamar/bin/avagent.bin-port 28002-TCP', '/opt/boksm/lib/boks_sshd-port 22-TCP', '/usr/openv/netbackup/bin/vnetd-port 13724-TCP', '/apps/mwauto/java/jdk1.8.0_471/bin/java-port 30855-UDP', '/apps/mwauto/java/jdk1.8.0_471/bin/java-port 30655-UDP', '/apps/mwauto/java/jdk1.8.0_471/bin/java-port 7002-TCP', '/apps/mwauto/java/jdk1.8.0_471/bin/java-port 7574-TCP', '/opt/CA/r12/SystemAgent/autosys_dev/cybAgent.bin-port 9490-TCP', '/usr/sbin/chronyd-port 123-UDP', '/apps/mwauto/java/jdk1.8.0_471/bin/java-port 30355-TCP', '/apps/mwauto/java/jdk1.8.0_471/bin/java-port 30455-TCP', '/apps/mwauto/apache/2.4.65/bin/httpd-port 8002-TCP', '/apps/mwauto/java/jdk1.8.0_471/bin/java-port 30155-UDP', '/opt/VRTSpbx/bin/pbx_exchange-port 1556-TCP', '/apps/mwauto/java/jdk1.8.0_471/bin/java-port 31055-UDP', '/usr/local/qualys/cloud-agent/bin/agentid-service-port 9293-TCP', '/apps/mwauto/java/jdk1.8.0_471/bin/java-port 30655-TCP', '/apps/mwauto/java/jdk1.8.0_471/bin/java-port 30955-UDP'}",Production,NaN,1SCD2,Application Server,Label 1SCD2 was predicted due to the presence of role with value 'autosys_prod'.,"The app label 1SCD2 was predicted because we have a process '/opt/CA/r12/SystemAgent/autosys_prod/cybAgent.bin-port 9495-TCP', indicating that this resource is dealing with an instance of AutoSys in a production environment. Previous data shows that the presence of AutoSys processes in similar environments correlates with the application label 1SCD2. This indicates that the AutoSys application aligns with the application label prediction for 1SCD2.",Label Application Server was predicted due to the presence of processes with value 'java'.,"The role of Application Server was predicted because the processes list contains several JAVA-based processes like '/apps/mwauto/java/jdk1.8.0_471/bin/java-port 7001-TCP' and '/apps/mwauto/java/jdk1.8.0_471/bin/java-port 7002-TCP'. Such JAVA processes typically run on application servers, which serve applications to users and manage back-end operations. Therefore, the presence of these processes strongly suggests that this machine is functioning as an Application Server."
apvra00a0302,"{'/apps/mwauto/java/jdk1.8.0_471/bin/java-port 30901-UDP', '/apps/mwauto/java/jdk1.8.0_471/bin/java-port 30601-TCP', '/apps/mwauto/java/jdk1.8.0_471/bin/java-port 30103-UDP', '/apps/mwauto/java/jdk1.8.0_471/bin/java-port 30102-TCP', '/opt/CA/r12/SystemAgent/autosys_prod/cybAgent.bin-port 9495-TCP', '/apps/mwauto/java/jdk1.8.0_471/bin/java-port 30801-UDP', '/apps/mwauto/java/jdk1.8.0_471/bin/java-port 7001-TCP', '/apps/mwauto/java/jdk1.8.0_471/bin/java-port 30103-TCP', '/apps/mwauto/java/jdk1.8.0_471/bin/java-port 30501-TCP', '/apps/mwauto/java/jdk1.8.0_471/bin/java-port 30102-UDP', '/usr/lib/systemd/systemd-port 111-UDP', '/opt/Tanium/TaniumClient/TaniumClient-port 17472-TCP', '/apps/mwauto/java/jdk1.8.0_471/bin/java-port 30701-TCP', '/apps/mwauto/java/jdk1.8.0_471/bin/java-port 30601-UDP', '/opt/boksm/lib/boks_bridge-port 6503-TCP', '/apps/mwauto/java/jdk1.8.0_471/bin/java-port 30101-TCP', '/apps/mwauto/java/jdk1.8.0_471/bin/java-port 30104-UDP', '/apps/mwauto/java/jdk1.8.0_471/bin/java-port 31001-TCP', '/apps/mwauto/java/jdk1.8.0_471/bin/java-port 30401-UDP', '/usr/sbin/chronyd-port 323-UDP', '/apps/mwauto/java/jdk1.8.0_471/bin/java-port 30101-UDP', '/apps/mwauto/java/jdk1.8.0_471/bin/java-port 30401-TCP', '/apps/mwauto/java/jdk1.8.0_471/bin/java-port 30105-UDP', '/usr/local/avamar/bin/avagent.bin-port 28002-TCP', '/usr/lib/systemd/systemd-port 111-TCP', '/opt/boksm/lib/boks_sshd-port 22-TCP', '/apps/mwauto/java/jdk1.8.0_471/bin/java-port 7002-TCP', '/apps/mwauto/java/jdk1.8.0_471/bin/java-port 7574-TCP', '/opt/CA/r12/SystemAgent/autosys_dev/cybAgent.bin-port 9490-TCP', '/usr/sbin/chronyd-port 123-UDP', '/apps/mwauto/java/jdk1.8.0_471/bin/java-port 30901-TCP', '/apps/mwauto/java/jdk1.8.0_471/bin/java-port 30301-TCP', '/apps/mwauto/apache/2.4.65/bin/httpd-port 8002-TCP', '/apps/mwauto/java/jdk1.8.0_471/bin/java-port 30501-UDP', '/apps/mwauto/java/jdk1.8.0_471/bin/java-port 31001-UDP', '/apps/mwauto/java/jdk1.8.0_471/bin/java-port 30301-UDP', '/opt/VRTSpbx/bin/pbx_exchange-port 1556-TCP', '/apps/mwauto/java/jdk1.8.0_471/bin/java-port 30801-TCP', '/usr/local/qualys/cloud-agent/bin/agentid-service-port 9293-TCP', '/apps/mwauto/java/jdk1.8.0_471/bin/java-port 30701-UDP'}",Production,NaN,1SCD2,Web server,Label 1SCD2 was predicted due to the presence of process name with value '/opt/CA/r12/SystemAgent/autosys_prod/cybAgent.bin'.,"The application label 1SCD2 was predicted based on the presence of the '/opt/CA/r12/SystemAgent/autosys_prod/cybAgent.bin' process which denotes the running of an Autosys workload automation agent. This matches with the known application label 1SCD2 from the network's history, given that such integrations often use Autosys for automation, suggesting a link.",Label Web server was predicted due to the presence of process name with value '/apps/mwauto/apache/2.4.65/bin/httpd'.,"The role of this machine is predicted to be 'Web server' due to the presence of the Apache HTTP Server process '/apps/mwauto/apache/2.4.65/bin/httpd', which is typically used for hosting websites and web applications."
acvra00a0410,"{'/apps/mwauto/java/jdk1.8.0_471/jre/bin/java-port 8009-TCP', '/apps/mwauto/java/jdk1.8.0_471/jre/bin/java-port 44083-TCP', '/opt/CA/r12/SystemAgent/autosys_prod/cybAgent.bin-port 9495-TCP', '/usr/lib/systemd/systemd-port 111-UDP', '/opt/boksm/lib/boks_bridge-port 6703-TCP', '/opt/Tanium/TaniumClient/TaniumClient-port 17472-TCP', '/apps/mwauto/java/jdk1.8.0_471/jre/bin/java-port 33575-TCP', '/usr/openv/netbackup/bin/bpcd-port 13782-TCP', '/usr/sbin/chronyd-port 323-UDP', '/usr/lib/systemd/systemd-port 111-TCP', '/usr/local/avamar/bin/avagent.bin-port 28002-TCP', '/opt/boksm/lib/boks_sshd-port 22-TCP', '/apps/mwauto/java/jdk1.8.0_471/jre/bin/java-port 1210-TCP', '/usr/sbin/rpc.statd-port 46261-TCP', '/usr/openv/netbackup/bin/vnetd-port 13724-TCP', '/usr/sbin/rpc.statd-port 43061-UDP', '/opt/CA/r12/SystemAgent/autosys_dev/cybAgent.bin-port 9490-TCP', '/usr/sbin/chronyd-port 123-UDP', '/opt/VRTSpbx/bin/pbx_exchange-port 1556-TCP', '/apps/mwauto/java/jdk1.8.0_471/jre/bin/java-port 8109-TCP', '/apps/mwauto/java/jdk1.8.0_471/jre/bin/java-port 45387-TCP', '/usr/local/qualys/cloud-agent/bin/agentid-service-port 9293-TCP', '/apps/mwauto/java/jdk1.8.0_471/jre/bin/java-port 36891-TCP'}",Production,NaN,1SCD2,Job Scheduler,Label 1SCD2 was predicted due to the presence of process with value '/opt/CA/r12/SystemAgent/autosys_prod/cybAgent.bin'.,"The application label '1SCD2' was chosen because the process '/opt/CA/r12/SystemAgent/autosys_prod/cybAgent.bin' strongly indicates the presence of a Controlled Distribution (CA) Autosys environment, which aligns with the known application label '1SCD2' previously encountered in this network.",Label Job Scheduler was predicted due to the presence of process with value '/opt/CA/r12/SystemAgent/autosys_dev/cybAgent.bin'.,"The role of 'Job Scheduler' is inferred on this resource because of the presence of processes such as 'cybAgent.bin' from CA Autosys, which are typically associated with task scheduling and automation environments. Autosys agents like this are usually responsible for managing and executing scheduled tasks in IT environments."
advra00a0410,"{'/usr/sbin/rpc.statd-port 35841-TCP', '/usr/openv/netbackup/bin/vnetd-port 13724-TCP', '/opt/VRTSpbx/bin/pbx_exchange-port 1556-TCP', '/opt/CA/r12/SystemAgent/autosys_prod/cybAgent.bin-port 9495-TCP', '/opt/CA/r12/SystemAgent/autosys_dev/cybAgent.bin-port 9490-TCP', '/usr/sbin/chronyd-port 123-UDP', '/usr/openv/netbackup/bin/bpcd-port 13782-TCP', '/usr/sbin/chronyd-port 323-UDP', '/usr/lib/systemd/systemd-port 111-UDP', '/opt/boksm/lib/boks_bridge-port 6703-TCP', '/opt/Tanium/TaniumClient/TaniumClient-port 17472-TCP', '/usr/local/qualys/cloud-agent/bin/agentid-service-port 9293-TCP', '/usr/sbin/rpc.statd-port 35633-UDP', '/usr/lib/systemd/systemd-port 111-TCP', '/usr/local/avamar/bin/avagent.bin-port 28002-TCP', '/opt/boksm/lib/boks_sshd-port 22-TCP'}",Production,NaN,1SCD2,Backup Server,Label 1SCD2 was predicted due to the presence of process names with value '/opt/CA/r12/SystemAgent/autosys_dev/cybAgent.bin-port 9490-TCP'.,"Based on the provided process list, the presence of '/opt/CA/r12/SystemAgent/autosys_dev/cybAgent.bin-port 9490-TCP' suggests a correlation with the application label '1SCD2'. This is due to previous observations (examples) showing that such processes are associated with this application label. Hence, '1SCD2' is predicted as the application label.",Label Backup Server was predicted due to the presence of process with value '/usr/openv/netbackup/bin/vnetd-port 13724-TCP'.,"The prediction for the role of 'Backup Server' is based on the presence of NetBackup processes such as '/usr/openv/netbackup/bin/vnetd-port 13724-TCP'. These processes are commonly associated with backup operations and services, leading to the assumption that this machine serves a backup role."
cppra00a0335,"{'/apps/mwauto/java/jdk1.8.0_471/jre/bin/java-port 8009-TCP', '/usr/sbin/rpcbind-port 727-UDP', '/opt/CA/r12/SystemAgent/autosys_prod/cybAgent.bin-port 9495-TCP', '/usr/sbin/rpcbind-port 111-UDP', '/opt/Tanium/TaniumClient/TaniumClient-port 17472-TCP', '/opt/boksm/lib/boks_bridge-port 6503-TCP', '/usr/sbin/rpcbind-port 111-TCP', '/usr/sbin/in.vxrsyncd-port 8989-TCP', '/usr/openv/netbackup/bin/bpcd-port 13782-TCP', '/usr/sbin/rpc.statd-port 50126-UDP', '/apps/mwauto/java/jdk1.8.0_471/jre/bin/java-port 36531-TCP', '/usr/sbin/snmpd-port 161-UDP', '/usr/sbin/vradmind-port 8199-TCP', '/opt/boksm/lib/boks_sshd-port 22-TCP', '/usr/openv/netbackup/bin/vnetd-port 13724-TCP', '/apps/mwauto/java/jdk1.8.0_471/jre/bin/java-port 39120-TCP', '/opt/VRTSvcs/bin/had-port 14141-TCP', '/apps/mwauto/java/jdk1.8.0_471/jre/bin/java-port 39818-TCP', '/opt/CA/r12/SystemAgent/autosys_dev/cybAgent.bin-port 9490-TCP', '/apps/mwauto/java/jdk1.8.0_471/jre/bin/java-port 35237-TCP', '/opt/VRTSpbx/bin/pbx_exchange-port 1556-TCP', '/apps/mwauto/java/jdk1.8.0_471/jre/bin/java-port 8109-TCP', '/usr/local/qualys/cloud-agent/bin/agentid-service-port 9293-TCP', '/usr/sbin/rpc.statd-port 33931-TCP'}",Production,NaN,1SCD2,Web Server,Label 1SCD2 was predicted due to the presence of process service with value '/opt/CA/r12/SystemAgent/autosys_prod/cybAgent.bin-port 9495-TCP'.,"The application label '1SCD2' is associated with processes related to CA System Agent workloads, especially those using 'autosys_prod'. Given the presence of the process '/opt/CA/r12/SystemAgent/autosys_prod/cybAgent.bin-port 9495-TCP', which directly ties to such workload automation, it is a strong indicator of the 1SCD2 application label. This inference draws on similar known configurations which map AutoSys processes to the 1SCD2 label.",Label Web Server was predicted due to the presence of process service with value '/apps/mwauto/java/jdk1.8.0_471/jre/bin/java-port 8009-TCP'.,"The role 'Web Server' is inferred based on the presence of Java processes listening on typical web application server ports, such as 8009, 8109, and other associated ports. This pattern is common in configurations where Java applications are deployed as part of web services, suggesting a Web Server role."
arvra00a0999,"{'/opt/boksm/lib/boks_bridge-port 6503-TCP', '/usr/openv/netbackup/bin/vnetd-port 13724-TCP', '/opt/VRTSpbx/bin/pbx_exchange-port 1556-TCP', '/opt/CA/r12/SystemAgent/autosys_prod/cybAgent.bin-port 9495-TCP', '/usr/local/avamar/bin/avagent.bin-port 28002-TCP', '/usr/sbin/rpcbind-port 111-TCP', '/opt/CA/r12/SystemAgent/autosys_dev/cybAgent.bin-port 9490-TCP', '/usr/openv/netbackup/bin/bpcd-port 13782-TCP', '/usr/sbin/rpcbind-port 111-UDP', '/opt/Tanium/TaniumClient/TaniumClient-port 17472-TCP', '/usr/local/qualys/cloud-agent/bin/agentid-service-port 9293-TCP', '/usr/sbin/rpcbind-port 636-UDP', '/opt/boksm/lib/boks_sshd-port 22-TCP'}",Production,NaN,1SCD2,Automation Agent,Label 1SCD2 was predicted due to the presence of process with value 'cybAgent.bin'.,"The presence of '/opt/CA/r12/SystemAgent/autosys_prod/cybAgent.bin-port 9495-TCP' is a strong signal towards the application '1SCD2'. This application label has been observed in association with similar system agent processes configured for specific automation purposes. Given the context of previous examples, the match to '1SCD2' can be confidently made, as this pattern fits the application label historical use case tied to 'autosys' related processes.",Label Automation Agent was predicted due to the presence of process with value 'cybAgent.bin'.,"The presence of 'cybAgent.bin' from '/opt/CA/r12/SystemAgent' directory with active ports such as 9495-TCP and 9490-TCP strongly implies an automation agent role. These ports and processes are typical of agent-type applications that manage job scheduling or workload automation, similar to AutoSys setups. This role prediction is made with confidence as 'cybAgent.bin' is clearly identifiable as an automation agent that runs scheduled jobs or similar tasks."
apvww00a0429,"{'D:\\AutoSys 11.3\\SystemAgent\\autosys_dev\\cybAgent.exe-CA Workload Automation Agent (autosys_dev)-port 9490-TCP', 'C:\\Windows\\System32\\svchost.exe-port 5050-UDP', 'C:\\Program Files (x86)\\Tanium\\Tanium Client\\TaniumClient.exe-port 17472-TCP', 'C:\\Program Files (x86)\\CA\\SC\\Csam\\SockAdapter\\bin64\\CSAMPmux64.exe-CA-SAM-Pmux-port 7163-TCP', 'D:\\apps\\Tridion\\Services\\1WFW_48506_DEP_STG_WP2\\bin\\procrun.exe-TridionDeployerWorkerService-1WFWStaging-WP2-port 9097-TCP', 'C:\\Windows\\System32\\svchost.exe-TermService-port 3389-UDP', 'D:\\apps\\Tridion\\Services\\1WFW_48506_DEP_STG_WP2\\bin\\procrun.exe-TridionDeployerWorkerService-1WFWStaging-WP2-port 57833-UDP', 'C:\\Windows\\System32\\lsass.exe-Netlogon-port 49670-TCP', 'System-WinRm-port 5985-TCP', 'D:\\apps\\Tridion\\Services\\1CTM_48502_DEP_STG\\bin\\procrun.exe-TridionDeployerService-1CTMStaging-port 57834-UDP', 'D:\\apps\\Tridion\\Services\\1CTM_48502_DEP_STG_WP1\\bin\\procrun.exe-TridionDeployerWorkerService-1CTMStaging-WP1-port 8095-TCP', 'D:\\apps\\Tridion\\Services\\1CTM_48502_DEP_STG\\bin\\procrun.exe-TridionDeployerService-1CTMStaging-port 48502-TCP', 'C:\\Program Files\\avs\\bin\\avagent.exe-avbackup-port 28002-TCP', 'D:\\apps\\oracle\\product\\19.4.0\\client64_custom\\bin\\tnslsnr.exe-OracleOraClient19Home1TNSListener-port 1521-TCP', 'C:\\Windows\\System32\\wininit.exe-port 49664-TCP', 'C:\\Windows\\System32\\svchost.exe-EventLog-port 49665-TCP', 'D:\\apps\\Tridion\\Services\\1CTM_48502_DEP_STG_WP2\\bin\\procrun.exe-TridionDeployerWorkerService-1CTMStaging-WP2-port 8097-TCP', 'D:\\apps\\Tridion\\Services\\1WFW_48506_DEP_STG_WP1\\bin\\procrun.exe-TridionDeployerWorkerService-1WFWStaging-WP1-port 57832-UDP', 'D:\\AutoSys 11.3\\SystemAgent\\autosys_prod\\cybAgent.exe-CA Workload Automation Agent (autosys_prod)-port 9495-TCP', 'D:\\apps\\Tridion\\Services\\1WFW_48506_DEP_STG\\bin\\procrun.exe-TridionDeployerService-1WFWStaging-port 48506-TCP', 'C:\\Windows\\System32\\services.exe-port 49700-TCP', 'C:\\ProgramData\\Qualys\\SandboxRO\\agentid-service.exe-port 9293-TCP', 'C:\\Windows\\System32\\svchost.exe-Schedule-port 49668-TCP', 'C:\\Program Files (x86)\\BigFix Enterprise\\BES Client\\BESClient.exe-BESClient-port 52311-UDP', 'D:\\apps\\Tridion\\Services\\1CTM_48502_DEP_STG_WP1\\bin\\procrun.exe-TridionDeployerWorkerService-1CTMStaging-WP1-port 57831-UDP', 'System-SMB-port 445-TCP', 'C:\\Windows\\System32\\lsass.exe-port 49706-TCP', 'D:\\apps\\oracle\\product\\19.4.0\\client64_custom\\bin\\omtsreco.exe-OracleOraClient19Home1MTSRecoveryService-port 2030-TCP', 'C:\\Windows\\System32\\svchost.exe-TermService-port 3389-TCP', 'D:\\apps\\Tridion\\Services\\1WFW_48506_DEP_STG\\bin\\procrun.exe-TridionDeployerService-1WFWStaging-port 54043-UDP', 'C:\\Program Files\\Symantec\\Symantec Endpoint Protection\\14.3.11216.9000.105\\Bin64\\ccSvcHst.exe-SepMasterService-port 2969-UDP', 'System-WinRm-port 47001-TCP', 'D:\\apps\\Tridion\\Services\\1WFW_48506_DEP_STG_WP1\\bin\\procrun.exe-TridionDeployerWorkerService-1WFWStaging-WP1-port 9095-TCP', 'C:\\Windows\\System32\\svchost.exe-w32time-port 123-UDP', 'C:\\Windows\\System32\\svchost.exe-RpcSs-port 135-TCP', 'System-port 2969-TCP', 'D:\\apps\\Tridion\\Services\\1CTM_48502_DEP_STG_WP2\\bin\\procrun.exe-TridionDeployerWorkerService-1CTMStaging-WP2-port 57837-UDP', 'C:\\Windows\\System32\\svchost.exe-PolicyAgent-port 49703-TCP'}",Production,NaN,1CTM,Web Server,Label 1CTM was predicted due to the presence of process name with value 'D:\\apps\\Tridion\\Services\\1CTM_48502_DEP_STG\\bin\\procrun.exe-TridionDeployerService-1CTMStaging'.,The application label '1CTM' was predicted due to the presence of processes associated with Tridion services pertaining to '1CTMStaging' in their paths. This suggests a custom application configuration that aligns with the known application labels for this network.,Label Web Server was predicted due to the presence of web service related processes with value 'D:\\apps\\Tridion\\Services\\1CTM_48502_DEP_STG\\bin\\procrun.exe-TridionDeployerService-1CTMStaging'.,"Based on the processes running, particularly those related to Tridion Deployer Services, it is inferred that the server is acting as a web server. This role involves hosting and managing web-based content and services, consistent with the processes found on the machine."
